target_id,prot_ps,prot_acf,prot_cs,e_prot_ps,E_prot_ps,e_prot_acf,E_prot_acf,e_prot_cs,E_prot_cs,sph_ps,sph_acf,sph_cs,h_ps,fa_prob_ps,hacf,gacf,hcs
891901,73.59809355566097,-1.0,74.01810128952411,0.7326993741647385,0.7475426229500499,-1.0,-1.0,2.8373886879173598,2.8373886879173598,782.552117729629,-1.0,783.1171386955034,0.12135383484642943,0.0,-1.0,-1.0,0.3672944511841724
