target_id,prot_ps,prot_acf,prot_cs,e_prot_ps,E_prot_ps,e_prot_acf,E_prot_acf,e_prot_cs,E_prot_cs,sph_ps,sph_acf,sph_cs,h_ps,fa_prob_ps,hacf,gacf,hcs
1164583,50.37838582722819,48.346252508461475,49.84527240872384,12.541860329107273,25.229317163446446,-1.0,-1.0,4.425389654169672,4.425389654169672,1650.42141500443,1656.5671632907886,1650.0672975019195,0.12436246554691295,0.0,0.28533339485066006,0.7618934817742407,0.9437504747939025
