target_id,prot_ps,prot_acf,prot_cs,e_prot_ps,E_prot_ps,e_prot_acf,E_prot_acf,e_prot_cs,E_prot_cs,sph_ps,sph_acf,sph_cs,h_ps,fa_prob_ps,hacf,gacf,hcs
1725330,25.189222071967382,25.216025548055768,25.468185803536322,2.244546827148522,2.725395793303573,-1.0,-1.0,1.8756208545521869,1.8756208545521869,1716.774440198904,1710.7716029841304,1702.0802048317664,0.10611717862434468,0.0,0.18712297375959377,0.6038676783198871,0.9443076460039801
