target_id,prot_ps,prot_acf,prot_cs,e_prot_ps,E_prot_ps,e_prot_acf,E_prot_acf,e_prot_cs,E_prot_cs,sph_ps,sph_acf,sph_cs,h_ps,fa_prob_ps,hacf,gacf,hcs
1873367,73.04853498557556,-1.0,73.80180259477346,2.8164524842111973,3.0492330543464874,-1.0,-1.0,4.384018577086917,4.384018577086917,681.8285251250734,-1.0,682.3492412039687,0.20243077354452704,0.0,-1.0,-1.0,0.383116991141708
