target_id,prot_ps,prot_acf,prot_cs,e_prot_ps,E_prot_ps,e_prot_acf,E_prot_acf,e_prot_cs,E_prot_cs,sph_ps,sph_acf,sph_cs,h_ps,fa_prob_ps,hacf,gacf,hcs
1865663,31.760309118631163,31.325013710651547,31.761685670346594,2.493838115925996,2.9639558541318998,-1.0,-1.0,0.4435060567088839,0.4435060567088839,2718.6568858632145,2703.758332865976,2718.6568858632145,0.2183602392186748,0.0,0.3685439545656795,0.9574755486757904,0.9568437917369956
