target_id,prot_ps,prot_acf,prot_cs,e_prot_ps,E_prot_ps,e_prot_acf,E_prot_acf,e_prot_cs,E_prot_cs,sph_ps,sph_acf,sph_cs,h_ps,fa_prob_ps,hacf,gacf,hcs
2012265,91.31057178456516,-1.0,90.3849203164503,4.071869262062364,4.474970680881043,-1.0,-1.0,6.0593371872943775,6.0593371872943775,1681.59889762249,-1.0,1673.7633290025897,0.06442545217817283,0.0,-1.0,-1.0,0.2326716837247949
