target_id,prot_ps,prot_acf,prot_cs,e_prot_ps,E_prot_ps,e_prot_acf,E_prot_acf,e_prot_cs,E_prot_cs,sph_ps,sph_acf,sph_cs,h_ps,fa_prob_ps,hacf,gacf,hcs
2019658,73.0488106231145,-1.0,73.80208010114728,18.983195717302216,39.218033381891004,-1.0,-1.0,5.472986549411922,5.472986549411922,1469.2042809070106,-1.0,1470.8049682213984,0.1408469670328227,0.0,-1.0,-1.0,0.3802965536588468
