target_id,prot_ps,prot_acf,prot_cs,e_prot_ps,E_prot_ps,e_prot_acf,E_prot_acf,e_prot_cs,E_prot_cs,sph_ps,sph_acf,sph_cs,h_ps,fa_prob_ps,hacf,gacf,hcs
2164105,73.04850744221139,-1.0,91.48353856522598,22.87701239023204,60.21656926739722,-1.0,-1.0,5.205556430543352,5.205556430543352,868.6098968972726,-1.0,882.5134726092002,0.11316254612029697,0.0,-1.0,-1.0,0.5803748480496695
