target_id,prot_ps,prot_acf,prot_cs,e_prot_ps,E_prot_ps,e_prot_acf,E_prot_acf,e_prot_cs,E_prot_cs,sph_ps,sph_acf,sph_cs,h_ps,fa_prob_ps,hacf,gacf,hcs
2306825,91.3105852115631,-1.0,91.15622758763158,0.9002785606734989,0.918427302174976,-1.0,-1.0,4.845727515007469,4.845727515007469,1229.7055612197448,-1.0,1230.6721510459204,0.10910421112900874,0.0,-1.0,-1.0,0.45084902702273744
