target_id,prot_ps,prot_acf,prot_cs,e_prot_ps,E_prot_ps,e_prot_acf,E_prot_acf,e_prot_cs,E_prot_cs,sph_ps,sph_acf,sph_cs,h_ps,fa_prob_ps,hacf,gacf,hcs
2310259,31.08459025302641,33.32756245834753,91.17600754297092,1.5267132738880882,1.6911755162560596,-1.0,-1.0,4.766833808628653,4.766833808628653,1693.0506402076835,1757.2951152055725,1717.46955534624,0.057741459934904545,0.0,0.024016327639063095,0.38418310142060064,9.507070432508144
