target_id,prot_ps,prot_acf,prot_cs,e_prot_ps,E_prot_ps,e_prot_acf,E_prot_acf,e_prot_cs,E_prot_cs,sph_ps,sph_acf,sph_cs,h_ps,fa_prob_ps,hacf,gacf,hcs
2300631,56.191193587060305,56.84670416917652,5.441713079544717,16.21151157594052,38.33044442943058,-1.0,-1.0,0.5423032615584066,0.5423032615584066,1204.867562306075,1204.4783615394797,1104.498332625587,0.04565426421276974,0.0,0.17983241371188982,0.550043452915337,1.0096845514868868
