target_id,prot_ps,prot_acf,prot_cs,e_prot_ps,E_prot_ps,e_prot_acf,E_prot_acf,e_prot_cs,E_prot_cs,sph_ps,sph_acf,sph_cs,h_ps,fa_prob_ps,hacf,gacf,hcs
2301389,15.21845247085612,15.223152078688145,15.375383599475024,0.9847469781713354,1.129453349202894,-1.0,-1.0,0.7514439305578937,0.7514439305578937,1634.1013611328979,1634.7610074175295,1637.80125131114,0.05930506135341653,0.0,0.12326544603736052,0.4150431722310905,0.9716575132920968
