target_id,prot_ps,prot_acf,prot_cs,e_prot_ps,E_prot_ps,e_prot_acf,E_prot_acf,e_prot_cs,E_prot_cs,sph_ps,sph_acf,sph_cs,h_ps,fa_prob_ps,hacf,gacf,hcs
2301274,73.04939520203979,-1.0,91.52142574507043,28.359391706763567,131.4204590622294,-1.0,-1.0,4.873857214151002,4.873857214151002,1618.3960098067157,-1.0,1619.8842500209175,0.08837778830254056,0.0,-1.0,-1.0,0.8849888628911128
