target_id,prot_ps,prot_acf,prot_cs,e_prot_ps,E_prot_ps,e_prot_acf,E_prot_acf,e_prot_cs,E_prot_cs,sph_ps,sph_acf,sph_cs,h_ps,fa_prob_ps,hacf,gacf,hcs
2447049,60.87370708926543,-1.0,61.56334066648501,17.241574145618678,40.29676428690588,-1.0,-1.0,10.764419313946675,10.764419313946675,1013.7329048527499,-1.0,1011.9676420973101,0.09342582364110787,0.0,-1.0,-1.0,0.2551751467179603
