target_id,prot_ps,prot_acf,prot_cs,e_prot_ps,E_prot_ps,e_prot_acf,E_prot_acf,e_prot_cs,E_prot_cs,sph_ps,sph_acf,sph_cs,h_ps,fa_prob_ps,hacf,gacf,hcs
2425504,3.763749466983326,3.800661996938288,3.8048128770488567,0.03746799392540856,0.038227014727088005,-1.0,-1.0,0.08085811433617326,0.08085811433617326,6849.698531751961,6863.200510759647,6852.850963890183,0.355743292067939,0.0,0.7915472522551609,1.3074062015055312,0.05904483023106136
