target_id,prot_ps,prot_acf,prot_cs,e_prot_ps,E_prot_ps,e_prot_acf,E_prot_acf,e_prot_cs,E_prot_cs,sph_ps,sph_acf,sph_cs,h_ps,fa_prob_ps,hacf,gacf,hcs
2580654,91.31175318099201,-1.0,91.1434502343847,0.9019426363346241,0.9201418559180183,-1.0,-1.0,4.28381674641454,4.28381674641454,476.8472386261797,-1.0,477.05271399496905,0.11037162566743162,0.0,-1.0,-1.0,0.6318962965042808
