target_id,prot_ps,prot_acf,prot_cs,e_prot_ps,E_prot_ps,e_prot_acf,E_prot_acf,e_prot_cs,E_prot_cs,sph_ps,sph_acf,sph_cs,h_ps,fa_prob_ps,hacf,gacf,hcs
2572803,72.93543472683625,-1.0,73.6987364382902,3.4799766668631236,3.8430358094280166,-1.0,-1.0,4.043439536706891,4.043439536706891,1066.703262662387,-1.0,1064.8138988732205,0.13534484618201467,0.0,-1.0,-1.0,0.36854202410033265
