target_id,prot_ps,prot_acf,prot_cs,e_prot_ps,E_prot_ps,e_prot_acf,E_prot_acf,e_prot_cs,E_prot_cs,sph_ps,sph_acf,sph_cs,h_ps,fa_prob_ps,hacf,gacf,hcs
2692704,14.907875611651423,28.423319697845727,14.913069252460918,0.14836203024802153,0.15136705902303937,-1.0,-1.0,0.10643002380403999,0.10643002380403999,5657.92398437152,5904.064060385903,5658.85468542182,0.4420046690306401,0.0,-0.6108473093878479,0.015403522936178082,0.3208677527406125
