target_id,prot_ps,prot_acf,prot_cs,e_prot_ps,E_prot_ps,e_prot_acf,E_prot_acf,e_prot_cs,E_prot_cs,sph_ps,sph_acf,sph_cs,h_ps,fa_prob_ps,hacf,gacf,hcs
2695201,89.96469052909772,-1.0,98.99873334540055,24.35289454499808,53.73562808457163,-1.0,-1.0,13.048045896146604,13.048045896146604,1538.4437663048961,-1.0,1538.4437663048961,0.44563166971757906,0.0,-1.0,-1.0,0.40121344040817775
