target_id,prot_ps,prot_acf,prot_cs,e_prot_ps,E_prot_ps,e_prot_acf,E_prot_acf,e_prot_cs,E_prot_cs,sph_ps,sph_acf,sph_cs,h_ps,fa_prob_ps,hacf,gacf,hcs
2696497,95.3771213663256,-1.0,95.8360487051305,0.9435833888792047,0.9626380497027043,-1.0,-1.0,5.736522987459717,5.736522987459717,1422.1061231071935,-1.0,1423.1068255762739,0.06305879612944804,0.0,-1.0,-1.0,0.30119635792050636
