target_id,prot_ps,prot_acf,prot_cs,e_prot_ps,E_prot_ps,e_prot_acf,E_prot_acf,e_prot_cs,E_prot_cs,sph_ps,sph_acf,sph_cs,h_ps,fa_prob_ps,hacf,gacf,hcs
2719007,73.04850742463802,-1.0,90.38498004974798,20.083736879815902,45.16982634597534,-1.0,-1.0,21.63399499425881,21.63399499425881,962.2755829343496,-1.0,980.7937423931281,0.15969034860765294,0.0,-1.0,-1.0,0.6017958956363996
