target_id,prot_ps,prot_acf,prot_cs,e_prot_ps,E_prot_ps,e_prot_acf,E_prot_acf,e_prot_cs,E_prot_cs,sph_ps,sph_acf,sph_cs,h_ps,fa_prob_ps,hacf,gacf,hcs
2717854,3.661588960979983,3.8006815714761615,3.8386883871909228,0.161070086189115,0.1764375232833606,-1.0,-1.0,0.2774878825785034,0.2774878825785034,2215.3404908358325,2221.1807429111677,2203.3664335454705,0.07935965850300072,0.0,0.7199215960561369,0.9348367480293663,0.1404586948907951
