target_id,prot_ps,prot_acf,prot_cs,e_prot_ps,E_prot_ps,e_prot_acf,E_prot_acf,e_prot_cs,E_prot_cs,sph_ps,sph_acf,sph_cs,h_ps,fa_prob_ps,hacf,gacf,hcs
2720649,91.31067421911729,-1.0,91.11749444042347,1.3390883481869196,1.379945482801574,-1.0,-1.0,4.856049744873642,4.856049744873642,1257.7627693610593,-1.0,1258.5158248338964,0.10217807113773943,0.0,-1.0,-1.0,0.44961059394066566
