target_id,prot_ps,prot_acf,prot_cs,e_prot_ps,E_prot_ps,e_prot_acf,E_prot_acf,e_prot_cs,E_prot_cs,sph_ps,sph_acf,sph_cs,h_ps,fa_prob_ps,hacf,gacf,hcs
2858010,72.93559446902465,94.79236716544256,96.35943477439187,22.167301911569744,57.27384368482019,-1.0,-1.0,20.83698022659742,20.83698022659742,1632.7760288681727,1637.844475851124,1647.6158965012776,0.12772983709873617,0.0,0.6154348815490359,0.6740457145948657,0.7908355726003563
