target_id,prot_ps,prot_acf,prot_cs,e_prot_ps,E_prot_ps,e_prot_acf,E_prot_acf,e_prot_cs,E_prot_cs,sph_ps,sph_acf,sph_cs,h_ps,fa_prob_ps,hacf,gacf,hcs
2857138,72.9331384176999,-1.0,73.69884728563483,2.511088291679002,2.6947963566016853,-1.0,-1.0,4.079773621744694,4.079773621744694,1386.0960886993992,-1.0,1382.1194245583902,0.13141214251688596,0.0,-1.0,-1.0,0.3680508561193083
