target_id,prot_ps,prot_acf,prot_cs,e_prot_ps,E_prot_ps,e_prot_acf,E_prot_acf,e_prot_cs,E_prot_cs,sph_ps,sph_acf,sph_cs,h_ps,fa_prob_ps,hacf,gacf,hcs
2858741,18.493278101472836,17.9203771087341,18.390059986746476,0.4454551148670518,0.4682379644000747,-1.0,-1.0,0.28711888124956036,0.28711888124956036,4597.02480639526,4660.365401195712,4588.412294096769,0.14361965426998144,0.0,0.26501819558658873,0.5930663547836587,0.9066687837057891
