target_id,prot_ps,prot_acf,prot_cs,e_prot_ps,E_prot_ps,e_prot_acf,E_prot_acf,e_prot_cs,E_prot_cs,sph_ps,sph_acf,sph_cs,h_ps,fa_prob_ps,hacf,gacf,hcs
2855791,73.04846817327547,-1.0,91.4120743053402,13.727999858141985,21.863403724149165,-1.0,-1.0,4.2554740798854045,4.2554740798854045,585.0733138795144,-1.0,582.4864299271944,0.10004429431872851,0.0,-1.0,-1.0,0.6119860364053284
