target_id,prot_ps,prot_acf,prot_cs,e_prot_ps,E_prot_ps,e_prot_acf,E_prot_acf,e_prot_cs,E_prot_cs,sph_ps,sph_acf,sph_cs,h_ps,fa_prob_ps,hacf,gacf,hcs
2848223,4.743417617762721,4.8019378166645765,4.643576037604361,0.16158721438905488,0.17327455249559343,-1.0,-1.0,0.40716448751823076,0.40716448751823076,3988.9705373804677,3949.07041455475,3950.874854628803,0.08831435561582597,0.0,0.7369901006251164,1.2830355217790677,0.3632545377276693
