target_id,prot_ps,prot_acf,prot_cs,e_prot_ps,E_prot_ps,e_prot_acf,E_prot_acf,e_prot_cs,E_prot_cs,sph_ps,sph_acf,sph_cs,h_ps,fa_prob_ps,hacf,gacf,hcs
2993312,73.04854782999897,-1.0,91.46391170101622,23.69580786540265,68.7345931170754,-1.0,-1.0,4.742340734722767,4.742340734722767,972.4650520483328,-1.0,990.6213784775982,0.13285294244760992,0.0,-1.0,-1.0,0.641653472405212
