target_id,prot_ps,prot_acf,prot_cs,e_prot_ps,E_prot_ps,e_prot_acf,E_prot_acf,e_prot_cs,E_prot_cs,sph_ps,sph_acf,sph_cs,h_ps,fa_prob_ps,hacf,gacf,hcs
2994572,91.31066090739186,-1.0,90.55703318440938,2.773163978719893,2.954413430900715,-1.0,-1.0,5.653063293743072,5.653063293743072,1148.6998365857485,-1.0,1152.5296128390428,0.11008023222557195,0.0,-1.0,-1.0,0.6988635648910214
