target_id,prot_ps,prot_acf,prot_cs,e_prot_ps,E_prot_ps,e_prot_acf,E_prot_acf,e_prot_cs,E_prot_cs,sph_ps,sph_acf,sph_cs,h_ps,fa_prob_ps,hacf,gacf,hcs
2996170,72.93429815671556,-1.0,73.1627160139363,25.79509198549996,90.32685564160566,-1.0,-1.0,2.7197609123188626,2.7197609123188626,1137.2950503231452,-1.0,1139.702560311284,0.08986045490933581,0.0,-1.0,-1.0,0.24775551759176448
