target_id,prot_ps,prot_acf,prot_cs,e_prot_ps,E_prot_ps,e_prot_acf,E_prot_acf,e_prot_cs,E_prot_cs,sph_ps,sph_acf,sph_cs,h_ps,fa_prob_ps,hacf,gacf,hcs
2982925,45.92229345503348,-1.0,81.8483055766952,0.6864007762854811,0.7073343877384701,-1.0,-1.0,10.623006484166623,10.623006484166623,1544.704222174854,-1.0,1526.5249494751806,0.11037220204314088,0.0,-1.0,-1.0,0.16145670200639625
