target_id,prot_ps,prot_acf,prot_cs,e_prot_ps,E_prot_ps,e_prot_acf,E_prot_acf,e_prot_cs,E_prot_cs,sph_ps,sph_acf,sph_cs,h_ps,fa_prob_ps,hacf,gacf,hcs
2973605,16.98496335973909,16.817004229407758,17.191555490067525,0.5099457593839176,0.5421761027274599,-1.0,-1.0,0.8313218862267574,0.8313218862267574,2466.3082214931333,2485.964321186934,2451.0554048393537,0.11844605762525823,0.0,0.2878658358711534,0.5670468528500037,0.8579458759136454
