target_id,prot_ps,prot_acf,prot_cs,e_prot_ps,E_prot_ps,e_prot_acf,E_prot_acf,e_prot_cs,E_prot_cs,sph_ps,sph_acf,sph_cs,h_ps,fa_prob_ps,hacf,gacf,hcs
2972706,2.637129155672172,2.7994216452352703,2.724225501772016,0.0574861119043919,0.060079222437308566,-1.0,-1.0,0.1500954589020917,0.1500954589020917,3828.5201281437858,3826.739821874695,3827.128604291079,0.08108598087073558,0.0,0.7636692944581978,1.229595659426887,0.04934233642085677
