target_id,prot_ps,prot_acf,prot_cs,e_prot_ps,E_prot_ps,e_prot_acf,E_prot_acf,e_prot_cs,E_prot_cs,sph_ps,sph_acf,sph_cs,h_ps,fa_prob_ps,hacf,gacf,hcs
2996143,15.985127006804243,16.02001692354679,16.026251607595654,0.2950591939178704,0.3062947175954811,-1.0,-1.0,0.17229099443323603,0.17229099443323603,6509.431268596276,6509.329381632699,6509.428926866323,0.27358679012443987,0.0,0.45307523052315113,0.9249419804619504,0.8847494421606149
