target_id,prot_ps,prot_acf,prot_cs,e_prot_ps,E_prot_ps,e_prot_acf,E_prot_acf,e_prot_cs,E_prot_cs,sph_ps,sph_acf,sph_cs,h_ps,fa_prob_ps,hacf,gacf,hcs
3121235,91.99734052219104,-1.0,92.28575507323649,0.9105794203590705,0.9289720391070375,-1.0,-1.0,3.7596308239273726,3.7596308239273726,390.7334032710899,-1.0,390.44265699622605,0.0956698418963345,0.0,-1.0,-1.0,0.7900248781441456
