target_id,prot_ps,prot_acf,prot_cs,e_prot_ps,E_prot_ps,e_prot_acf,E_prot_acf,e_prot_cs,E_prot_cs,sph_ps,sph_acf,sph_cs,h_ps,fa_prob_ps,hacf,gacf,hcs
3130345,8.644826723443376,17.30744620412588,17.264930986975706,0.08570835721110903,0.08744102997474457,-1.0,-1.0,1.525929789193124,1.525929789193124,3244.4039180583745,3471.4120633373127,3474.8854964308907,0.07042064639374267,0.0,0.17608503627420707,0.4548970912113992,0.6759079955332917
