target_id,prot_ps,prot_acf,prot_cs,e_prot_ps,E_prot_ps,e_prot_acf,E_prot_acf,e_prot_cs,E_prot_cs,sph_ps,sph_acf,sph_cs,h_ps,fa_prob_ps,hacf,gacf,hcs
3116383,7.232548932084045,56.4585155909881,32.050986413294446,0.08285790237344859,0.08478691593343513,-1.0,-1.0,4.418644533783781,4.418644533783781,820.7465209230073,881.6295806666378,877.077520249502,0.10014255882304898,0.0,-0.03560235969720001,0.19522358595873163,1.134941747926444
