target_id,prot_ps,prot_acf,prot_cs,e_prot_ps,E_prot_ps,e_prot_acf,E_prot_acf,e_prot_cs,E_prot_cs,sph_ps,sph_acf,sph_cs,h_ps,fa_prob_ps,hacf,gacf,hcs
3122597,73.5977681693402,-1.0,74.0496490655928,2.05711243546412,2.177627743759345,-1.0,-1.0,3.3231549984359563,3.3231549984359563,651.76477951269,-1.0,650.6842345761061,0.09274916837374826,0.0,-1.0,-1.0,0.22445884115741926
