target_id,prot_ps,prot_acf,prot_cs,e_prot_ps,E_prot_ps,e_prot_acf,E_prot_acf,e_prot_cs,E_prot_cs,sph_ps,sph_acf,sph_cs,h_ps,fa_prob_ps,hacf,gacf,hcs
3103260,20.577311104436994,20.127215774264187,20.411448844884468,1.26692663376528,1.4448622896091017,-1.0,-1.0,0.6309208134110141,0.6309208134110141,1298.7556622332263,1264.7550028512085,1302.7477846062422,0.1175737871848299,0.0,0.1628949822440348,0.599676567103811,0.8522308722174489
