target_id,prot_ps,prot_acf,prot_cs,e_prot_ps,E_prot_ps,e_prot_acf,E_prot_acf,e_prot_cs,E_prot_cs,sph_ps,sph_acf,sph_cs,h_ps,fa_prob_ps,hacf,gacf,hcs
3112129,73.04958299198178,-1.0,73.8017016833648,8.993527074471572,11.9705098613764,-1.0,-1.0,3.907499753960239,3.907499753960239,829.32427333994,-1.0,829.6987521887139,0.26020006787182914,0.0,-1.0,-1.0,0.659228565030486
