target_id,prot_ps,prot_acf,prot_cs,e_prot_ps,E_prot_ps,e_prot_acf,E_prot_acf,e_prot_cs,E_prot_cs,sph_ps,sph_acf,sph_cs,h_ps,fa_prob_ps,hacf,gacf,hcs
3217161,11.238372920928882,11.402011714875698,11.244850382094457,1.0300838212379144,1.2584747326117665,-1.0,-1.0,0.1973487035165424,0.1973487035165424,2145.0140944706645,2144.755397409049,2143.5714731820162,0.08928011865527197,0.0,0.3216219822125551,0.6311327017956618,0.77194326205819
