target_id,prot_ps,prot_acf,prot_cs,e_prot_ps,E_prot_ps,e_prot_acf,E_prot_acf,e_prot_cs,E_prot_cs,sph_ps,sph_acf,sph_cs,h_ps,fa_prob_ps,hacf,gacf,hcs
3247782,15.985371161210649,15.815666637383401,15.903383388343176,0.4953631462726982,0.5282895966638641,-1.0,-1.0,0.2540706800743518,0.2540706800743518,5729.714509832784,5720.15676755948,5732.891568082629,0.16161576684014117,0.0,0.5404681077367267,0.9915585947773049,0.9839792111088345
