target_id,prot_ps,prot_acf,prot_cs,e_prot_ps,E_prot_ps,e_prot_acf,E_prot_acf,e_prot_cs,E_prot_cs,sph_ps,sph_acf,sph_cs,h_ps,fa_prob_ps,hacf,gacf,hcs
3229487,91.31197103377905,-1.0,91.91298553794569,0.903378251956994,0.9216211373488647,-1.0,-1.0,4.2719495638073655,4.2719495638073655,1242.9883082362105,-1.0,1240.9457873633967,0.11261323958086815,0.0,-1.0,-1.0,0.36795529639274865
