target_id,prot_ps,prot_acf,prot_cs,e_prot_ps,E_prot_ps,e_prot_acf,E_prot_acf,e_prot_cs,E_prot_cs,sph_ps,sph_acf,sph_cs,h_ps,fa_prob_ps,hacf,gacf,hcs
3235322,91.31055438973819,-1.0,91.55585199257914,0.8936621310597559,0.9116101751421439,-1.0,-1.0,4.222806875918807,4.222806875918807,1325.489044096662,-1.0,1324.2704574518693,0.16669904150379758,0.0,-1.0,-1.0,0.5742641650051503
