target_id,prot_ps,prot_acf,prot_cs,e_prot_ps,E_prot_ps,e_prot_acf,E_prot_acf,e_prot_cs,E_prot_cs,sph_ps,sph_acf,sph_cs,h_ps,fa_prob_ps,hacf,gacf,hcs
3223536,73.04848192333789,-1.0,73.8017487753555,23.25544189747594,65.15583180966628,-1.0,-1.0,3.46980941993313,3.46980941993313,885.6153830620053,-1.0,885.9255840502376,0.14596684993355197,0.0,-1.0,-1.0,0.2680582423838621
