target_id,prot_ps,prot_acf,prot_cs,e_prot_ps,E_prot_ps,e_prot_acf,E_prot_acf,e_prot_cs,E_prot_cs,sph_ps,sph_acf,sph_cs,h_ps,fa_prob_ps,hacf,gacf,hcs
3241662,91.31088130615628,-1.0,91.22689429813423,3.345913773374363,3.6133721954219453,-1.0,-1.0,4.995732077412547,4.995732077412547,1093.2504595390285,-1.0,1093.6323786105295,0.12480885256181828,0.0,-1.0,-1.0,0.802484574676348
