target_id,prot_ps,prot_acf,prot_cs,e_prot_ps,E_prot_ps,e_prot_acf,E_prot_acf,e_prot_cs,E_prot_cs,sph_ps,sph_acf,sph_cs,h_ps,fa_prob_ps,hacf,gacf,hcs
3233725,20.577293623497837,20.821944277267903,20.774829297792454,1.1462445023674128,1.288341608837051,-1.0,-1.0,0.48236875643054333,0.48236875643054333,3354.859100313302,3368.838616769252,3372.089430347159,0.08375910623170638,0.0,0.2498766511598752,0.7071908143267605,0.970263386016262
