target_id,prot_ps,prot_acf,prot_cs,e_prot_ps,E_prot_ps,e_prot_acf,E_prot_acf,e_prot_cs,E_prot_cs,sph_ps,sph_acf,sph_cs,h_ps,fa_prob_ps,hacf,gacf,hcs
3323215,17.816925331094847,17.409516122192144,17.996372111663145,1.3097796674435784,1.5329032170131072,-1.0,-1.0,1.0521121835362979,1.0521121835362979,2853.218055854355,2873.067666262623,2865.728193472357,0.0981777896485815,0.0,0.2908841435968905,0.6440713094438544,0.9824597985657734
