target_id,prot_ps,prot_acf,prot_cs,e_prot_ps,E_prot_ps,e_prot_acf,E_prot_acf,e_prot_cs,E_prot_cs,sph_ps,sph_acf,sph_cs,h_ps,fa_prob_ps,hacf,gacf,hcs
3353050,73.59773553108539,-1.0,73.9450747619218,12.256558339776802,18.286225632140315,-1.0,-1.0,2.4397975165350942,2.4397975165350942,395.167216173074,-1.0,395.1703799023373,0.22347296582504908,0.0,-1.0,-1.0,0.4474034712398958
