target_id,prot_ps,prot_acf,prot_cs,e_prot_ps,E_prot_ps,e_prot_acf,E_prot_acf,e_prot_cs,E_prot_cs,sph_ps,sph_acf,sph_cs,h_ps,fa_prob_ps,hacf,gacf,hcs
3335194,12.815688761564097,12.70976962056011,12.810608178684866,0.2165133285221792,0.22407685991418091,-1.0,-1.0,0.07768777256216539,0.07768777256216539,7852.336069508009,7917.850942275448,7855.811100381238,0.3978975371626706,0.0,0.38981395206883135,0.9011465160450969,0.9705956240939004
