target_id,prot_ps,prot_acf,prot_cs,e_prot_ps,E_prot_ps,e_prot_acf,E_prot_acf,e_prot_cs,E_prot_cs,sph_ps,sph_acf,sph_cs,h_ps,fa_prob_ps,hacf,gacf,hcs
3354459,13.654107766645224,13.813176283612847,13.66669854150819,0.487706978954046,0.5250476514169691,-1.0,-1.0,0.11825449989991302,0.11825449989991302,2690.887032967728,2689.834220881404,2693.142954785956,0.16227394716912924,0.0,0.42077800328180637,0.7144518055386128,0.6783444532406614
