target_id,prot_ps,prot_acf,prot_cs,e_prot_ps,E_prot_ps,e_prot_acf,E_prot_acf,e_prot_cs,E_prot_cs,sph_ps,sph_acf,sph_cs,h_ps,fa_prob_ps,hacf,gacf,hcs
3329643,47.128037097117854,57.95005426183343,61.476183133481754,16.161586368547795,50.34763380171254,-1.0,-1.0,10.545116602125235,10.545116602125235,1361.0607952007688,1357.6540357258427,1334.1050895356693,0.09295021258643567,0.0,0.24863383733767697,0.5694595493362025,0.5364308562520945
