target_id,prot_ps,prot_acf,prot_cs,e_prot_ps,E_prot_ps,e_prot_acf,E_prot_acf,e_prot_cs,E_prot_cs,sph_ps,sph_acf,sph_cs,h_ps,fa_prob_ps,hacf,gacf,hcs
3340694,91.31175927461138,-1.0,91.58391385349219,0.9489713245942681,0.9690709665321151,-1.0,-1.0,4.405861960158119,4.405861960158119,1523.872030846154,-1.0,1522.6014527287437,0.1085863700885792,0.0,-1.0,-1.0,0.8177684188739881
