target_id,prot_ps,prot_acf,prot_cs,e_prot_ps,E_prot_ps,e_prot_acf,E_prot_acf,e_prot_cs,E_prot_cs,sph_ps,sph_acf,sph_cs,h_ps,fa_prob_ps,hacf,gacf,hcs
3342894,14.047962643856922,14.017523752525449,14.0523362288446,0.19016740009104716,0.19543842356576313,-1.0,-1.0,0.08499298946592526,0.08499298946592526,4262.6018019479025,4273.8221047675315,4261.949012005254,0.3362116678190047,0.0,0.4507101154547363,0.9127787994763605,0.7844740294939883
