target_id,prot_ps,prot_acf,prot_cs,e_prot_ps,E_prot_ps,e_prot_acf,E_prot_acf,e_prot_cs,E_prot_cs,sph_ps,sph_acf,sph_cs,h_ps,fa_prob_ps,hacf,gacf,hcs
3330620,7.812667550938381,7.907850979361683,7.838197751737313,0.10405991728292552,0.10688410366388368,-1.0,-1.0,0.07089791465314368,0.07089791465314368,5766.049259997783,5728.295452744193,5761.278556657001,0.20982566878926642,0.0,0.6595588426088392,1.211913507461873,0.8562774898276526
