target_id,prot_ps,prot_acf,prot_cs,e_prot_ps,E_prot_ps,e_prot_acf,E_prot_acf,e_prot_cs,E_prot_cs,sph_ps,sph_acf,sph_cs,h_ps,fa_prob_ps,hacf,gacf,hcs
3338822,8.4941217692957,8.602595812641084,8.498835272185893,0.2692629112871927,0.28729523378440014,-1.0,-1.0,0.1299628417430795,0.1299628417430795,3685.861065060481,3639.4333632919866,3687.283248225953,0.08206324238408662,0.0,0.5193390620050028,0.8404055227889045,0.951553372518096
