target_id,prot_ps,prot_acf,prot_cs,e_prot_ps,E_prot_ps,e_prot_acf,E_prot_acf,e_prot_cs,E_prot_cs,sph_ps,sph_acf,sph_cs,h_ps,fa_prob_ps,hacf,gacf,hcs
3446721,92.79012025906407,-1.0,92.70061655861686,0.9186933997536926,0.9372526505123204,-1.0,-1.0,4.226081843371121,4.226081843371121,1092.966126730529,-1.0,1092.8587470909608,0.17339314227333133,0.0,-1.0,-1.0,0.18817235942118307
