target_id,prot_ps,prot_acf,prot_cs,e_prot_ps,E_prot_ps,e_prot_acf,E_prot_acf,e_prot_cs,E_prot_cs,sph_ps,sph_acf,sph_cs,h_ps,fa_prob_ps,hacf,gacf,hcs
3426852,72.93441914796212,-1.0,73.65845149427979,10.660284404538587,15.001848659750522,-1.0,-1.0,3.2481930918223982,3.2481930918223982,2107.0632444352996,-1.0,2104.5006122511654,0.251904021216164,0.0,-1.0,-1.0,0.4707623998032506
