target_id,prot_ps,prot_acf,prot_cs,e_prot_ps,E_prot_ps,e_prot_acf,E_prot_acf,e_prot_cs,E_prot_cs,sph_ps,sph_acf,sph_cs,h_ps,fa_prob_ps,hacf,gacf,hcs
3443439,73.04940575141423,-1.0,90.83771159495849,26.318575548993522,96.67945297203802,-1.0,-1.0,5.062313071653411,5.062313071653411,1592.8484498005364,-1.0,1618.403190178554,0.060823156845893026,0.0,-1.0,-1.0,0.36466090648377514
