target_id,prot_ps,prot_acf,prot_cs,e_prot_ps,E_prot_ps,e_prot_acf,E_prot_acf,e_prot_cs,E_prot_cs,sph_ps,sph_acf,sph_cs,h_ps,fa_prob_ps,hacf,gacf,hcs
3428161,45.99866852549833,-1.0,92.0194844473948,18.886681977241196,100.9831878639293,-1.0,-1.0,18.489688940060933,18.489688940060933,455.70108612259537,-1.0,457.69700248654937,0.07033773073158191,0.0,-1.0,-1.0,0.4219379614872685
