target_id,prot_ps,prot_acf,prot_cs,e_prot_ps,E_prot_ps,e_prot_acf,E_prot_acf,e_prot_cs,E_prot_cs,sph_ps,sph_acf,sph_cs,h_ps,fa_prob_ps,hacf,gacf,hcs
3455204,0.11135673218029407,0.8990805745124817,75.40824975938635,0.002722243056667406,0.0028607111190882134,-1.0,-1.0,3.3288320028725265,3.3288320028725265,1189.901115103022,1228.3852880917557,1514.8977180228296,0.13240188967338967,0.0,0.8913735229938011,0.033161176502762346,0.08667593655629767
