target_id,prot_ps,prot_acf,prot_cs,e_prot_ps,E_prot_ps,e_prot_acf,E_prot_acf,e_prot_cs,E_prot_cs,sph_ps,sph_acf,sph_cs,h_ps,fa_prob_ps,hacf,gacf,hcs
3539634,91.997356880733,-1.0,92.53525585651937,0.9124317813538454,0.9308808338545731,-1.0,-1.0,3.8865184767806027,3.8865184767806027,275.8030941769596,-1.0,275.50397513545045,0.11770258640681139,0.0,-1.0,-1.0,0.7120286208634674
