target_id,prot_ps,prot_acf,prot_cs,e_prot_ps,E_prot_ps,e_prot_acf,E_prot_acf,e_prot_cs,E_prot_cs,sph_ps,sph_acf,sph_cs,h_ps,fa_prob_ps,hacf,gacf,hcs
3525551,91.31074604073689,-1.0,91.9634102808852,1.5757289695546035,1.6317673392768484,-1.0,-1.0,4.453265776055691,4.453265776055691,1041.4850808400604,-1.0,1038.9095269689108,0.1697463626493775,0.0,-1.0,-1.0,0.6640960225508966
