target_id,prot_ps,prot_acf,prot_cs,e_prot_ps,E_prot_ps,e_prot_acf,E_prot_acf,e_prot_cs,E_prot_cs,sph_ps,sph_acf,sph_cs,h_ps,fa_prob_ps,hacf,gacf,hcs
3546641,91.31069954091676,-1.0,91.62904870252888,1.6724283030281981,1.7366819063409764,-1.0,-1.0,4.554916089669241,4.554916089669241,664.3739046907967,-1.0,663.4478675957599,0.15839550209428002,0.0,-1.0,-1.0,0.7349458324449175
