target_id,prot_ps,prot_acf,prot_cs,e_prot_ps,E_prot_ps,e_prot_acf,E_prot_acf,e_prot_cs,E_prot_cs,sph_ps,sph_acf,sph_cs,h_ps,fa_prob_ps,hacf,gacf,hcs
3558685,60.87445508547135,-1.0,90.86688703119259,2.2395908467645924,2.4155512915629913,-1.0,-1.0,5.340038546712239,5.340038546712239,1248.2807638651293,-1.0,1252.9525272938813,0.05285614643960525,0.0,-1.0,-1.0,0.029021766515278578
