target_id,prot_ps,prot_acf,prot_cs,e_prot_ps,E_prot_ps,e_prot_acf,E_prot_acf,e_prot_cs,E_prot_cs,sph_ps,sph_acf,sph_cs,h_ps,fa_prob_ps,hacf,gacf,hcs
3543358,73.04865174549553,-1.0,73.80191864289343,16.459595364693065,30.209626130415344,-1.0,-1.0,3.56704126918765,3.56704126918765,686.8481995869435,-1.0,687.49820970652,0.2722906637695191,0.0,-1.0,-1.0,0.488340818983245
