target_id,prot_ps,prot_acf,prot_cs,e_prot_ps,E_prot_ps,e_prot_acf,E_prot_acf,e_prot_cs,E_prot_cs,sph_ps,sph_acf,sph_cs,h_ps,fa_prob_ps,hacf,gacf,hcs
3525674,91.31060776337992,-1.0,92.2109140261074,2.454149474278907,2.5948265727845694,-1.0,-1.0,5.262322421186574,5.262322421186574,654.0292375509616,-1.0,652.8166383054235,0.10935537513107076,0.0,-1.0,-1.0,0.5097806257401293
