target_id,prot_ps,prot_acf,prot_cs,e_prot_ps,E_prot_ps,e_prot_acf,E_prot_acf,e_prot_cs,E_prot_cs,sph_ps,sph_acf,sph_cs,h_ps,fa_prob_ps,hacf,gacf,hcs
3539038,91.31179982022053,-1.0,91.53981885214681,3.4138343846547485,3.692711094407926,-1.0,-1.0,4.672093427314676,4.672093427314676,1000.9035641049518,-1.0,1000.3449009008722,0.11063996738889714,0.0,-1.0,-1.0,0.72632984008665
