target_id,prot_ps,prot_acf,prot_cs,e_prot_ps,E_prot_ps,e_prot_acf,E_prot_acf,e_prot_cs,E_prot_cs,sph_ps,sph_acf,sph_cs,h_ps,fa_prob_ps,hacf,gacf,hcs
3533706,17.602275753901008,17.409528024494648,17.503928871164668,0.2984983899930036,0.30905773282150406,-1.0,-1.0,0.3758902036682808,0.3758902036682808,5189.420143111709,5189.200491512539,5201.10964092354,0.16704692880321248,0.0,0.34625531559831013,0.844215055047767,0.9601936155175117
