target_id,prot_ps,prot_acf,prot_cs,e_prot_ps,E_prot_ps,e_prot_acf,E_prot_acf,e_prot_cs,E_prot_cs,sph_ps,sph_acf,sph_cs,h_ps,fa_prob_ps,hacf,gacf,hcs
3644734,39.48574141781216,-1.0,91.40822089662885,15.781283107920082,75.63426696639681,-1.0,-1.0,3.633355465387498,3.633355465387498,1601.5745176864052,-1.0,1607.3675302536894,0.08285890243123732,0.0,-1.0,-1.0,0.1336670351887749
