target_id,prot_ps,prot_acf,prot_cs,e_prot_ps,E_prot_ps,e_prot_acf,E_prot_acf,e_prot_cs,E_prot_cs,sph_ps,sph_acf,sph_cs,h_ps,fa_prob_ps,hacf,gacf,hcs
3654354,73.04846495595689,-1.0,75.4115029965341,18.439641146187604,36.865410908307936,-1.0,-1.0,5.542726600785196,5.542726600785196,976.0996668515979,-1.0,980.7167909538614,0.11997227326985632,0.0,-1.0,-1.0,0.3141556027490302
