target_id,prot_ps,prot_acf,prot_cs,e_prot_ps,E_prot_ps,e_prot_acf,E_prot_acf,e_prot_cs,E_prot_cs,sph_ps,sph_acf,sph_cs,h_ps,fa_prob_ps,hacf,gacf,hcs
3662044,121.74765581117386,-1.0,7.491619105520657,1.2054797532351245,1.2298334683419938,-1.0,-1.0,1.3648457331355535,1.3648457331355535,733.200387647052,-1.0,622.9917406175988,0.07214559379798316,0.0,-1.0,-1.0,0.014737622872680893
