target_id,prot_ps,prot_acf,prot_cs,e_prot_ps,E_prot_ps,e_prot_acf,E_prot_acf,e_prot_cs,E_prot_cs,sph_ps,sph_acf,sph_cs,h_ps,fa_prob_ps,hacf,gacf,hcs
3627629,61.33163144726715,-1.0,61.38791017157591,17.157764289365055,39.452470432438524,-1.0,-1.0,1.7040644626925006,1.7040644626925006,574.0420268205047,-1.0,574.0645815197015,0.10139397511284817,0.0,-1.0,-1.0,0.16754083160017244
