target_id,prot_ps,prot_acf,prot_cs,e_prot_ps,E_prot_ps,e_prot_acf,E_prot_acf,e_prot_cs,E_prot_cs,sph_ps,sph_acf,sph_cs,h_ps,fa_prob_ps,hacf,gacf,hcs
3656700,91.99820763168852,70.06714832922444,92.2628056926253,0.9103173511552001,0.9287019022808494,-1.0,-1.0,4.218082142175912,4.218082142175912,445.6797527391298,444.9527569676965,445.4173047646495,0.06966352346617909,0.0,0.10128185552125302,0.31851655264371,1.5038824663132189
