target_id,prot_ps,prot_acf,prot_cs,e_prot_ps,E_prot_ps,e_prot_acf,E_prot_acf,e_prot_cs,E_prot_cs,sph_ps,sph_acf,sph_cs,h_ps,fa_prob_ps,hacf,gacf,hcs
3663021,73.04947838441524,-1.0,73.46529698687604,24.4065953166063,75.0748423862435,-1.0,-1.0,2.97636033952322,2.97636033952322,973.5287594487031,-1.0,973.4214859639612,0.08977109663192868,0.0,-1.0,-1.0,0.1644404788327777
