target_id,prot_ps,prot_acf,prot_cs,e_prot_ps,E_prot_ps,e_prot_acf,E_prot_acf,e_prot_cs,E_prot_cs,sph_ps,sph_acf,sph_cs,h_ps,fa_prob_ps,hacf,gacf,hcs
3635515,91.31159973446904,-1.0,91.71317981616181,20.81518178310843,38.58053689857526,-1.0,-1.0,4.182564532822177,4.182564532822177,1425.6123936446995,-1.0,1423.6131178960504,0.14782385124590314,0.0,-1.0,-1.0,0.5600360672797892
