target_id,prot_ps,prot_acf,prot_cs,e_prot_ps,E_prot_ps,e_prot_acf,E_prot_acf,e_prot_cs,E_prot_cs,sph_ps,sph_acf,sph_cs,h_ps,fa_prob_ps,hacf,gacf,hcs
3662806,73.0494291282114,-1.0,91.13957999097768,24.887126099542847,79.81541387488068,-1.0,-1.0,4.429819761289014,4.429819761289014,1341.5266074820283,-1.0,1350.6835125610878,0.123059470498382,0.0,-1.0,-1.0,0.3873272057508121
