target_id,prot_ps,prot_acf,prot_cs,e_prot_ps,E_prot_ps,e_prot_acf,E_prot_acf,e_prot_cs,E_prot_cs,sph_ps,sph_acf,sph_cs,h_ps,fa_prob_ps,hacf,gacf,hcs
3762238,72.9342543943139,-1.0,73.69875827185808,22.52716238848884,57.994153512619704,-1.0,-1.0,4.0979574603669935,4.0979574603669935,1049.170619241383,-1.0,1047.555087487096,0.14710556197652505,0.0,-1.0,-1.0,0.2599715640327954
