target_id,prot_ps,prot_acf,prot_cs,e_prot_ps,E_prot_ps,e_prot_acf,E_prot_acf,e_prot_cs,E_prot_cs,sph_ps,sph_acf,sph_cs,h_ps,fa_prob_ps,hacf,gacf,hcs
3750168,73.04939517321353,-1.0,91.36618890378551,28.862923104578876,142.9796242953181,-1.0,-1.0,4.6463282265106045,4.6463282265106045,1295.745767075451,-1.0,1296.0077701365615,0.09046607543981525,0.0,-1.0,-1.0,0.26725169635457996
