target_id,prot_ps,prot_acf,prot_cs,e_prot_ps,E_prot_ps,e_prot_acf,E_prot_acf,e_prot_cs,E_prot_cs,sph_ps,sph_acf,sph_cs,h_ps,fa_prob_ps,hacf,gacf,hcs
3744035,63.520438979964176,66.57312868628651,63.842647899413926,17.605056772621218,39.9982818112421,-1.0,-1.0,3.8189321016879023,3.8189321016879023,270.89457235524117,272.3316513199873,269.72425974017,0.0736850692727198,0.0,0.23385064229695104,0.5220588312927198,0.954001039477145
