target_id,prot_ps,prot_acf,prot_cs,e_prot_ps,E_prot_ps,e_prot_acf,E_prot_acf,e_prot_cs,E_prot_cs,sph_ps,sph_acf,sph_cs,h_ps,fa_prob_ps,hacf,gacf,hcs
3756713,73.0484621664864,-1.0,73.46659902651382,21.939791671382686,55.78362033931684,-1.0,-1.0,3.2242099800158184,3.2242099800158184,788.7764845175633,-1.0,788.8828330674753,0.09265501420894874,0.0,-1.0,-1.0,0.29590146015942825
