target_id,prot_ps,prot_acf,prot_cs,e_prot_ps,E_prot_ps,e_prot_acf,E_prot_acf,e_prot_cs,E_prot_cs,sph_ps,sph_acf,sph_cs,h_ps,fa_prob_ps,hacf,gacf,hcs
3760764,73.04874669346012,84.7797292303294,73.80188836947082,2.7351312766815425,2.954140139751644,-1.0,-1.0,4.959666582438793,4.959666582438793,1075.1538792139047,1063.9358711009384,1074.1393090851166,0.060037324390026625,0.0,0.24116483672878475,0.40037184497979056,0.7582139716062266
