target_id,prot_ps,prot_acf,prot_cs,e_prot_ps,E_prot_ps,e_prot_acf,E_prot_acf,e_prot_cs,E_prot_cs,sph_ps,sph_acf,sph_cs,h_ps,fa_prob_ps,hacf,gacf,hcs
3736200,8.16193961099103,8.316513887606561,8.169030792545197,0.3052071958938658,0.32961165228362965,-1.0,-1.0,0.28733549388241014,0.28733549388241014,4237.745086601293,4243.377198909805,4240.445117919159,0.185111242182496,0.0,0.5679370670232582,1.0090390084044665,0.1494048576081691
