target_id,prot_ps,prot_acf,prot_cs,e_prot_ps,E_prot_ps,e_prot_acf,E_prot_acf,e_prot_cs,E_prot_cs,sph_ps,sph_acf,sph_cs,h_ps,fa_prob_ps,hacf,gacf,hcs
3734351,76.8932563279485,59.85040056752041,59.04551587023306,0.7613616588663206,0.7767431361239829,-1.0,-1.0,8.13201508078311,8.13201508078311,391.9719904973738,392.34796784706293,392.75663499305114,0.04159290071355236,0.0,0.2376397463701007,0.5864807283070745,0.7128222730413273
