target_id,prot_ps,prot_acf,prot_cs,e_prot_ps,E_prot_ps,e_prot_acf,E_prot_acf,e_prot_cs,E_prot_cs,sph_ps,sph_acf,sph_cs,h_ps,fa_prob_ps,hacf,gacf,hcs
3765196,73.04924261105462,-1.0,91.23736083202229,22.43273895578026,58.70798552028829,-1.0,-1.0,4.229012966982259,4.229012966982259,1056.8532899582715,-1.0,1057.5014054574933,0.13372671791910798,0.0,-1.0,-1.0,0.5362748915433101
