target_id,prot_ps,prot_acf,prot_cs,e_prot_ps,E_prot_ps,e_prot_acf,E_prot_acf,e_prot_cs,E_prot_cs,sph_ps,sph_acf,sph_cs,h_ps,fa_prob_ps,hacf,gacf,hcs
3853682,63.51563326649124,59.56485635135323,4.457862456813454,20.7864426685802,61.33055695235201,-1.0,-1.0,0.2282630520637063,0.2282630520637063,2891.8810570805967,2916.2090917979613,2416.3092522539678,0.04053800104042947,0.0,0.22716226718967739,0.4471288410465808,2.3276738916523234
