target_id,prot_ps,prot_acf,prot_cs,e_prot_ps,E_prot_ps,e_prot_acf,E_prot_acf,e_prot_cs,E_prot_cs,sph_ps,sph_acf,sph_cs,h_ps,fa_prob_ps,hacf,gacf,hcs
3847368,91.31181987375402,-1.0,91.46426593251843,0.9140997772812227,0.9328090125894306,-1.0,-1.0,4.195770661450836,4.195770661450836,734.6484266219182,-1.0,734.7364341336792,0.1409663897919706,0.0,-1.0,-1.0,0.6037699978673537
