target_id,prot_ps,prot_acf,prot_cs,e_prot_ps,E_prot_ps,e_prot_acf,E_prot_acf,e_prot_cs,E_prot_cs,sph_ps,sph_acf,sph_cs,h_ps,fa_prob_ps,hacf,gacf,hcs
3869826,73.04927183172873,-1.0,73.80151163354515,2.6841731925746757,2.8947815650210487,-1.0,-1.0,3.5223010754959603,3.5223010754959603,1243.4322829470066,-1.0,1242.8884765248988,0.11730841151977886,0.0,-1.0,-1.0,0.3893515204430914
