target_id,prot_ps,prot_acf,prot_cs,e_prot_ps,E_prot_ps,e_prot_acf,E_prot_acf,e_prot_cs,E_prot_cs,sph_ps,sph_acf,sph_cs,h_ps,fa_prob_ps,hacf,gacf,hcs
3850551,73.5987810709479,-1.0,92.44757597373568,25.359354245452735,83.42319374126674,-1.0,-1.0,3.9262143254047857,3.9262143254047857,453.3274053774793,-1.0,459.31503052845073,0.16393418557770176,0.0,-1.0,-1.0,0.6535140061766476
