target_id,prot_ps,prot_acf,prot_cs,e_prot_ps,E_prot_ps,e_prot_acf,E_prot_acf,e_prot_cs,E_prot_cs,sph_ps,sph_acf,sph_cs,h_ps,fa_prob_ps,hacf,gacf,hcs
3956527,73.59781014804948,93.48450426477939,74.26426488607801,3.9636228746593787,4.443189218683102,-1.0,-1.0,4.683311575689382,4.683311575689382,108.83060054932547,109.20140340420294,109.10550780919453,0.13524785247010812,0.0,1.0,0.9481049896619664,0.7003694611187627
