target_id,prot_ps,prot_acf,prot_cs,e_prot_ps,E_prot_ps,e_prot_acf,E_prot_acf,e_prot_cs,E_prot_cs,sph_ps,sph_acf,sph_cs,h_ps,fa_prob_ps,hacf,gacf,hcs
3946894,19.743045491850644,38.43573134858161,38.74683314281314,0.19542932234152133,0.19937691401880997,-1.0,-1.0,2.2395537118675914,2.2395537118675914,2075.7942072900405,2096.0960959331314,2101.062620838064,0.36431010766993854,0.0,0.11792773737549148,0.5149923433406218,0.15715089939465507
