target_id,prot_ps,prot_acf,prot_cs,e_prot_ps,E_prot_ps,e_prot_acf,E_prot_acf,e_prot_cs,E_prot_cs,sph_ps,sph_acf,sph_cs,h_ps,fa_prob_ps,hacf,gacf,hcs
3937717,7.2155128503762205,7.008811709471047,7.14101874084212,0.5370657969263535,0.6307468281582924,-1.0,-1.0,0.3308464955325339,0.3308464955325339,3050.6118122588045,3035.5396379216104,3020.828660463865,0.0834386938852735,0.0,0.6966172418546364,0.9367122647343693,0.9262303197485175
