target_id,prot_ps,prot_acf,prot_cs,e_prot_ps,E_prot_ps,e_prot_acf,E_prot_acf,e_prot_cs,E_prot_cs,sph_ps,sph_acf,sph_cs,h_ps,fa_prob_ps,hacf,gacf,hcs
3968865,63.52041925289603,-1.0,64.20504486580843,10.073506006455368,14.684454980527633,-1.0,-1.0,8.124560864448055,8.124560864448055,681.0827484211038,-1.0,678.0729713356247,0.13055309257299785,0.0,-1.0,-1.0,0.5241724289896802
