target_id,prot_ps,prot_acf,prot_cs,e_prot_ps,E_prot_ps,e_prot_acf,E_prot_acf,e_prot_cs,E_prot_cs,sph_ps,sph_acf,sph_cs,h_ps,fa_prob_ps,hacf,gacf,hcs
3942111,38.44707425845302,-1.0,90.38472773646428,17.20238723121816,150.781818625491,-1.0,-1.0,19.965586788627355,19.965586788627355,1526.6443636870622,-1.0,1623.6205284450298,0.04471725186920143,0.0,-1.0,-1.0,0.23177665252963034
