target_id,prot_ps,prot_acf,prot_cs,e_prot_ps,E_prot_ps,e_prot_acf,E_prot_acf,e_prot_cs,E_prot_cs,sph_ps,sph_acf,sph_cs,h_ps,fa_prob_ps,hacf,gacf,hcs
3946262,18.63235064275899,15.917902498040348,18.546122149749493,0.7520615373116257,0.8184419062909569,-1.0,-1.0,0.7391494229270983,0.7391494229270983,844.436709056458,838.1619517199117,843.2751162471859,0.11167099143642197,0.0,-0.10950864889803726,0.25893771197559484,1.3305306427435803
