target_id,prot_ps,prot_acf,prot_cs,e_prot_ps,E_prot_ps,e_prot_acf,E_prot_acf,e_prot_cs,E_prot_cs,sph_ps,sph_acf,sph_cs,h_ps,fa_prob_ps,hacf,gacf,hcs
3974987,74.87860927503142,-1.0,75.04732696560555,0.7412057901408531,0.7561779367106425,-1.0,-1.0,2.6535025653982593,2.6535025653982593,2523.94260098129,-1.0,2523.853447869871,0.06076630281798181,0.0,-1.0,-1.0,0.1265468999356948
