target_id,prot_ps,prot_acf,prot_cs,e_prot_ps,E_prot_ps,e_prot_acf,E_prot_acf,e_prot_cs,E_prot_cs,sph_ps,sph_acf,sph_cs,h_ps,fa_prob_ps,hacf,gacf,hcs
3938173,66.40833911096234,-1.0,67.1353452321561,11.638026401973598,18.013498513501517,-1.0,-1.0,8.37330780972191,8.37330780972191,2036.1788982589642,-1.0,2040.919741337233,0.13897820547779738,0.0,-1.0,-1.0,0.4773508215030607
