target_id,prot_ps,prot_acf,prot_cs,e_prot_ps,E_prot_ps,e_prot_acf,E_prot_acf,e_prot_cs,E_prot_cs,sph_ps,sph_acf,sph_cs,h_ps,fa_prob_ps,hacf,gacf,hcs
3951643,72.93440830533487,-1.0,73.6987834644364,21.06188883540308,50.53367443194759,-1.0,-1.0,11.959775258441045,11.959775258441045,1297.904564169514,-1.0,1294.2433757635206,0.1245371635447481,0.0,-1.0,-1.0,0.3206611863474633
