target_id,prot_ps,prot_acf,prot_cs,e_prot_ps,E_prot_ps,e_prot_acf,E_prot_acf,e_prot_cs,E_prot_cs,sph_ps,sph_acf,sph_cs,h_ps,fa_prob_ps,hacf,gacf,hcs
3958018,74.87874496854779,-1.0,95.28481234179368,24.21833040302529,69.86123421711264,-1.0,-1.0,4.536650184678899,4.536650184678899,1950.4059762835623,-1.0,1933.0860018722117,0.16302968957157066,0.0,-1.0,-1.0,0.3381856368042471
