target_id,prot_ps,prot_acf,prot_cs,e_prot_ps,E_prot_ps,e_prot_acf,E_prot_acf,e_prot_cs,E_prot_cs,sph_ps,sph_acf,sph_cs,h_ps,fa_prob_ps,hacf,gacf,hcs
3946621,2.6089045276141607,2.5950780301354825,2.598165862001206,0.05834391654161619,0.06104704854915832,-1.0,-1.0,0.07281456981304724,0.07281456981304724,1141.9799738045583,1139.3281090170126,1139.3281090170126,0.05514809306372349,0.0,0.7763576631677563,1.1216277801799215,0.48961687679855465
