target_id,prot_ps,prot_acf,prot_cs,e_prot_ps,E_prot_ps,e_prot_acf,E_prot_acf,e_prot_cs,E_prot_cs,sph_ps,sph_acf,sph_cs,h_ps,fa_prob_ps,hacf,gacf,hcs
3952668,91.31178480081745,-1.0,91.91363700086355,0.940809373963134,0.9605448813854593,-1.0,-1.0,4.7128997679455455,4.7128997679455455,1506.8469792898222,-1.0,1503.5738582933038,0.13312145672787046,0.0,-1.0,-1.0,0.46856262842571333
