target_id,prot_ps,prot_acf,prot_cs,e_prot_ps,E_prot_ps,e_prot_acf,E_prot_acf,e_prot_cs,E_prot_cs,sph_ps,sph_acf,sph_cs,h_ps,fa_prob_ps,hacf,gacf,hcs
3969429,73.04939513026564,-1.0,90.38481526823716,22.504670627024232,58.94509465907399,-1.0,-1.0,5.784106906531963,5.784106906531963,352.25494450218594,-1.0,352.9990594534247,0.12375430250013639,0.0,-1.0,-1.0,0.33230661073430706
