target_id,prot_ps,prot_acf,prot_cs,e_prot_ps,E_prot_ps,e_prot_acf,E_prot_acf,e_prot_cs,E_prot_cs,sph_ps,sph_acf,sph_cs,h_ps,fa_prob_ps,hacf,gacf,hcs
4056376,47.12864782019164,-1.0,91.5636207891954,16.50250614371407,53.80916803696256,-1.0,-1.0,4.415764859750134,4.415764859750134,364.77782252742514,-1.0,372.5368452525345,0.11137764288230607,0.0,-1.0,-1.0,0.5536859252166686
