target_id,prot_ps,prot_acf,prot_cs,e_prot_ps,E_prot_ps,e_prot_acf,E_prot_acf,e_prot_cs,E_prot_cs,sph_ps,sph_acf,sph_cs,h_ps,fa_prob_ps,hacf,gacf,hcs
4075140,73.04935776417656,-1.0,92.2107249018736,28.685002667898246,138.71767801425995,-1.0,-1.0,15.61568219595101,15.61568219595101,983.9063485446136,-1.0,998.1060373806613,0.07699553842872695,0.0,-1.0,-1.0,0.28642550888230084
