target_id,prot_ps,prot_acf,prot_cs,e_prot_ps,E_prot_ps,e_prot_acf,E_prot_acf,e_prot_cs,E_prot_cs,sph_ps,sph_acf,sph_cs,h_ps,fa_prob_ps,hacf,gacf,hcs
4049209,73.59769973295255,-1.0,73.57180559849364,0.7240653290224657,0.7386457182119983,-1.0,-1.0,2.925607587852046,2.925607587852046,287.05056766862174,-1.0,287.03607465387336,0.09368672652684153,0.0,-1.0,-1.0,0.5777077826240308
