target_id,prot_ps,prot_acf,prot_cs,e_prot_ps,E_prot_ps,e_prot_acf,E_prot_acf,e_prot_cs,E_prot_cs,sph_ps,sph_acf,sph_cs,h_ps,fa_prob_ps,hacf,gacf,hcs
4038557,45.65582591864428,57.05084539204836,92.11359795983888,0.6854553970221033,0.7064560767656403,-1.0,-1.0,4.947734410625447,4.947734410625447,1504.1063770416833,1517.4071566237137,1524.5971072377831,0.03445764425953232,0.0,0.05305423234917118,0.33037324608730934,1.0602466615066986
