target_id,prot_ps,prot_acf,prot_cs,e_prot_ps,E_prot_ps,e_prot_acf,E_prot_acf,e_prot_cs,E_prot_cs,sph_ps,sph_acf,sph_cs,h_ps,fa_prob_ps,hacf,gacf,hcs
4065265,92.7899990649021,-1.0,92.91938994613048,17.74157887510721,28.90575933716711,-1.0,-1.0,5.486095714802188,5.486095714802188,2053.580137999384,-1.0,2052.971729728832,0.21361350434097479,0.0,-1.0,-1.0,0.6065672882513616
