target_id,prot_ps,prot_acf,prot_cs,e_prot_ps,E_prot_ps,e_prot_acf,E_prot_acf,e_prot_cs,E_prot_cs,sph_ps,sph_acf,sph_cs,h_ps,fa_prob_ps,hacf,gacf,hcs
4043144,85.93950414267663,86.88420601561666,86.84497326031325,5.355568684811615,6.1094046058644835,-1.0,-1.0,8.491103491999548,8.491103491999548,491.0766863130304,489.85690044759207,489.87388008536124,0.029198715114742254,0.0,0.40974773499918926,0.5496762839058125,0.9973924769123994
