target_id,prot_ps,prot_acf,prot_cs,e_prot_ps,E_prot_ps,e_prot_acf,E_prot_acf,e_prot_cs,E_prot_cs,sph_ps,sph_acf,sph_cs,h_ps,fa_prob_ps,hacf,gacf,hcs
4059974,73.049455885245,-1.0,90.61835519750659,29.993491731919775,175.80663716596194,-1.0,-1.0,6.024120899664041,6.024120899664041,1033.6033476545147,-1.0,1059.1583097996206,0.10748483130425063,0.0,-1.0,-1.0,0.5478283962522609
