target_id,prot_ps,prot_acf,prot_cs,e_prot_ps,E_prot_ps,e_prot_acf,E_prot_acf,e_prot_cs,E_prot_cs,sph_ps,sph_acf,sph_cs,h_ps,fa_prob_ps,hacf,gacf,hcs
4074316,91.3108601195541,-1.0,91.36659057164476,21.457607480161172,40.84752651664559,-1.0,-1.0,4.318963370908703,4.318963370908703,570.3239733796687,-1.0,570.3699433804104,0.15245921165766765,0.0,-1.0,-1.0,0.6077377387686348
