target_id,prot_ps,prot_acf,prot_cs,e_prot_ps,E_prot_ps,e_prot_acf,E_prot_acf,e_prot_cs,E_prot_cs,sph_ps,sph_acf,sph_cs,h_ps,fa_prob_ps,hacf,gacf,hcs
4159944,91.31192399404111,-1.0,91.28248765141745,0.9024492685637995,0.9206638843715922,-1.0,-1.0,4.45358598138096,4.45358598138096,860.6296488154121,-1.0,860.7422940300561,0.13206420003935795,0.0,-1.0,-1.0,0.441777921666744
