target_id,prot_ps,prot_acf,prot_cs,e_prot_ps,E_prot_ps,e_prot_acf,E_prot_acf,e_prot_cs,E_prot_cs,sph_ps,sph_acf,sph_cs,h_ps,fa_prob_ps,hacf,gacf,hcs
4173466,38.44602146386132,39.947873833589256,38.82013820347375,3.746480439524241,4.642172003186332,-1.0,-1.0,2.0680124362794,2.0680124362794,2069.0428102030855,1968.3889295316353,2079.8621985961818,0.17530601575190335,0.0,0.3904525784638259,0.9226285883994277,0.9515906032197208
