target_id,prot_ps,prot_acf,prot_cs,e_prot_ps,E_prot_ps,e_prot_acf,E_prot_acf,e_prot_cs,E_prot_cs,sph_ps,sph_acf,sph_cs,h_ps,fa_prob_ps,hacf,gacf,hcs
4138791,54.110708100517776,63.957550060003996,94.01436634730038,20.818430203935,87.39186169918734,-1.0,-1.0,5.171496841275212,5.171496841275212,1026.7122253058085,1009.1127220456616,1022.5270400647495,0.05569363100753442,0.0,0.017938472893548926,0.32184602112135446,1.5125179452123223
