target_id,prot_ps,prot_acf,prot_cs,e_prot_ps,E_prot_ps,e_prot_acf,E_prot_acf,e_prot_cs,E_prot_cs,sph_ps,sph_acf,sph_cs,h_ps,fa_prob_ps,hacf,gacf,hcs
4135279,123.99023252341179,-1.0,97.67298564243933,1.227589565177368,1.2523889801235555,-1.0,-1.0,3.857962675238825,3.857962675238825,830.7555306568124,-1.0,846.2067459588749,0.12769344270734054,0.0,-1.0,-1.0,0.04744805280906199
