target_id,prot_ps,prot_acf,prot_cs,e_prot_ps,E_prot_ps,e_prot_acf,E_prot_acf,e_prot_cs,E_prot_cs,sph_ps,sph_acf,sph_cs,h_ps,fa_prob_ps,hacf,gacf,hcs
4144241,24.130705634677796,25.133477565832436,24.373547459593972,3.21390367413159,4.365002177483163,-1.0,-1.0,2.420580660927021,2.420580660927021,2405.2764411759345,2390.7776055632116,2391.512278200588,0.073953062833006,0.0,0.17336440496615882,0.5952661782453539,0.93803315597051
