target_id,prot_ps,prot_acf,prot_cs,e_prot_ps,E_prot_ps,e_prot_acf,E_prot_acf,e_prot_cs,E_prot_cs,sph_ps,sph_acf,sph_cs,h_ps,fa_prob_ps,hacf,gacf,hcs
4179699,73.04930646827208,94.19926551170647,91.281178053558,25.290752174010066,84.12134566486345,-1.0,-1.0,4.546479639350431,4.546479639350431,700.3444663736136,703.4570042526883,703.8272069541998,0.12617524124063273,0.0,0.5194899218646739,0.57675215436196,0.759512690423317
