target_id,prot_ps,prot_acf,prot_cs,e_prot_ps,E_prot_ps,e_prot_acf,E_prot_acf,e_prot_cs,E_prot_cs,sph_ps,sph_acf,sph_cs,h_ps,fa_prob_ps,hacf,gacf,hcs
4159856,73.04955682815731,-1.0,73.55232559171515,26.812445326487037,103.69514929287155,-1.0,-1.0,4.35602061097705,4.35602061097705,1045.5517878504716,-1.0,1046.1950533786094,0.10726067702873605,0.0,-1.0,-1.0,0.274766449562604
