target_id,prot_ps,prot_acf,prot_cs,e_prot_ps,E_prot_ps,e_prot_acf,E_prot_acf,e_prot_cs,E_prot_cs,sph_ps,sph_acf,sph_cs,h_ps,fa_prob_ps,hacf,gacf,hcs
4178279,73.04938003644729,-1.0,73.80162095423786,27.555573099658204,115.77059665476072,-1.0,-1.0,16.219478068149684,16.219478068149684,719.6420622125055,-1.0,718.8419559996883,0.06680310891905311,0.0,-1.0,-1.0,0.5817648121774435
