target_id,prot_ps,prot_acf,prot_cs,e_prot_ps,E_prot_ps,e_prot_acf,E_prot_acf,e_prot_cs,E_prot_cs,sph_ps,sph_acf,sph_cs,h_ps,fa_prob_ps,hacf,gacf,hcs
4161096,72.93534851341253,-1.0,95.60535695437292,24.201269732502453,73.3326915400446,-1.0,-1.0,4.661197929186611,4.661197929186611,1441.7944267945704,-1.0,1419.9163734634094,0.18319883753749266,0.0,-1.0,-1.0,0.2559561487099239
