target_id,prot_ps,prot_acf,prot_cs,e_prot_ps,E_prot_ps,e_prot_acf,E_prot_acf,e_prot_cs,E_prot_cs,sph_ps,sph_acf,sph_cs,h_ps,fa_prob_ps,hacf,gacf,hcs
4150250,11.975299471130365,11.912838516291231,11.999722885727978,0.2545743660510489,0.26576060473484553,-1.0,-1.0,0.12154662837739497,0.12154662837739497,5956.332029145957,6006.092505261424,5963.416894300535,0.1556052202978585,0.0,0.40211743512749604,0.7388463356608497,0.735318912003728
