target_id,prot_ps,prot_acf,prot_cs,e_prot_ps,E_prot_ps,e_prot_acf,E_prot_acf,e_prot_cs,E_prot_cs,sph_ps,sph_acf,sph_cs,h_ps,fa_prob_ps,hacf,gacf,hcs
4273285,91.31175928395649,-1.0,91.52076763645888,0.9038039650657765,0.9220598338188637,-1.0,-1.0,4.061527833183678,4.061527833183678,650.5470393335895,-1.0,649.9335665234848,0.15034213549774947,0.0,-1.0,-1.0,0.565820999677296
