target_id,prot_ps,prot_acf,prot_cs,e_prot_ps,E_prot_ps,e_prot_acf,E_prot_acf,e_prot_cs,E_prot_cs,sph_ps,sph_acf,sph_cs,h_ps,fa_prob_ps,hacf,gacf,hcs
4275197,9.762886984728707,9.910422954708338,9.90633618235588,0.4578769124322637,0.5047486246070569,-1.0,-1.0,0.614050685444308,0.614050685444308,3539.197241231772,3555.839551302435,3549.3943299453344,0.1658407467938671,0.0,0.5527171546908669,0.9188502681072492,0.41604924307034574
