target_id,prot_ps,prot_acf,prot_cs,e_prot_ps,E_prot_ps,e_prot_acf,E_prot_acf,e_prot_cs,E_prot_cs,sph_ps,sph_acf,sph_cs,h_ps,fa_prob_ps,hacf,gacf,hcs
4242297,16.988230467032956,16.020023494958878,17.000425325839416,1.1228533511216554,1.2919279562108272,-1.0,-1.0,0.30560951998315833,0.30560951998315833,1383.96269460589,1386.0409826018165,1384.612682982698,0.09342675732339045,0.0,0.19419327362858466,0.38597129479292286,0.8233674312068728
