target_id,prot_ps,prot_acf,prot_cs,e_prot_ps,E_prot_ps,e_prot_acf,E_prot_acf,e_prot_cs,E_prot_cs,sph_ps,sph_acf,sph_cs,h_ps,fa_prob_ps,hacf,gacf,hcs
4281678,73.04937831329433,-1.0,73.33402966901265,1.2724617694377542,1.3179337663636659,-1.0,-1.0,2.8314704704685143,2.8314704704685143,479.13958268160445,-1.0,478.85026372739094,0.09480810786469908,0.0,-1.0,-1.0,0.37523075504066195
