target_id,prot_ps,prot_acf,prot_cs,e_prot_ps,E_prot_ps,e_prot_acf,E_prot_acf,e_prot_cs,E_prot_cs,sph_ps,sph_acf,sph_cs,h_ps,fa_prob_ps,hacf,gacf,hcs
4366418,91.31184140653681,-1.0,92.21071229359134,2.2356575657402544,2.3495591475603277,-1.0,-1.0,5.243495000046141,5.243495000046141,931.0309231212242,-1.0,931.4511928626977,0.06143604152616694,0.0,-1.0,-1.0,0.41374304242784704
