target_id,prot_ps,prot_acf,prot_cs,e_prot_ps,E_prot_ps,e_prot_acf,E_prot_acf,e_prot_cs,E_prot_cs,sph_ps,sph_acf,sph_cs,h_ps,fa_prob_ps,hacf,gacf,hcs
4365996,73.04873358536764,-1.0,73.03661451899053,19.32104148078394,41.486422057116826,-1.0,-1.0,3.287387312583878,3.287387312583878,723.459150214492,-1.0,723.4445955208762,0.14904968525602472,0.0,-1.0,-1.0,0.33803918239460556
