target_id,prot_ps,prot_acf,prot_cs,e_prot_ps,E_prot_ps,e_prot_acf,E_prot_acf,e_prot_cs,E_prot_cs,sph_ps,sph_acf,sph_cs,h_ps,fa_prob_ps,hacf,gacf,hcs
4372768,47.68793027469555,-1.0,5.2258384764282315,0.4718335476327198,0.48136221616756103,-1.0,-1.0,0.04999425578312333,0.04999425578312333,1060.8838169812461,-1.0,877.3155783927992,0.032150112497091966,0.0,-1.0,-1.0,0.11670794539851323
