target_id,prot_ps,prot_acf,prot_cs,e_prot_ps,E_prot_ps,e_prot_acf,E_prot_acf,e_prot_cs,E_prot_cs,sph_ps,sph_acf,sph_cs,h_ps,fa_prob_ps,hacf,gacf,hcs
4371625,45.99880394355713,51.94284227211028,46.49783472677226,8.16778480357079,12.596422568701215,-1.0,-1.0,5.245601991687479,5.245601991687479,411.4718101155297,418.51802872522035,416.14436655539544,0.044874928738224164,0.0,0.20546391866310634,0.5411200728850067,0.5820516175216655
