target_id,prot_ps,prot_acf,prot_cs,e_prot_ps,E_prot_ps,e_prot_acf,E_prot_acf,e_prot_cs,E_prot_cs,sph_ps,sph_acf,sph_cs,h_ps,fa_prob_ps,hacf,gacf,hcs
4357905,52.69170148150097,-1.0,95.60383409386581,19.163626388062667,68.46915974204593,-1.0,-1.0,4.464974188064302,4.464974188064302,684.611925190681,-1.0,681.8139212810762,0.035994175302846876,0.0,-1.0,-1.0,0.3513604887896875
