target_id,prot_ps,prot_acf,prot_cs,e_prot_ps,E_prot_ps,e_prot_acf,E_prot_acf,e_prot_cs,E_prot_cs,sph_ps,sph_acf,sph_cs,h_ps,fa_prob_ps,hacf,gacf,hcs
4357099,91.99825527876762,-1.0,92.47257366352977,0.9109889213578128,0.9293939183453546,-1.0,-1.0,3.8705118577905644,3.8705118577905644,227.17894225917635,-1.0,227.52151534366817,0.06707404569623662,0.0,-1.0,-1.0,0.7069389628323156
