target_id,prot_ps,prot_acf,prot_cs,e_prot_ps,E_prot_ps,e_prot_acf,E_prot_acf,e_prot_cs,E_prot_cs,sph_ps,sph_acf,sph_cs,h_ps,fa_prob_ps,hacf,gacf,hcs
4345755,43.292824584638424,-1.0,92.91259583326986,4.457000335378098,5.59812973396825,-1.0,-1.0,5.0217710911820195,5.0217710911820195,225.3748494107493,-1.0,229.90980219330072,0.0452914147060999,0.0,-1.0,-1.0,0.32598281036995436
