target_id,prot_ps,prot_acf,prot_cs,e_prot_ps,E_prot_ps,e_prot_acf,E_prot_acf,e_prot_cs,E_prot_cs,sph_ps,sph_acf,sph_cs,h_ps,fa_prob_ps,hacf,gacf,hcs
4376851,91.31120108820335,-1.0,91.26260604200935,0.9036384233999968,0.9218893080855395,-1.0,-1.0,3.984668416553859,3.984668416553859,986.9718962848261,-1.0,986.9796990735912,0.09117048720059007,0.0,-1.0,-1.0,0.42278041280464596
