target_id,prot_ps,prot_acf,prot_cs,e_prot_ps,E_prot_ps,e_prot_acf,E_prot_acf,e_prot_cs,E_prot_cs,sph_ps,sph_acf,sph_cs,h_ps,fa_prob_ps,hacf,gacf,hcs
4380214,73.04927350323572,-1.0,73.80151331540196,18.18404736661575,36.0365357811052,-1.0,-1.0,3.326753539470397,3.326753539470397,1834.6966887553986,-1.0,1832.9571590788835,0.12541593750154403,0.0,-1.0,-1.0,0.40194238843465263
