target_id,prot_ps,prot_acf,prot_cs,e_prot_ps,E_prot_ps,e_prot_acf,E_prot_acf,e_prot_cs,E_prot_cs,sph_ps,sph_acf,sph_cs,h_ps,fa_prob_ps,hacf,gacf,hcs
4348954,91.31166833599335,-1.0,91.84174243092242,2.847572741369291,3.039012625620799,-1.0,-1.0,4.86853061312009,4.86853061312009,676.9873791000224,-1.0,675.4713947345813,0.16343904778962556,0.0,-1.0,-1.0,0.847812624864818
