target_id,prot_ps,prot_acf,prot_cs,e_prot_ps,E_prot_ps,e_prot_acf,E_prot_acf,e_prot_cs,E_prot_cs,sph_ps,sph_acf,sph_cs,h_ps,fa_prob_ps,hacf,gacf,hcs
4454611,91.31180138924687,-1.0,91.51409645453063,0.9036683481904504,0.9219200831423819,-1.0,-1.0,4.043771798267703,4.043771798267703,659.499151083572,-1.0,659.5581780308042,0.11390141275757386,0.0,-1.0,-1.0,0.5844288867439003
