target_id,prot_ps,prot_acf,prot_cs,e_prot_ps,E_prot_ps,e_prot_acf,E_prot_acf,e_prot_cs,E_prot_cs,sph_ps,sph_acf,sph_cs,h_ps,fa_prob_ps,hacf,gacf,hcs
4478177,95.3758335773558,-1.0,96.17672382727177,0.9443044504422318,0.9633811979687863,-1.0,-1.0,4.689632646163221,4.689632646163221,836.4141196551296,-1.0,839.5622320917479,0.08655278166609809,0.0,-1.0,-1.0,0.15675870079721016
