target_id,prot_ps,prot_acf,prot_cs,e_prot_ps,E_prot_ps,e_prot_acf,E_prot_acf,e_prot_cs,E_prot_cs,sph_ps,sph_acf,sph_cs,h_ps,fa_prob_ps,hacf,gacf,hcs
4459010,91.31164959045458,-1.0,92.21067446874453,9.135285450347368,11.449033924642507,-1.0,-1.0,8.197315588307404,8.197315588307404,746.1262853711004,-1.0,745.0916194325755,0.03341334361437583,0.0,-1.0,-1.0,0.5152253407912717
