target_id,prot_ps,prot_acf,prot_cs,e_prot_ps,E_prot_ps,e_prot_acf,E_prot_acf,e_prot_cs,E_prot_cs,sph_ps,sph_acf,sph_cs,h_ps,fa_prob_ps,hacf,gacf,hcs
4458225,11.238359398854623,24.23435405176133,11.227176178811979,0.15930183803168063,0.16393077583197702,-1.0,-1.0,0.10515246387534816,0.10515246387534816,6464.67225410931,6610.445640442044,6467.600711232477,0.1677918317973056,0.0,-0.006685123820066105,0.18539697341933248,15.598805891886235
