target_id,prot_ps,prot_acf,prot_cs,e_prot_ps,E_prot_ps,e_prot_acf,E_prot_acf,e_prot_cs,E_prot_cs,sph_ps,sph_acf,sph_cs,h_ps,fa_prob_ps,hacf,gacf,hcs
4448391,91.9972753430378,56.45851945085451,92.91278216193429,0.9108850834873863,0.9292870173837997,-1.0,-1.0,3.7707676750738393,3.7707676750738393,264.8505523776905,261.12235798307347,263.7799725604566,0.09001832456948154,0.0,0.14185224680584105,0.5051869608422629,1.1605226546488383
