target_id,prot_ps,prot_acf,prot_cs,e_prot_ps,E_prot_ps,e_prot_acf,E_prot_acf,e_prot_cs,E_prot_cs,sph_ps,sph_acf,sph_cs,h_ps,fa_prob_ps,hacf,gacf,hcs
4460061,73.59869534812562,-1.0,91.10596945160974,23.508733366479888,66.2635873877947,-1.0,-1.0,5.227682124247502,5.227682124247502,495.99435791793144,-1.0,497.1563488143097,0.0341244159895322,0.0,-1.0,-1.0,0.21740987489115032
