target_id,prot_ps,prot_acf,prot_cs,e_prot_ps,E_prot_ps,e_prot_acf,E_prot_acf,e_prot_cs,E_prot_cs,sph_ps,sph_acf,sph_cs,h_ps,fa_prob_ps,hacf,gacf,hcs
4543236,45.65584136418191,-1.0,73.80158899895845,3.325912533280082,3.8895996790189926,-1.0,-1.0,14.550698101975907,14.550698101975907,1477.6459202197045,-1.0,1498.2144346153773,0.14884080184100834,0.0,-1.0,-1.0,0.13542438198304801
