target_id,prot_ps,prot_acf,prot_cs,e_prot_ps,E_prot_ps,e_prot_acf,E_prot_acf,e_prot_cs,E_prot_cs,sph_ps,sph_acf,sph_cs,h_ps,fa_prob_ps,hacf,gacf,hcs
4562450,21.80571375287829,42.74835871346295,22.596757894889453,6.935933409937384,18.735428860880916,-1.0,-1.0,1.8218403967932495,1.8218403967932495,823.5377968573641,892.6973461705054,810.2497662764486,0.044689210099742485,0.0,-0.5128968590642757,0.01154588021877151,0.6532810331740908
