target_id,prot_ps,prot_acf,prot_cs,e_prot_ps,E_prot_ps,e_prot_acf,E_prot_acf,e_prot_cs,E_prot_cs,sph_ps,sph_acf,sph_cs,h_ps,fa_prob_ps,hacf,gacf,hcs
4578337,14.46522675591252,71.68143655918539,14.497641686447441,0.4812605695033749,0.5152658897521292,-1.0,-1.0,0.2529528541933663,0.2529528541933663,1049.6768548759992,1156.5505896343686,1048.265095090846,0.06753652436908053,0.0,0.035619116347188395,0.2788969759822059,3.925176170560365
