target_id,prot_ps,prot_acf,prot_cs,e_prot_ps,E_prot_ps,e_prot_acf,E_prot_acf,e_prot_cs,E_prot_cs,sph_ps,sph_acf,sph_cs,h_ps,fa_prob_ps,hacf,gacf,hcs
4587155,73.04957393339289,-1.0,91.47106311313445,24.312876414800066,74.19490532505138,-1.0,-1.0,4.468589104306626,4.468589104306626,1327.882279550793,-1.0,1342.5287927606958,0.18008799121146518,0.0,-1.0,-1.0,0.3895183140764319
