target_id,prot_ps,prot_acf,prot_cs,e_prot_ps,E_prot_ps,e_prot_acf,E_prot_acf,e_prot_cs,E_prot_cs,sph_ps,sph_acf,sph_cs,h_ps,fa_prob_ps,hacf,gacf,hcs
4557341,42.056384488622584,37.4345882050693,41.90743090990908,17.777873204542892,121.67018102267488,-1.0,-1.0,1.2003996596400408,1.2003996596400408,1264.6886392790273,1275.0787451849565,1264.8180416793532,0.08865264149532566,0.0,0.1248437626996724,0.4361495262924627,0.5873852715323443
