target_id,prot_ps,prot_acf,prot_cs,e_prot_ps,E_prot_ps,e_prot_acf,E_prot_acf,e_prot_cs,E_prot_cs,sph_ps,sph_acf,sph_cs,h_ps,fa_prob_ps,hacf,gacf,hcs
4545145,23.950595365103208,24.316082154400647,24.142823032138427,0.7431109674150207,0.7917506791307289,-1.0,-1.0,0.5274318564864046,0.5274318564864046,6256.0415562108465,6266.209236221645,6274.343062276629,0.1886706069127989,0.0,0.5876008855833387,1.2897780168622854,0.9880356976306998
