target_id,prot_ps,prot_acf,prot_cs,e_prot_ps,E_prot_ps,e_prot_acf,E_prot_acf,e_prot_cs,E_prot_cs,sph_ps,sph_acf,sph_cs,h_ps,fa_prob_ps,hacf,gacf,hcs
4556565,72.93536219241244,-1.0,95.52438455137793,25.735113057059415,89.59240692870932,-1.0,-1.0,6.315260955054144,6.315260955054144,1184.3432256186527,-1.0,1159.0795343829445,0.2113815644166287,0.0,-1.0,-1.0,0.5795937404908604
