target_id,prot_ps,prot_acf,prot_cs,e_prot_ps,E_prot_ps,e_prot_acf,E_prot_acf,e_prot_cs,E_prot_cs,sph_ps,sph_acf,sph_cs,h_ps,fa_prob_ps,hacf,gacf,hcs
4577506,72.93530653913996,-1.0,95.4865015500086,23.88905979554108,67.96793697321498,-1.0,-1.0,4.773509335027548,4.773509335027548,679.4339803570329,-1.0,687.1766581005323,0.09177938880151196,0.0,-1.0,-1.0,0.25008870071558736
