target_id,prot_ps,prot_acf,prot_cs,e_prot_ps,E_prot_ps,e_prot_acf,E_prot_acf,e_prot_cs,E_prot_cs,sph_ps,sph_acf,sph_cs,h_ps,fa_prob_ps,hacf,gacf,hcs
4585736,98.60685893604968,-1.0,98.99935604469852,46.154886075032934,846.8919988113012,-1.0,-1.0,19.378936690453784,19.378936690453784,1239.6704280619738,-1.0,1239.6704280619738,0.28408981691797847,0.0,-1.0,-1.0,0.6762864623805208
