target_id,prot_ps,prot_acf,prot_cs,e_prot_ps,E_prot_ps,e_prot_acf,E_prot_acf,e_prot_cs,E_prot_cs,sph_ps,sph_acf,sph_cs,h_ps,fa_prob_ps,hacf,gacf,hcs
4658549,11.58771629254634,11.21818090416491,11.585375057393842,0.3579886564068211,0.38151502439917984,-1.0,-1.0,0.1060102087163722,0.1060102087163722,2296.8829843351896,2288.719404844413,2296.155966539066,0.1253808421902624,0.0,0.4449332484570599,0.5615939917152997,0.8476393437978381
