target_id,prot_ps,prot_acf,prot_cs,e_prot_ps,E_prot_ps,e_prot_acf,E_prot_acf,e_prot_cs,E_prot_cs,sph_ps,sph_acf,sph_cs,h_ps,fa_prob_ps,hacf,gacf,hcs
4660434,122.66303640781882,-1.0,14.905184365364875,1.2128385329529863,1.2373234510845919,-1.0,-1.0,0.23072793571860795,0.23072793571860795,284.268675272099,-1.0,282.0433706088665,0.07305295301429462,0.0,-1.0,-1.0,0.04518448415949854
