target_id,prot_ps,prot_acf,prot_cs,e_prot_ps,E_prot_ps,e_prot_acf,E_prot_acf,e_prot_cs,E_prot_cs,sph_ps,sph_acf,sph_cs,h_ps,fa_prob_ps,hacf,gacf,hcs
4661205,72.93438122727615,-1.0,73.34375615112897,1.5982488117036127,1.6712660008951588,-1.0,-1.0,3.1981680093346077,3.1981680093346077,1451.9797672013121,-1.0,1448.5411516966903,0.24041494061817373,0.0,-1.0,-1.0,0.5444496781611298
