target_id,prot_ps,prot_acf,prot_cs,e_prot_ps,E_prot_ps,e_prot_acf,E_prot_acf,e_prot_cs,E_prot_cs,sph_ps,sph_acf,sph_cs,h_ps,fa_prob_ps,hacf,gacf,hcs
4641231,91.31177286275464,-1.0,91.7399138292118,0.9037960786485968,0.9220517058739972,-1.0,-1.0,3.758138129025648,3.758138129025648,1001.0225498764127,-1.0,1000.4393021035936,0.09059368887245667,0.0,-1.0,-1.0,0.7660415773284603
