target_id,prot_ps,prot_acf,prot_cs,e_prot_ps,E_prot_ps,e_prot_acf,E_prot_acf,e_prot_cs,E_prot_cs,sph_ps,sph_acf,sph_cs,h_ps,fa_prob_ps,hacf,gacf,hcs
4667807,73.0493315809404,-1.0,72.37299416969805,22.949790252719303,62.81076803173674,-1.0,-1.0,3.748589737483977,3.748589737483977,551.4234781185761,-1.0,552.8263978718794,0.13367163830917023,0.0,-1.0,-1.0,0.40865277246145043
