target_id,prot_ps,prot_acf,prot_cs,e_prot_ps,E_prot_ps,e_prot_acf,E_prot_acf,e_prot_cs,E_prot_cs,sph_ps,sph_acf,sph_cs,h_ps,fa_prob_ps,hacf,gacf,hcs
4649785,21.820010284734817,21.127875895239413,21.60437692606822,1.8896029315322558,2.2902364653565925,-1.0,-1.0,2.1401899395581347,2.1401899395581347,3432.7434548033098,3481.0479098952337,3450.4690104056995,0.3120039715242554,0.0,0.49044897285454875,1.0713863531048973,0.9773240604241767
