target_id,prot_ps,prot_acf,prot_cs,e_prot_ps,E_prot_ps,e_prot_acf,E_prot_acf,e_prot_cs,E_prot_cs,sph_ps,sph_acf,sph_cs,h_ps,fa_prob_ps,hacf,gacf,hcs
4646583,73.59865215215277,-1.0,74.31764979000667,2.4636294149709386,2.6385047633324348,-1.0,-1.0,3.653628013674091,3.653628013674091,381.7004937735604,-1.0,381.5188816762219,0.10436335272910216,0.0,-1.0,-1.0,0.2867110259922812
