target_id,prot_ps,prot_acf,prot_cs,e_prot_ps,E_prot_ps,e_prot_acf,E_prot_acf,e_prot_cs,E_prot_cs,sph_ps,sph_acf,sph_cs,h_ps,fa_prob_ps,hacf,gacf,hcs
4644320,89.93605989292459,23.723322628531605,22.74292209475301,8.327650163082225,10.197188101669127,-1.0,-1.0,4.474583659366059,4.474583659366059,1143.479413755468,1143.479413755468,1143.479413755468,0.12079203111600569,1.623215870836715e-119,0.24691026531218743,0.39852911158049764,0.5806527261876805
