target_id,prot_ps,prot_acf,prot_cs,e_prot_ps,E_prot_ps,e_prot_acf,E_prot_acf,e_prot_cs,E_prot_cs,sph_ps,sph_acf,sph_cs,h_ps,fa_prob_ps,hacf,gacf,hcs
4660819,31.084458639677337,-1.0,91.80147938841911,0.47292916983301225,0.4876183662776974,-1.0,-1.0,4.555451650848035,4.555451650848035,1019.2401063179802,-1.0,1053.2707921258645,0.052015150718983355,0.0,-1.0,-1.0,0.24044236336882163
