target_id,prot_ps,prot_acf,prot_cs,e_prot_ps,E_prot_ps,e_prot_acf,E_prot_acf,e_prot_cs,E_prot_cs,sph_ps,sph_acf,sph_cs,h_ps,fa_prob_ps,hacf,gacf,hcs
4640018,15.542449525509308,15.815685379318893,15.664271647199055,0.6840615500330784,0.7493647008924462,-1.0,-1.0,0.8567494225014389,0.8567494225014389,4305.856649398927,4348.571264045792,4314.3036452233455,0.12911538252918917,0.0,0.5022156807105587,1.0579411187534937,0.8144498347053286
