target_id,prot_ps,prot_acf,prot_cs,e_prot_ps,E_prot_ps,e_prot_acf,E_prot_acf,e_prot_cs,E_prot_cs,sph_ps,sph_acf,sph_cs,h_ps,fa_prob_ps,hacf,gacf,hcs
4681121,14.465225623493748,14.221857268363237,14.50145245668006,0.388195620545984,0.4102065243285029,-1.0,-1.0,0.3492616675293329,0.3492616675293329,7817.155357698689,7632.800155427128,7824.333754728582,0.11186023293245669,0.0,0.4446840165918617,0.8184395768577124,0.846746973558747
