target_id,prot_ps,prot_acf,prot_cs,e_prot_ps,E_prot_ps,e_prot_acf,E_prot_acf,e_prot_cs,E_prot_cs,sph_ps,sph_acf,sph_cs,h_ps,fa_prob_ps,hacf,gacf,hcs
4732672,63.52051494080021,30.13980529503897,29.51248866957612,0.62778528315242,0.6404562358816435,-1.0,-1.0,10.110301595912327,10.110301595912327,346.25053879514314,338.0944169183084,337.2248352091736,0.09019848675957216,0.0,-0.6027379217154658,0.0010487461197571935,0.48435968429757176
