target_id,prot_ps,prot_acf,prot_cs,e_prot_ps,E_prot_ps,e_prot_acf,E_prot_acf,e_prot_cs,E_prot_cs,sph_ps,sph_acf,sph_cs,h_ps,fa_prob_ps,hacf,gacf,hcs
4750239,17.95074170822532,18.410853646229953,18.09964687482919,1.6706752224977883,2.0480952845581015,-1.0,-1.0,0.9850927494288032,0.9850927494288032,1080.9009067339334,1101.5985506000857,1093.4948143448885,0.07826034451991602,0.0,0.11565934472151006,0.4300583090374509,0.8684930687712338
