target_id,prot_ps,prot_acf,prot_cs,e_prot_ps,E_prot_ps,e_prot_acf,E_prot_acf,e_prot_cs,E_prot_cs,sph_ps,sph_acf,sph_cs,h_ps,fa_prob_ps,hacf,gacf,hcs
4741034,7.009395071753182,5.701007936149836,6.993361479761825,0.14039241342763376,0.14627591452314181,-1.0,-1.0,0.04965227228837058,0.04965227228837058,563.8676304783312,551.9063508016845,565.0488963109418,0.028545691558983635,0.0,0.3352835752240354,0.38746323968562113,0.7458183983998518
