target_id,prot_ps,prot_acf,prot_cs,e_prot_ps,E_prot_ps,e_prot_acf,E_prot_acf,e_prot_cs,E_prot_cs,sph_ps,sph_acf,sph_cs,h_ps,fa_prob_ps,hacf,gacf,hcs
4756715,7.812687051947754,7.805702284909785,7.883759307758882,0.5547642013918495,0.6455220693504202,-1.0,-1.0,0.3215360717764226,0.3215360717764226,1168.6639748711414,1164.90544516011,1141.9111243188406,0.039054547985702966,0.0,0.4951256970937577,0.6390393858005545,0.8337287268951055
