target_id,prot_ps,prot_acf,prot_cs,e_prot_ps,E_prot_ps,e_prot_acf,E_prot_acf,e_prot_cs,E_prot_cs,sph_ps,sph_acf,sph_cs,h_ps,fa_prob_ps,hacf,gacf,hcs
4860614,73.5978058656165,90.09249204909429,73.92374920869207,0.9803583913615768,1.0070068126727847,-1.0,-1.0,2.619790291112714,2.619790291112714,225.57226613880468,217.97790953751147,225.91184745085454,0.1959269335467176,0.0,1.0,0.9041978981930433,0.7181083894604169
