target_id,prot_ps,prot_acf,prot_cs,e_prot_ps,E_prot_ps,e_prot_acf,E_prot_acf,e_prot_cs,E_prot_cs,sph_ps,sph_acf,sph_cs,h_ps,fa_prob_ps,hacf,gacf,hcs
4838866,73.0485923465255,-1.0,72.9554430374963,22.645987994477032,60.587310563409645,-1.0,-1.0,3.20676660531674,3.20676660531674,580.1686300637496,-1.0,580.1300144857673,0.08068390894261115,0.0,-1.0,-1.0,0.2651248977466924
