target_id,prot_ps,prot_acf,prot_cs,e_prot_ps,E_prot_ps,e_prot_acf,E_prot_acf,e_prot_cs,E_prot_cs,sph_ps,sph_acf,sph_cs,h_ps,fa_prob_ps,hacf,gacf,hcs
4847522,22.1361190306417,21.31229537446052,30.728324934868144,4.903195878329058,8.73346887796442,-1.0,-1.0,3.6564512414649792,3.6564512414649792,1131.7639496507923,1151.462985860318,1159.1174262437955,0.04793354379939793,0.0,-0.0018117320202321468,0.22835481095166626,59.252776510739295
