target_id,prot_ps,prot_acf,prot_cs,e_prot_ps,E_prot_ps,e_prot_acf,E_prot_acf,e_prot_cs,E_prot_cs,sph_ps,sph_acf,sph_cs,h_ps,fa_prob_ps,hacf,gacf,hcs
4820690,73.04937278870837,-1.0,92.21074171291663,15.40717232646277,26.455109786962524,-1.0,-1.0,18.716346946854937,18.716346946854937,1863.2048063028822,-1.0,1880.8671284709708,0.09757069971922208,0.0,-1.0,-1.0,0.5579168788258755
