target_id,prot_ps,prot_acf,prot_cs,e_prot_ps,E_prot_ps,e_prot_acf,E_prot_acf,e_prot_cs,E_prot_cs,sph_ps,sph_acf,sph_cs,h_ps,fa_prob_ps,hacf,gacf,hcs
4842734,58.43892147979476,58.66529091261327,59.04556296551599,17.950641280645577,47.298516685299546,-1.0,-1.0,2.7515476303849598,2.7515476303849598,387.11597469848664,387.08436134264014,387.2227379471757,0.057959436928681406,0.0,0.20934565083365878,0.5390205943624924,0.9947198690060218
