target_id,prot_ps,prot_acf,prot_cs,e_prot_ps,E_prot_ps,e_prot_acf,E_prot_acf,e_prot_cs,E_prot_cs,sph_ps,sph_acf,sph_cs,h_ps,fa_prob_ps,hacf,gacf,hcs
4944604,73.04941651578145,-1.0,73.80165963694452,5.929799400639368,7.065398696730014,-1.0,-1.0,3.980212403668215,3.980212403668215,610.264568053697,-1.0,610.8084235931274,0.14849271656209134,0.0,-1.0,-1.0,0.43983739151606377
