target_id,prot_ps,prot_acf,prot_cs,e_prot_ps,E_prot_ps,e_prot_acf,E_prot_acf,e_prot_cs,E_prot_cs,sph_ps,sph_acf,sph_cs,h_ps,fa_prob_ps,hacf,gacf,hcs
4936404,91.31091859857011,-1.0,91.15280073208719,1.9845882616246655,2.0757196029787224,-1.0,-1.0,5.015954524874543,5.015954524874543,597.2745400822535,-1.0,597.3452582022096,0.05980105973749446,0.0,-1.0,-1.0,0.46297467693603994
