target_id,prot_ps,prot_acf,prot_cs,e_prot_ps,E_prot_ps,e_prot_acf,E_prot_acf,e_prot_cs,E_prot_cs,sph_ps,sph_acf,sph_cs,h_ps,fa_prob_ps,hacf,gacf,hcs
4908380,91.31177524102749,93.09599104896188,91.80028030578124,0.9047940835857844,0.9230801093704031,-1.0,-1.0,4.273569291389469,4.273569291389469,1078.7782455974868,1088.8946268642553,1080.1812021451333,0.07547654693753961,0.0,0.32626696444908626,0.496261424659248,0.9945376597277145
