target_id,prot_ps,prot_acf,prot_cs,e_prot_ps,E_prot_ps,e_prot_acf,E_prot_acf,e_prot_cs,E_prot_cs,sph_ps,sph_acf,sph_cs,h_ps,fa_prob_ps,hacf,gacf,hcs
4989057,75.15315464289648,-1.0,75.92608777715823,0.7445378930737547,0.7595836507629627,-1.0,-1.0,2.8377855201290285,2.8377855201290285,922.9336659357355,-1.0,923.228687450728,0.07387607187463081,0.0,-1.0,-1.0,0.05597687663112668
