target_id,prot_ps,prot_acf,prot_cs,e_prot_ps,E_prot_ps,e_prot_acf,E_prot_acf,e_prot_cs,E_prot_cs,sph_ps,sph_acf,sph_cs,h_ps,fa_prob_ps,hacf,gacf,hcs
4902057,88.81044618067484,-1.0,75.63282020056056,8.223424577908588,10.06956433165233,-1.0,-1.0,13.576716511338649,13.576716511338649,6878.9571245392335,-1.0,6878.9571245392335,0.3981462718627368,0.0,-1.0,-1.0,0.11351229538992987
