target_id,prot_ps,prot_acf,prot_cs,e_prot_ps,E_prot_ps,e_prot_acf,E_prot_acf,e_prot_cs,E_prot_cs,sph_ps,sph_acf,sph_cs,h_ps,fa_prob_ps,hacf,gacf,hcs
4901971,52.88554256670211,-1.0,95.21978153373577,20.294474716595488,84.49405820408668,-1.0,-1.0,6.033736087586979,6.033736087586979,662.4031060521172,-1.0,653.6825978059201,0.1452661414687436,0.0,-1.0,-1.0,0.34286915883236835
