target_id,prot_ps,prot_acf,prot_cs,e_prot_ps,E_prot_ps,e_prot_acf,E_prot_acf,e_prot_cs,E_prot_cs,sph_ps,sph_acf,sph_cs,h_ps,fa_prob_ps,hacf,gacf,hcs
4921316,91.31173500659935,-1.0,91.42002784861293,3.9140433563567,4.285073020915917,-1.0,-1.0,4.893125806765023,4.893125806765023,557.7586293608318,-1.0,557.6751246141276,0.04348474132308431,0.0,-1.0,-1.0,0.83745437164044
