target_id,prot_ps,prot_acf,prot_cs,e_prot_ps,E_prot_ps,e_prot_acf,E_prot_acf,e_prot_cs,E_prot_cs,sph_ps,sph_acf,sph_cs,h_ps,fa_prob_ps,hacf,gacf,hcs
4912049,15.498775030475556,14.916657218709588,15.524176070228819,0.5289214958627326,0.5672511043695163,-1.0,-1.0,0.2679265670603648,0.2679265670603648,2586.0526847521023,2663.52050641381,2587.221802562476,0.07088172667190841,0.0,0.1583678545758661,0.37109512913803466,0.942667433993557
