target_id,prot_ps,prot_acf,prot_cs,e_prot_ps,E_prot_ps,e_prot_acf,E_prot_acf,e_prot_cs,E_prot_cs,sph_ps,sph_acf,sph_cs,h_ps,fa_prob_ps,hacf,gacf,hcs
4995716,72.93551027508146,64.0598704945296,62.09260004895408,29.30264699515091,155.4989894527552,-1.0,-1.0,1.9973291589617326,1.9973291589617326,1431.2729690430872,1374.0954862725214,1367.5061272054404,0.1251101605722913,0.0,0.19117560835807282,0.5110808406755433,0.8008562914161714
