target_id,prot_ps,prot_acf,prot_cs,e_prot_ps,E_prot_ps,e_prot_acf,E_prot_acf,e_prot_cs,E_prot_cs,sph_ps,sph_acf,sph_cs,h_ps,fa_prob_ps,hacf,gacf,hcs
4946140,16.988032449536753,16.919146159663796,17.01809015259207,0.8707700602667465,0.9698141270011149,-1.0,-1.0,0.9613071418458822,0.9613071418458822,2051.195758487154,2047.273730055896,2059.3650611918288,0.08215530640701563,0.0,0.2623378476327745,0.6885216161793692,0.9712753675032602
