target_id,prot_ps,prot_acf,prot_cs,e_prot_ps,E_prot_ps,e_prot_acf,E_prot_acf,e_prot_cs,E_prot_cs,sph_ps,sph_acf,sph_cs,h_ps,fa_prob_ps,hacf,gacf,hcs
5083302,91.31198539097402,-1.0,91.80239415275256,0.9041385575800689,0.9224045930589568,-1.0,-1.0,3.720410106161874,3.720410106161874,1090.5602251839584,-1.0,1090.162393483397,0.11302354107468729,0.0,-1.0,-1.0,0.6877444550659922
