target_id,prot_ps,prot_acf,prot_cs,e_prot_ps,E_prot_ps,e_prot_acf,E_prot_acf,e_prot_cs,E_prot_cs,sph_ps,sph_acf,sph_cs,h_ps,fa_prob_ps,hacf,gacf,hcs
5090873,33.20423786693769,-1.0,91.53293178078913,0.329079064629056,0.33573045365823617,-1.0,-1.0,5.515423353834605,5.515423353834605,1187.498809112256,-1.0,1214.660678271613,0.08317900811726997,0.0,-1.0,-1.0,0.02043014657956914
