target_id,prot_ps,prot_acf,prot_cs,e_prot_ps,E_prot_ps,e_prot_acf,E_prot_acf,e_prot_cs,E_prot_cs,sph_ps,sph_acf,sph_cs,h_ps,fa_prob_ps,hacf,gacf,hcs
5018092,60.87381041599924,-1.0,61.563339263526714,16.79404667880761,37.01153039519081,-1.0,-1.0,3.172507587885674,3.172507587885674,691.5748780888632,-1.0,694.3493670917863,0.07831894284738329,0.0,-1.0,-1.0,0.27657270395732547
