target_id,prot_ps,prot_acf,prot_cs,e_prot_ps,E_prot_ps,e_prot_acf,E_prot_acf,e_prot_cs,E_prot_cs,sph_ps,sph_acf,sph_cs,h_ps,fa_prob_ps,hacf,gacf,hcs
5025935,11.59502383200225,11.606226116418839,11.722288377583014,0.1860989627564802,0.19220707293399641,-1.0,-1.0,0.2895242818878148,0.2895242818878148,2357.524149121597,2360.2331520222647,2368.333062817383,0.1080440209014879,0.0,0.38282553895340493,0.6114836846879268,0.9103602878010287
