target_id,prot_ps,prot_acf,prot_cs,e_prot_ps,E_prot_ps,e_prot_acf,E_prot_acf,e_prot_cs,E_prot_cs,sph_ps,sph_acf,sph_cs,h_ps,fa_prob_ps,hacf,gacf,hcs
5018454,15.21843332441622,15.611373618245125,15.279969795015248,0.9405608087963362,1.071707863033911,-1.0,-1.0,0.9332691780261717,0.9332691780261717,3153.2103809810574,3081.70300485101,3130.4936034371744,0.10201643561131554,0.0,0.3797083987747239,0.8528051991143648,0.9623097384064294
