target_id,prot_ps,prot_acf,prot_cs,e_prot_ps,E_prot_ps,e_prot_acf,E_prot_acf,e_prot_cs,E_prot_cs,sph_ps,sph_acf,sph_cs,h_ps,fa_prob_ps,hacf,gacf,hcs
5077615,52.8855357919429,-1.0,95.76323447397822,0.5236433610226641,0.5342222628777265,-1.0,-1.0,7.289090892150724,7.289090892150724,1768.3851156039225,-1.0,1751.4621425981186,0.060831649217557085,0.0,-1.0,-1.0,0.39136997364061665
