target_id,prot_ps,prot_acf,prot_cs,e_prot_ps,E_prot_ps,e_prot_acf,E_prot_acf,e_prot_cs,E_prot_cs,sph_ps,sph_acf,sph_cs,h_ps,fa_prob_ps,hacf,gacf,hcs
5025810,12.594671704693155,88.88625141698867,12.575233463119735,0.2481035649833867,0.25827936944015484,-1.0,-1.0,0.13004047844137992,0.13004047844137992,469.2983109069582,491.59780538892164,467.972334341234,0.02747297007732458,0.0,0.018869317263690042,0.20649295540958448,20.78005796018715
