target_id,prot_ps,prot_acf,prot_cs,e_prot_ps,E_prot_ps,e_prot_acf,E_prot_acf,e_prot_cs,E_prot_cs,sph_ps,sph_acf,sph_cs,h_ps,fa_prob_ps,hacf,gacf,hcs
5023847,23.32290657841158,-1.0,75.61764415241777,3.4231648754097392,4.8255038360746845,-1.0,-1.0,14.819783277285666,14.819783277285666,6190.444213250913,-1.0,7287.92121971429,0.04567224013313594,0.0,-1.0,-1.0,0.30585806633777585
