target_id,prot_ps,prot_acf,prot_cs,e_prot_ps,E_prot_ps,e_prot_acf,E_prot_acf,e_prot_cs,E_prot_cs,sph_ps,sph_acf,sph_cs,h_ps,fa_prob_ps,hacf,gacf,hcs
5025366,52.69173808752309,-1.0,97.42126814571048,1.2488232258503302,1.3116170398747116,-1.0,-1.0,6.297840571482112,6.297840571482112,2693.7097158332276,-1.0,3068.7336847849533,0.041587086533389224,0.0,-1.0,-1.0,0.29311410061332627
