target_id,prot_ps,prot_acf,prot_cs,e_prot_ps,E_prot_ps,e_prot_acf,E_prot_acf,e_prot_cs,E_prot_cs,sph_ps,sph_acf,sph_cs,h_ps,fa_prob_ps,hacf,gacf,hcs
5097781,73.04942025816433,-1.0,73.49147993520589,20.027281511258536,44.8845590437664,-1.0,-1.0,2.6523169450318504,2.6523169450318504,405.7013975830533,-1.0,405.93596055070475,0.09185411382878644,0.0,-1.0,-1.0,0.4102231976091219
