target_id,prot_ps,prot_acf,prot_cs,e_prot_ps,E_prot_ps,e_prot_acf,E_prot_acf,e_prot_cs,E_prot_cs,sph_ps,sph_acf,sph_cs,h_ps,fa_prob_ps,hacf,gacf,hcs
5093714,73.04857846523531,-1.0,73.33045601977305,1.4467076437734647,1.5060899776084398,-1.0,-1.0,2.7510188057805833,2.7510188057805833,259.1082550011512,-1.0,259.0284436499679,0.13682455973253171,0.0,-1.0,-1.0,0.4626819964423851
