target_id,prot_ps,prot_acf,prot_cs,e_prot_ps,E_prot_ps,e_prot_acf,E_prot_acf,e_prot_cs,E_prot_cs,sph_ps,sph_acf,sph_cs,h_ps,fa_prob_ps,hacf,gacf,hcs
5037811,45.92156650464491,-1.0,96.2098779719223,0.4598288186422863,0.4691716517755893,-1.0,-1.0,9.943270757570811,9.943270757570811,1143.5979125318104,-1.0,1200.7827331713468,0.0933773217198937,0.0,-1.0,-1.0,0.1639305369999766
