target_id,prot_ps,prot_acf,prot_cs,e_prot_ps,E_prot_ps,e_prot_acf,E_prot_acf,e_prot_cs,E_prot_cs,sph_ps,sph_acf,sph_cs,h_ps,fa_prob_ps,hacf,gacf,hcs
5084267,91.31165846391937,-1.0,92.39642507343086,0.9041019818265141,0.9223669365267568,-1.0,-1.0,4.005004241863163,4.005004241863163,1498.3557858042386,-1.0,1508.8125751652078,0.08218034666781324,0.0,-1.0,-1.0,0.12313874094031436
