target_id,prot_ps,prot_acf,prot_cs,e_prot_ps,E_prot_ps,e_prot_acf,E_prot_acf,e_prot_cs,E_prot_cs,sph_ps,sph_acf,sph_cs,h_ps,fa_prob_ps,hacf,gacf,hcs
5023872,61.99422078658538,-1.0,73.69888087573925,22.058006921632902,74.64608057195724,-1.0,-1.0,3.936722952091319,3.936722952091319,1000.3214653587271,-1.0,962.4704149955386,0.1418821894753639,0.0,-1.0,-1.0,0.0759193951906753
