target_id,prot_ps,prot_acf,prot_cs,e_prot_ps,E_prot_ps,e_prot_acf,E_prot_acf,e_prot_cs,E_prot_cs,sph_ps,sph_acf,sph_cs,h_ps,fa_prob_ps,hacf,gacf,hcs
5023514,61.5580855215929,-1.0,71.56996786069124,17.960817910625906,42.5314574548579,-1.0,-1.0,11.340705917272134,11.340705917272134,480.7997111153415,-1.0,480.7997111153415,0.27942747145502117,0.0,-1.0,-1.0,0.2770085812349322
