target_id,prot_ps,prot_acf,prot_cs,e_prot_ps,E_prot_ps,e_prot_acf,E_prot_acf,e_prot_cs,E_prot_cs,sph_ps,sph_acf,sph_cs,h_ps,fa_prob_ps,hacf,gacf,hcs
5034865,73.04855952241195,-1.0,90.38504390258343,24.81139094895049,79.04369618853028,-1.0,-1.0,18.063604302769914,18.063604302769914,801.3277699125783,-1.0,797.2296418005252,0.09920970454979536,0.0,-1.0,-1.0,0.38096255022305664
