target_id,prot_ps,prot_acf,prot_cs,e_prot_ps,E_prot_ps,e_prot_acf,E_prot_acf,e_prot_cs,E_prot_cs,sph_ps,sph_acf,sph_cs,h_ps,fa_prob_ps,hacf,gacf,hcs
5009036,97.39911476001652,-1.0,97.65413287800051,0.9622320497318952,0.9816494239450577,-1.0,-1.0,4.779154739873708,4.779154739873708,905.6400111088045,-1.0,905.6041581839485,0.039385228932569634,0.0,-1.0,-1.0,0.269975000143544
