target_id,prot_ps,prot_acf,prot_cs,e_prot_ps,E_prot_ps,e_prot_acf,E_prot_acf,e_prot_cs,E_prot_cs,sph_ps,sph_acf,sph_cs,h_ps,fa_prob_ps,hacf,gacf,hcs
5094165,77.47125173361091,-1.0,99.17632941009983,3.074673966677196,3.336894151146467,-1.0,-1.0,4.784700856175069,4.784700856175069,238.0262385353425,-1.0,241.4982611599651,0.04624656923850333,0.0,-1.0,-1.0,0.09357056533662216
