target_id,prot_ps,prot_acf,prot_cs,e_prot_ps,E_prot_ps,e_prot_acf,E_prot_acf,e_prot_cs,E_prot_cs,sph_ps,sph_acf,sph_cs,h_ps,fa_prob_ps,hacf,gacf,hcs
5080500,5.045621430617165,5.210511137265712,5.209244029167836,0.18382468622646098,0.19811606232734302,-1.0,-1.0,0.08926440235483053,0.08926440235483053,1762.0724391059643,1802.7980037456387,1798.8395699877371,0.08242424729784063,0.0,0.6584553010574632,0.6263370945439114,0.4217868608891808
