target_id,prot_ps,prot_acf,prot_cs,e_prot_ps,E_prot_ps,e_prot_acf,E_prot_acf,e_prot_cs,E_prot_cs,sph_ps,sph_acf,sph_cs,h_ps,fa_prob_ps,hacf,gacf,hcs
5025538,91.31166635987117,-1.0,91.4666016899433,0.9034721246042068,0.9217178988100159,-1.0,-1.0,3.9552722900785335,3.9552722900785335,651.1029209523838,-1.0,650.8956939187511,0.08746479849336049,0.0,-1.0,-1.0,0.41999751873097796
