target_id,prot_ps,prot_acf,prot_cs,e_prot_ps,E_prot_ps,e_prot_acf,E_prot_acf,e_prot_cs,E_prot_cs,sph_ps,sph_acf,sph_cs,h_ps,fa_prob_ps,hacf,gacf,hcs
5125726,72.93528681738043,-1.0,73.32319373358767,3.8308744351641053,4.279286706246552,-1.0,-1.0,3.495329840602134,3.495329840602134,889.500184704552,-1.0,887.93570713808,0.17505091839686043,0.0,-1.0,-1.0,0.5255629362936047
