target_id,prot_ps,prot_acf,prot_cs,e_prot_ps,E_prot_ps,e_prot_acf,E_prot_acf,e_prot_cs,E_prot_cs,sph_ps,sph_acf,sph_cs,h_ps,fa_prob_ps,hacf,gacf,hcs
5104481,76.89429789248348,-1.0,76.10294751465331,3.628661607242293,4.011008228044446,-1.0,-1.0,4.874091560874505,4.874091560874505,359.62284530899603,-1.0,359.4095336398977,0.028363389953143598,0.0,-1.0,-1.0,0.1853533853216462
