target_id,prot_ps,prot_acf,prot_cs,e_prot_ps,E_prot_ps,e_prot_acf,E_prot_acf,e_prot_cs,E_prot_cs,sph_ps,sph_acf,sph_cs,h_ps,fa_prob_ps,hacf,gacf,hcs
5182046,72.93534852466955,-1.0,72.18466531258206,10.52408123219545,14.853453620057266,-1.0,-1.0,7.60126534374624,7.60126534374624,1066.3389957246393,-1.0,982.5747741789994,0.07994974276246454,0.0,-1.0,-1.0,0.5164083258944956
