target_id,prot_ps,prot_acf,prot_cs,e_prot_ps,E_prot_ps,e_prot_acf,E_prot_acf,e_prot_cs,E_prot_cs,sph_ps,sph_acf,sph_cs,h_ps,fa_prob_ps,hacf,gacf,hcs
5182286,15.49876112182772,15.325319138355553,15.548948604427405,0.5633563524093574,0.6070453996307119,-1.0,-1.0,0.3317085433069445,0.3317085433069445,1878.256405633775,1868.5666604424696,1876.9044554278244,0.10384593415139011,0.0,0.19998481255266592,0.4673361397483672,0.9878582528027363
