target_id,prot_ps,prot_acf,prot_cs,e_prot_ps,E_prot_ps,e_prot_acf,E_prot_acf,e_prot_cs,E_prot_cs,sph_ps,sph_acf,sph_cs,h_ps,fa_prob_ps,hacf,gacf,hcs
5182832,7.16161485386525,7.31526349671185,7.197132401687085,0.13322951397463179,0.13833676992984145,-1.0,-1.0,0.048848235070163656,0.048848235070163656,7478.07019128808,7464.731520117825,7481.749662712259,0.41448675379633565,0.0,0.673503777902133,1.2802563029381206,0.15089326956197277
