target_id,prot_ps,prot_acf,prot_cs,e_prot_ps,E_prot_ps,e_prot_acf,E_prot_acf,e_prot_cs,E_prot_cs,sph_ps,sph_acf,sph_cs,h_ps,fa_prob_ps,hacf,gacf,hcs
5113843,32.46634377873833,28.831908899825066,52.28363976975301,11.33944708125457,36.76269394561981,-1.0,-1.0,1.40243983240225,1.40243983240225,1253.6638201398086,1234.9546696316957,1324.2794322896782,0.07271018576736045,0.0,0.04302317447547266,0.35274466139563565,2.336395543114543
