target_id,prot_ps,prot_acf,prot_cs,e_prot_ps,E_prot_ps,e_prot_acf,E_prot_acf,e_prot_cs,E_prot_cs,sph_ps,sph_acf,sph_cs,h_ps,fa_prob_ps,hacf,gacf,hcs
5176981,45.65585682757488,-1.0,92.3139297856763,8.501769122651432,13.467170458038417,-1.0,-1.0,7.102904212885696,7.102904212885696,714.1134088459066,-1.0,714.9702891821377,0.03626490582909685,0.0,-1.0,-1.0,0.08381911706997455
