target_id,prot_ps,prot_acf,prot_cs,e_prot_ps,E_prot_ps,e_prot_acf,E_prot_acf,e_prot_cs,E_prot_cs,sph_ps,sph_acf,sph_cs,h_ps,fa_prob_ps,hacf,gacf,hcs
5112402,4.822673289059523,4.904058538377285,4.815380425976004,0.09651368619800227,0.10049580473744513,-1.0,-1.0,0.0889500228178503,0.0889500228178503,4110.669069040415,4071.4998275866387,4080.817761806342,0.1646417191676973,0.0,0.6956967281819467,0.9411775187748288,0.20187991253503673
