target_id,prot_ps,prot_acf,prot_cs,e_prot_ps,E_prot_ps,e_prot_acf,E_prot_acf,e_prot_cs,E_prot_cs,sph_ps,sph_acf,sph_cs,h_ps,fa_prob_ps,hacf,gacf,hcs
5184355,42.96977958884725,-1.0,81.9952262919396,15.350096669836581,52.44588285751982,-1.0,-1.0,12.255639003309843,12.255639003309843,761.13363774977,-1.0,745.0509022411577,0.12792877650566026,0.0,-1.0,-1.0,0.2569191248384063
