target_id,prot_ps,prot_acf,prot_cs,e_prot_ps,E_prot_ps,e_prot_acf,E_prot_acf,e_prot_cs,E_prot_cs,sph_ps,sph_acf,sph_cs,h_ps,fa_prob_ps,hacf,gacf,hcs
5183039,11.588607201852133,11.40203613974154,11.516056500016713,0.14526196867464058,0.14901898776403044,-1.0,-1.0,0.22901854809067027,0.22901854809067027,8323.34993178107,8441.762472730568,8461.191206889493,0.12893283906216746,0.0,0.40456961812252146,0.8113456862804409,0.9239817653828949
