target_id,prot_ps,prot_acf,prot_cs,e_prot_ps,E_prot_ps,e_prot_acf,E_prot_acf,e_prot_cs,E_prot_cs,sph_ps,sph_acf,sph_cs,h_ps,fa_prob_ps,hacf,gacf,hcs
5127332,15.880313965025168,16.510444417595863,15.973854974023997,1.5516894887945156,1.923905084944323,-1.0,-1.0,1.9477137254516652,1.9477137254516652,2301.5634620420055,2356.043337531015,2313.2814814194344,0.049164478053717056,0.0,0.31737734064783746,0.620971230510278,0.86668327968364
