target_id,prot_ps,prot_acf,prot_cs,e_prot_ps,E_prot_ps,e_prot_acf,E_prot_acf,e_prot_cs,E_prot_cs,sph_ps,sph_acf,sph_cs,h_ps,fa_prob_ps,hacf,gacf,hcs
5176748,47.12865697487766,-1.0,73.80166131880134,16.0857095677623,49.61713911352823,-1.0,-1.0,11.876396873688252,11.876396873688252,205.82857321383312,-1.0,205.74814025982715,0.05296687019664903,0.0,-1.0,-1.0,0.1816951129111584
