target_id,prot_ps,prot_acf,prot_cs,e_prot_ps,E_prot_ps,e_prot_acf,E_prot_acf,e_prot_cs,E_prot_cs,sph_ps,sph_acf,sph_cs,h_ps,fa_prob_ps,hacf,gacf,hcs
5184384,45.998766857645016,11.218173490371555,11.516098753558445,19.104538755769305,107.5390197868035,-1.0,-1.0,1.4808306728435603,1.4808306728435603,180.44522375513557,174.0471998527701,174.24407418803682,0.03441357490702376,0.0,0.13300035541703287,0.2684778376303398,0.3643537058103269
