target_id,prot_ps,prot_acf,prot_cs,e_prot_ps,E_prot_ps,e_prot_acf,E_prot_acf,e_prot_cs,E_prot_cs,sph_ps,sph_acf,sph_cs,h_ps,fa_prob_ps,hacf,gacf,hcs
5175814,27.055348562213116,51.247674498707056,27.035428383830933,0.2673346440764206,0.2727298143996961,-1.0,-1.0,0.3761179645338648,0.3761179645338648,863.5052302158103,875.0505565614864,863.4460243542725,0.08150358587957159,0.0,-0.02488722761621054,0.28583137605809217,16.60543673471278
