target_id,prot_ps,prot_acf,prot_cs,e_prot_ps,E_prot_ps,e_prot_acf,E_prot_acf,e_prot_cs,E_prot_cs,sph_ps,sph_acf,sph_cs,h_ps,fa_prob_ps,hacf,gacf,hcs
5165628,92.83276645197967,86.188113857992,92.82670526715371,0.9188085874276197,0.9373670176650961,-1.0,-1.0,5.085870749031301,5.085870749031301,2234.0788988948766,2205.305000988791,2234.0930408958698,0.07031153805733,0.0,0.3227546728516923,0.40918302071652257,0.9603491369627795
