target_id,prot_ps,prot_acf,prot_cs,e_prot_ps,E_prot_ps,e_prot_acf,E_prot_acf,e_prot_cs,E_prot_cs,sph_ps,sph_acf,sph_cs,h_ps,fa_prob_ps,hacf,gacf,hcs
5192733,60.87436363667734,-1.0,72.34006259053947,15.492065264201429,31.227393729624055,-1.0,-1.0,11.223973846761849,11.223973846761849,687.3611962690413,-1.0,684.4885348044857,0.05223307976456264,0.0,-1.0,-1.0,0.2605195688601843
