target_id,prot_ps,prot_acf,prot_cs,e_prot_ps,E_prot_ps,e_prot_acf,E_prot_acf,e_prot_cs,E_prot_cs,sph_ps,sph_acf,sph_cs,h_ps,fa_prob_ps,hacf,gacf,hcs
5176599,73.04933609802738,-1.0,79.16746371330692,4.313758642419884,4.884925060475567,-1.0,-1.0,3.6378310892255477,3.6378310892255477,528.7080789897807,-1.0,526.7352317796502,0.014690217878239013,5.289792028060152e-225,-1.0,-1.0,0.019036960048673557
