target_id,prot_ps,prot_acf,prot_cs,e_prot_ps,E_prot_ps,e_prot_acf,E_prot_acf,e_prot_cs,E_prot_cs,sph_ps,sph_acf,sph_cs,h_ps,fa_prob_ps,hacf,gacf,hcs
5194270,121.74760553003513,-1.0,91.55353025215526,1.2053249486692863,1.2296739542197486,-1.0,-1.0,4.538958668984768,4.538958668984768,249.4548013416245,-1.0,260.4197571013207,0.09103183143069651,0.0,-1.0,-1.0,0.16025484419416264
