target_id,prot_ps,prot_acf,prot_cs,e_prot_ps,E_prot_ps,e_prot_acf,E_prot_acf,e_prot_cs,E_prot_cs,sph_ps,sph_acf,sph_cs,h_ps,fa_prob_ps,hacf,gacf,hcs
5175576,73.59573976647076,27.033822915516794,30.93646073761396,1.1853314989974706,1.2243809261348417,-1.0,-1.0,11.765514032135403,11.765514032135403,294.3016810671828,292.29174853369346,290.0569290188083,0.035435585166542174,0.0,-0.16204453682276893,0.041051392640290854,0.26883329423364166
