target_id,prot_ps,prot_acf,prot_cs,e_prot_ps,E_prot_ps,e_prot_acf,E_prot_acf,e_prot_cs,E_prot_cs,sph_ps,sph_acf,sph_cs,h_ps,fa_prob_ps,hacf,gacf,hcs
5264401,54.110708534783015,92.4828637773171,90.38473392228916,25.050593009372385,300.51989939335635,-1.0,-1.0,17.666019625652538,17.666019625652538,807.3757329025773,808.0641927595617,807.3990361122693,0.009549101932099985,2.742312410944918e-144,0.2406957671079209,0.2770747475870955,0.7842481503196534
