target_id,prot_ps,prot_acf,prot_cs,e_prot_ps,E_prot_ps,e_prot_acf,E_prot_acf,e_prot_cs,E_prot_cs,sph_ps,sph_acf,sph_cs,h_ps,fa_prob_ps,hacf,gacf,hcs
5215999,1.2660053657042127,2.595085363369435,81.0000304110438,0.012532793694315592,0.012785961833518655,-1.0,-1.0,0.43178636646529434,0.43178636646529434,22970.09411147061,23124.946021497723,23747.73744216589,0.4131283534085326,0.0,0.6021757057670135,0.619211270005326,0.0032949195585185416
