target_id,prot_ps,prot_acf,prot_cs,e_prot_ps,E_prot_ps,e_prot_acf,E_prot_acf,e_prot_cs,E_prot_cs,sph_ps,sph_acf,sph_cs,h_ps,fa_prob_ps,hacf,gacf,hcs
5256849,75.15306753224138,41.33664632635191,50.45114185790532,0.7433683409524718,0.758378491160272,-1.0,-1.0,12.507374770271337,12.507374770271337,1776.7747670748022,1745.2541609821983,1765.8401114698925,0.04930523676626901,0.0,-0.12721191195364956,0.15214777002935437,1.3656492373977087
