target_id,prot_ps,prot_acf,prot_cs,e_prot_ps,E_prot_ps,e_prot_acf,E_prot_acf,e_prot_cs,E_prot_cs,sph_ps,sph_acf,sph_cs,h_ps,fa_prob_ps,hacf,gacf,hcs
5286224,73.04939654780904,-1.0,73.80163945466279,16.675778255775917,30.789787214926818,-1.0,-1.0,3.923501863033303,3.923501863033303,409.71688118216593,-1.0,410.01251564193205,0.0663925225142983,0.0,-1.0,-1.0,0.1989898945175563
