target_id,prot_ps,prot_acf,prot_cs,e_prot_ps,E_prot_ps,e_prot_acf,E_prot_acf,e_prot_cs,E_prot_cs,sph_ps,sph_acf,sph_cs,h_ps,fa_prob_ps,hacf,gacf,hcs
5211054,73.04943154217706,-1.0,73.801673091799,1.5382200591500066,1.605143889543342,-1.0,-1.0,3.4289773739890617,3.4289773739890617,759.9887021598302,-1.0,760.1895570330538,0.15011686558903928,0.0,-1.0,-1.0,0.7190628291901712
