target_id,prot_ps,prot_acf,prot_cs,e_prot_ps,E_prot_ps,e_prot_acf,E_prot_acf,e_prot_cs,E_prot_cs,sph_ps,sph_acf,sph_cs,h_ps,fa_prob_ps,hacf,gacf,hcs
5209218,5.040255311951499,5.2106077945791185,5.158501716633328,0.1732438744784197,0.18589528401385547,-1.0,-1.0,0.19005785065712397,0.19005785065712397,3560.754208790206,3560.8408714621,3553.179155725962,0.08947905229392304,0.0,0.7565035708136042,0.9260086531585477,0.527552181942052
