target_id,prot_ps,prot_acf,prot_cs,e_prot_ps,E_prot_ps,e_prot_acf,E_prot_acf,e_prot_cs,E_prot_cs,sph_ps,sph_acf,sph_cs,h_ps,fa_prob_ps,hacf,gacf,hcs
5285093,53.90879426668408,63.26299237087369,62.10734510109522,17.60312322907619,49.80228590381511,-1.0,-1.0,2.015705029795164,2.015705029795164,1337.0070060083162,1400.373163121114,1398.6049732546717,0.12734703242128773,0.0,0.11605217455545971,0.38686984297104404,0.8864916368999968
