target_id,prot_ps,prot_acf,prot_cs,e_prot_ps,E_prot_ps,e_prot_acf,E_prot_acf,e_prot_cs,E_prot_cs,sph_ps,sph_acf,sph_cs,h_ps,fa_prob_ps,hacf,gacf,hcs
5298758,91.31180531090865,-1.0,91.53693537988438,4.557604588393744,5.068642009229507,-1.0,-1.0,4.423313056319628,4.423313056319628,708.4266946200624,-1.0,707.9543412806246,0.161950997179895,0.0,-1.0,-1.0,0.8260699109966428
