target_id,prot_ps,prot_acf,prot_cs,e_prot_ps,E_prot_ps,e_prot_acf,E_prot_acf,e_prot_cs,E_prot_cs,sph_ps,sph_acf,sph_cs,h_ps,fa_prob_ps,hacf,gacf,hcs
5207907,91.31062913525457,-1.0,91.72222772895401,15.17189453955001,22.836754717509592,-1.0,-1.0,6.687033798443573,6.687033798443573,790.1156355789611,-1.0,789.5200335117996,0.0867560426426816,0.0,-1.0,-1.0,0.8246596987688358
