target_id,prot_ps,prot_acf,prot_cs,e_prot_ps,E_prot_ps,e_prot_acf,E_prot_acf,e_prot_cs,E_prot_cs,sph_ps,sph_acf,sph_cs,h_ps,fa_prob_ps,hacf,gacf,hcs
5295366,73.04944425141362,-1.0,90.38487500153484,26.655263019056967,101.38347981887826,-1.0,-1.0,16.430083468603904,16.430083468603904,880.206261286953,-1.0,899.2476739780512,0.13183422257535107,0.0,-1.0,-1.0,0.3704904754273558
