target_id,prot_ps,prot_acf,prot_cs,e_prot_ps,E_prot_ps,e_prot_acf,E_prot_acf,e_prot_cs,E_prot_cs,sph_ps,sph_acf,sph_cs,h_ps,fa_prob_ps,hacf,gacf,hcs
5268127,45.92233022635382,-1.0,95.15069911297839,17.037305519472923,64.19124566682743,-1.0,-1.0,13.189319821408528,13.189319821408528,334.28150052290044,-1.0,337.66511954022184,0.09868340757096583,0.0,-1.0,-1.0,0.23048653011400974
