target_id,prot_ps,prot_acf,prot_cs,e_prot_ps,E_prot_ps,e_prot_acf,E_prot_acf,e_prot_cs,E_prot_cs,sph_ps,sph_acf,sph_cs,h_ps,fa_prob_ps,hacf,gacf,hcs
5210066,2.063518800086414,2.1046734685078263,2.0959366639933674,0.03023192042041023,0.031135097110944088,-1.0,-1.0,0.08695676007789718,0.08695676007789718,2623.189375188828,2624.0455761743287,2621.7886011373243,0.06259958463142556,0.0,0.7359299777707464,0.9348934186071891,0.109631532149431
