target_id,prot_ps,prot_acf,prot_cs,e_prot_ps,E_prot_ps,e_prot_acf,E_prot_acf,e_prot_cs,E_prot_cs,sph_ps,sph_acf,sph_cs,h_ps,fa_prob_ps,hacf,gacf,hcs
5219735,72.93421434085886,-1.0,73.37237818319677,4.990607351187094,5.774082299497664,-1.0,-1.0,3.3590657884768502,3.3590657884768502,1102.6489837622635,-1.0,1102.6412185005536,0.23406215648284587,0.0,-1.0,-1.0,0.6349415540646683
