target_id,prot_ps,prot_acf,prot_cs,e_prot_ps,E_prot_ps,e_prot_acf,E_prot_acf,e_prot_cs,E_prot_cs,sph_ps,sph_acf,sph_cs,h_ps,fa_prob_ps,hacf,gacf,hcs
5207828,26.38092713749669,58.76751991920173,73.69867933511267,1.1060250491473234,1.208154417958223,-1.0,-1.0,6.43295167949201,6.43295167949201,2087.067209960678,2105.4550376427055,2111.262392095526,0.09213316727438525,0.0,0.09852879561389025,0.3287192929747441,0.598139127612983
