target_id,prot_ps,prot_acf,prot_cs,e_prot_ps,E_prot_ps,e_prot_acf,E_prot_acf,e_prot_cs,E_prot_cs,sph_ps,sph_acf,sph_cs,h_ps,fa_prob_ps,hacf,gacf,hcs
5259844,91.31174404363493,-1.0,92.21077113224192,1.2291813333856538,1.2629304261584906,-1.0,-1.0,4.882428335397947,4.882428335397947,642.5776993672256,-1.0,641.540035018574,0.07420043189944797,0.0,-1.0,-1.0,0.41970273559983595
