target_id,prot_ps,prot_acf,prot_cs,e_prot_ps,E_prot_ps,e_prot_acf,E_prot_acf,e_prot_cs,E_prot_cs,sph_ps,sph_acf,sph_cs,h_ps,fa_prob_ps,hacf,gacf,hcs
5373045,16.602132937255135,16.714767888188362,16.60592808287055,0.7315594622804458,0.8022697775904746,-1.0,-1.0,0.1350493935748054,0.1350493935748054,3638.4263687871735,3689.1780538148605,3639.38839355491,0.158792901657366,0.0,0.37718475672078744,0.8681212233830768,0.9491748142902927
