target_id,prot_ps,prot_acf,prot_cs,e_prot_ps,E_prot_ps,e_prot_acf,E_prot_acf,e_prot_cs,E_prot_cs,sph_ps,sph_acf,sph_cs,h_ps,fa_prob_ps,hacf,gacf,hcs
5356088,121.74909315692113,-1.0,92.2108488833159,1.205436623149069,1.229788878749119,-1.0,-1.0,5.357970198298279,5.357970198298279,259.9579787130167,-1.0,255.12926833673666,0.04636169631663048,0.0,-1.0,-1.0,0.16026708654772734
