target_id,prot_ps,prot_acf,prot_cs,e_prot_ps,E_prot_ps,e_prot_acf,E_prot_acf,e_prot_cs,E_prot_cs,sph_ps,sph_acf,sph_cs,h_ps,fa_prob_ps,hacf,gacf,hcs
5389030,14.047780673450236,13.711032504215837,14.083673652518312,0.4942865703044763,0.5318716763896543,-1.0,-1.0,0.2768683463238682,0.2768683463238682,1180.8069377920249,1173.9916597217755,1182.8823491276291,0.08607516781991856,0.0,0.2702947185227268,0.5746910117487526,0.854798616342125
