target_id,prot_ps,prot_acf,prot_cs,e_prot_ps,E_prot_ps,e_prot_acf,E_prot_acf,e_prot_cs,E_prot_cs,sph_ps,sph_acf,sph_cs,h_ps,fa_prob_ps,hacf,gacf,hcs
5344559,33.99738467755377,34.43017513491213,33.60037726415322,4.2705572787864305,5.684346973283148,-1.0,-1.0,1.1317729328882842,1.1317729328882842,3194.0897114147283,3201.9892410515695,3177.3578328059766,0.1415687939989476,0.0,0.36995820052229994,0.8437882169953124,0.9902232022270513
