target_id,prot_ps,prot_acf,prot_cs,e_prot_ps,E_prot_ps,e_prot_acf,E_prot_acf,e_prot_cs,E_prot_cs,sph_ps,sph_acf,sph_cs,h_ps,fa_prob_ps,hacf,gacf,hcs
5343801,23.03078347263265,23.232712597120553,23.258662944524545,1.202703857142616,1.3414032414563337,-1.0,-1.0,1.1613582708094554,1.1613582708094554,2537.5593474672573,2586.555013391546,2589.521410506349,0.10346854039630103,0.0,0.35090346675956924,0.805397469434888,0.9913356515728605
