target_id,prot_ps,prot_acf,prot_cs,e_prot_ps,E_prot_ps,e_prot_acf,E_prot_acf,e_prot_cs,E_prot_cs,sph_ps,sph_acf,sph_cs,h_ps,fa_prob_ps,hacf,gacf,hcs
5372576,121.7489421310277,-1.0,93.52397607818773,1.205195571091636,1.229540500955295,-1.0,-1.0,2.9919368963652575,2.9919368963652575,482.7593158367385,-1.0,486.38952582736664,0.022181271698939246,0.0,-1.0,-1.0,0.02322111596730943
