target_id,prot_ps,prot_acf,prot_cs,e_prot_ps,E_prot_ps,e_prot_acf,E_prot_acf,e_prot_cs,E_prot_cs,sph_ps,sph_acf,sph_cs,h_ps,fa_prob_ps,hacf,gacf,hcs
5352151,7.396844813008819,7.499171212315559,7.432807402151161,0.12141791499960419,0.1254967286008286,-1.0,-1.0,0.07353969332507146,0.07353969332507146,7608.856234394107,7643.25925279231,7605.944952568037,0.1552979956757231,0.0,0.7521117815807413,1.3742398603140251,0.8911201493269308
