target_id,prot_ps,prot_acf,prot_cs,e_prot_ps,E_prot_ps,e_prot_acf,E_prot_acf,e_prot_cs,E_prot_cs,sph_ps,sph_acf,sph_cs,h_ps,fa_prob_ps,hacf,gacf,hcs
5349731,21.17370850019107,21.41449338570237,21.186536448212944,1.7672290267403739,2.1170947457408005,-1.0,-1.0,0.25686045616978037,0.25686045616978037,4592.570084632853,4611.380098924934,4593.806597444047,0.19511585000683834,0.0,0.34338021654740675,0.8102801267892766,0.8618106937099744
