target_id,prot_ps,prot_acf,prot_cs,e_prot_ps,E_prot_ps,e_prot_acf,E_prot_acf,e_prot_cs,E_prot_cs,sph_ps,sph_acf,sph_cs,h_ps,fa_prob_ps,hacf,gacf,hcs
5350807,121.74904636174497,-1.0,7.80345251857974,1.2058672130997365,1.2302325886190886,-1.0,-1.0,0.058766935759464727,0.058766935759464727,344.19718252636056,-1.0,333.62794227364213,0.014371018995761913,5.585445719008898e-220,-1.0,-1.0,0.014883399542363592
