target_id,prot_ps,prot_acf,prot_cs,e_prot_ps,E_prot_ps,e_prot_acf,E_prot_acf,e_prot_cs,E_prot_cs,sph_ps,sph_acf,sph_cs,h_ps,fa_prob_ps,hacf,gacf,hcs
5303625,72.93532858232533,-1.0,73.44302174673525,1.232119844163904,1.2756507979515987,-1.0,-1.0,3.382441154281182,3.382441154281182,4377.146227274713,-1.0,4367.279855508687,0.1702861111491479,0.0,-1.0,-1.0,0.24985707932401283
