target_id,prot_ps,prot_acf,prot_cs,e_prot_ps,E_prot_ps,e_prot_acf,E_prot_acf,e_prot_cs,E_prot_cs,sph_ps,sph_acf,sph_cs,h_ps,fa_prob_ps,hacf,gacf,hcs
5354939,91.31180625281756,-1.0,91.93545100259065,0.9040886417407279,0.9223531751489418,-1.0,-1.0,4.232669659488419,4.232669659488419,1337.7909709697776,-1.0,1334.1708183756964,0.13734544336717786,0.0,-1.0,-1.0,0.7247480425929677
