target_id,prot_ps,prot_acf,prot_cs,e_prot_ps,E_prot_ps,e_prot_acf,E_prot_acf,e_prot_cs,E_prot_cs,sph_ps,sph_acf,sph_cs,h_ps,fa_prob_ps,hacf,gacf,hcs
5373246,9.188589006680965,9.399489657953382,9.307742465422487,0.5626303475238483,0.6402535411075512,-1.0,-1.0,0.7828421008924549,0.7828421008924549,730.535178286033,760.5776627833158,754.0552924016059,0.03591300402828839,0.0,0.4191042377142802,0.5189016572952074,0.7838993522995326
