target_id,prot_ps,prot_acf,prot_cs,e_prot_ps,E_prot_ps,e_prot_acf,E_prot_acf,e_prot_cs,E_prot_cs,sph_ps,sph_acf,sph_cs,h_ps,fa_prob_ps,hacf,gacf,hcs
5389184,73.0474356825811,-1.0,73.52494680656143,6.68013775877219,8.193749534161213,-1.0,-1.0,3.694326588567193,3.694326588567193,456.91250577555263,-1.0,457.1920703922085,0.09314145601307984,0.0,-1.0,-1.0,0.6752044446052172
