target_id,prot_ps,prot_acf,prot_cs,e_prot_ps,E_prot_ps,e_prot_acf,E_prot_acf,e_prot_cs,E_prot_cs,sph_ps,sph_acf,sph_cs,h_ps,fa_prob_ps,hacf,gacf,hcs
5308387,47.12822359640815,-1.0,63.72239790150066,18.18074380892429,76.98105572397641,-1.0,-1.0,9.341028098440875,9.341028098440875,594.1742586714049,-1.0,581.2856142200083,0.07490167376926395,0.0,-1.0,-1.0,0.20997876263496226
