target_id,prot_ps,prot_acf,prot_cs,e_prot_ps,E_prot_ps,e_prot_acf,E_prot_acf,e_prot_cs,E_prot_cs,sph_ps,sph_acf,sph_cs,h_ps,fa_prob_ps,hacf,gacf,hcs
5355471,30.437269077650306,-1.0,64.10180191212332,18.00537992954311,-105.12071998930921,-1.0,-1.0,9.391072030632033,9.391072030632033,258.5983148079428,-1.0,257.665460220319,0.03731887477580613,0.0,-1.0,-1.0,0.15757916607258488
