target_id,prot_ps,prot_acf,prot_cs,e_prot_ps,E_prot_ps,e_prot_acf,E_prot_acf,e_prot_cs,E_prot_cs,sph_ps,sph_acf,sph_cs,h_ps,fa_prob_ps,hacf,gacf,hcs
5306984,3.199914638840922,3.208106353878975,3.198813982970013,0.03858941146715145,0.039552929362181466,-1.0,-1.0,0.0461965380228201,0.0461965380228201,18034.16546341569,17976.196639449892,18034.16546341569,0.3204808408463819,0.0,0.8349808198698331,1.4548618204288615,0.12742003621855832
