target_id,prot_ps,prot_acf,prot_cs,e_prot_ps,E_prot_ps,e_prot_acf,E_prot_acf,e_prot_cs,E_prot_cs,sph_ps,sph_acf,sph_cs,h_ps,fa_prob_ps,hacf,gacf,hcs
5461440,91.31091858601665,-1.0,91.58247846774056,0.9031419054207106,0.9213777026915011,-1.0,-1.0,4.4377179064971175,4.4377179064971175,889.8779690192541,-1.0,889.6667915146746,0.07338179253516684,0.0,-1.0,-1.0,0.4948617600454111
