target_id,prot_ps,prot_acf,prot_cs,e_prot_ps,E_prot_ps,e_prot_acf,E_prot_acf,e_prot_cs,E_prot_cs,sph_ps,sph_acf,sph_cs,h_ps,fa_prob_ps,hacf,gacf,hcs
5437806,54.11061115259844,53.94492790102959,53.931144458425734,6.008165621090193,7.745380725385928,-1.0,-1.0,1.9475622156908405,1.9475622156908405,338.7677023301345,330.2396454534635,330.2311649205108,0.14024718563089142,0.0,0.34604527058194756,0.902247816019283,0.9829288045987165
