target_id,prot_ps,prot_acf,prot_cs,e_prot_ps,E_prot_ps,e_prot_acf,E_prot_acf,e_prot_cs,E_prot_cs,sph_ps,sph_acf,sph_cs,h_ps,fa_prob_ps,hacf,gacf,hcs
5440148,73.04938949284373,-1.0,92.39650508673395,32.233882900987155,255.21228690242384,-1.0,-1.0,4.570517084926644,4.570517084926644,623.5003428657922,-1.0,623.5366355144879,0.02355938264598341,0.0,-1.0,-1.0,0.0277585063984705
