target_id,prot_ps,prot_acf,prot_cs,e_prot_ps,E_prot_ps,e_prot_acf,E_prot_acf,e_prot_cs,E_prot_cs,sph_ps,sph_acf,sph_cs,h_ps,fa_prob_ps,hacf,gacf,hcs
5481001,54.11078531448439,-1.0,65.70501951076092,16.51854567495343,41.75989391811409,-1.0,-1.0,11.699221818590487,11.699221818590487,1211.2519049157495,-1.0,1167.586330602816,0.04235204581185547,0.0,-1.0,-1.0,0.194829212486768
