target_id,prot_ps,prot_acf,prot_cs,e_prot_ps,E_prot_ps,e_prot_acf,E_prot_acf,e_prot_cs,E_prot_cs,sph_ps,sph_acf,sph_cs,h_ps,fa_prob_ps,hacf,gacf,hcs
5446518,2.257539486039982,2.3090169075876474,2.305275169699585,0.02962940611658471,0.030419922518599485,-1.0,-1.0,0.051219597512470016,0.051219597512470016,3024.7497952400877,3026.270572995554,3019.1709975151016,0.08883735501249213,0.0,0.7807892194035175,1.0743724875323375,0.14452526218099032
