target_id,prot_ps,prot_acf,prot_cs,e_prot_ps,E_prot_ps,e_prot_acf,E_prot_acf,e_prot_cs,E_prot_cs,sph_ps,sph_acf,sph_cs,h_ps,fa_prob_ps,hacf,gacf,hcs
5476871,74.8785642988004,-1.0,74.74643700942627,2.8311710795744176,3.0652596930263343,-1.0,-1.0,2.76503460581336,2.76503460581336,2271.6206538801134,-1.0,2271.553390458596,0.20673653643664955,0.0,-1.0,-1.0,0.32369411481959914
