target_id,prot_ps,prot_acf,prot_cs,e_prot_ps,E_prot_ps,e_prot_acf,E_prot_acf,e_prot_cs,E_prot_cs,sph_ps,sph_acf,sph_cs,h_ps,fa_prob_ps,hacf,gacf,hcs
5436508,2.044406266820455,2.1046725092455745,59.39237180391236,0.21009229852393974,0.26376062956636126,-1.0,-1.0,0.35485863735925754,0.35485863735925754,1229.0032905467733,1228.6435479818379,1348.7453069145158,0.13749049418544987,0.0,0.6804562644924369,1.092822898948019,0.04286245802898115
