target_id,prot_ps,prot_acf,prot_cs,e_prot_ps,E_prot_ps,e_prot_acf,E_prot_acf,e_prot_cs,E_prot_cs,sph_ps,sph_acf,sph_cs,h_ps,fa_prob_ps,hacf,gacf,hcs
5426997,89.96491131150195,-1.0,98.59438842927106,8.189188310767605,9.989646356972955,-1.0,-1.0,18.218726964372287,18.218726964372287,1940.5598189145883,-1.0,1940.5598189145883,0.39144696284023284,0.0,-1.0,-1.0,0.4190724470347149
