target_id,prot_ps,prot_acf,prot_cs,e_prot_ps,E_prot_ps,e_prot_acf,E_prot_acf,e_prot_cs,E_prot_cs,sph_ps,sph_acf,sph_cs,h_ps,fa_prob_ps,hacf,gacf,hcs
5546124,72.93436293402067,-1.0,96.35939963960564,23.58675572509398,65.57816919965143,-1.0,-1.0,17.69115196184461,17.69115196184461,1566.953127147177,-1.0,1553.196899517215,0.18233218185290967,0.0,-1.0,-1.0,0.08680732349083566
