target_id,prot_ps,prot_acf,prot_cs,e_prot_ps,E_prot_ps,e_prot_acf,E_prot_acf,e_prot_cs,E_prot_cs,sph_ps,sph_acf,sph_cs,h_ps,fa_prob_ps,hacf,gacf,hcs
5536332,73.0490732512341,-1.0,90.93051970939472,17.57764949449426,33.57353950831035,-1.0,-1.0,4.750286971673472,4.750286971673472,442.33275715280655,-1.0,446.1803939401011,0.07596329541160249,0.0,-1.0,-1.0,0.38550401607381213
