target_id,prot_ps,prot_acf,prot_cs,e_prot_ps,E_prot_ps,e_prot_acf,E_prot_acf,e_prot_cs,E_prot_cs,sph_ps,sph_acf,sph_cs,h_ps,fa_prob_ps,hacf,gacf,hcs
5536952,74.8785829616013,91.58357913605869,75.61754937395452,4.629799089003853,5.290582947124449,-1.0,-1.0,6.199267165781514,6.199267165781514,1220.6551540119922,1248.8257789549634,1219.4041922713204,0.07529053182334947,0.0,0.6015078615562564,0.6719996952677139,0.6878957960900812
