target_id,prot_ps,prot_acf,prot_cs,e_prot_ps,E_prot_ps,e_prot_acf,E_prot_acf,e_prot_cs,E_prot_cs,sph_ps,sph_acf,sph_cs,h_ps,fa_prob_ps,hacf,gacf,hcs
5597401,1.6171103639458146,3.1058680675923824,3.1257904862658816,0.2298047865690689,0.319783751552722,-1.0,-1.0,0.06389422630803394,0.06389422630803394,17414.682621770153,17786.078212730397,17728.942181571405,0.15210694647931053,0.0,0.7908631447262277,1.1816776604014327,0.08181507688062353
