target_id,prot_ps,prot_acf,prot_cs,e_prot_ps,E_prot_ps,e_prot_acf,E_prot_acf,e_prot_cs,E_prot_cs,sph_ps,sph_acf,sph_cs,h_ps,fa_prob_ps,hacf,gacf,hcs
5565156,73.04859033229832,-1.0,73.80173195678739,2.8122569491417835,3.0443157501078275,-1.0,-1.0,3.90143639392932,3.90143639392932,687.9043058419328,-1.0,687.9561942016637,0.3302654822970556,0.0,-1.0,-1.0,0.858817026493301
