target_id,prot_ps,prot_acf,prot_cs,e_prot_ps,E_prot_ps,e_prot_acf,E_prot_acf,e_prot_cs,E_prot_cs,sph_ps,sph_acf,sph_cs,h_ps,fa_prob_ps,hacf,gacf,hcs
5512558,9.037414023799197,8.704621779732406,9.00626746693677,0.3159216265656646,0.33950477441846694,-1.0,-1.0,0.07020748400089395,0.07020748400089395,4014.7206262111868,4138.327286635591,4026.432631409473,0.0914185543962332,0.0,0.4725939857741429,0.492309461090768,0.7927856091943623
