target_id,prot_ps,prot_acf,prot_cs,e_prot_ps,E_prot_ps,e_prot_acf,E_prot_acf,e_prot_cs,E_prot_cs,sph_ps,sph_acf,sph_cs,h_ps,fa_prob_ps,hacf,gacf,hcs
5559651,73.04955685949912,-1.0,73.4477167264532,23.52002521030977,67.27437614034669,-1.0,-1.0,3.3364784345729617,3.3364784345729617,644.8255742869962,-1.0,644.9191798692862,0.1259609304606218,0.0,-1.0,-1.0,0.25336324399835697
