target_id,prot_ps,prot_acf,prot_cs,e_prot_ps,E_prot_ps,e_prot_acf,E_prot_acf,e_prot_cs,E_prot_cs,sph_ps,sph_acf,sph_cs,h_ps,fa_prob_ps,hacf,gacf,hcs
5536250,4.454224282777104,4.5975761488080025,4.457809833884238,0.12500181646720243,0.13235633355208876,-1.0,-1.0,0.2666787536058799,0.2666787536058799,3332.873806920348,3318.92603187427,3328.145068459433,0.06604817995024467,0.0,0.7218729360191667,1.073322680400309,0.45933521933205207
