target_id,prot_ps,prot_acf,prot_cs,e_prot_ps,E_prot_ps,e_prot_acf,E_prot_acf,e_prot_cs,E_prot_cs,sph_ps,sph_acf,sph_cs,h_ps,fa_prob_ps,hacf,gacf,hcs
5535947,14.047948960978287,13.506667506881058,14.04780757990971,0.8262474613563846,0.9376483282831352,-1.0,-1.0,0.7796863609975946,0.7796863609975946,1377.7861829190833,1367.687960800621,1377.7861829190833,0.07670166044909316,0.0,0.3377207861575167,0.5984934707832629,0.7562648609536544
