target_id,prot_ps,prot_acf,prot_cs,e_prot_ps,E_prot_ps,e_prot_acf,E_prot_acf,e_prot_cs,E_prot_cs,sph_ps,sph_acf,sph_cs,h_ps,fa_prob_ps,hacf,gacf,hcs
5544402,60.874410607876676,-1.0,76.10277581898497,18.225654370066493,44.75928683450775,-1.0,-1.0,4.818101191861474,4.818101191861474,510.29430907363997,-1.0,507.2715422269619,0.05954482126910345,0.0,-1.0,-1.0,0.05389597963562154
