target_id,prot_ps,prot_acf,prot_cs,e_prot_ps,E_prot_ps,e_prot_acf,E_prot_acf,e_prot_cs,E_prot_cs,sph_ps,sph_acf,sph_cs,h_ps,fa_prob_ps,hacf,gacf,hcs
5544935,60.874451412859415,-1.0,93.46854372641118,24.839965821927528,129.33692780712735,-1.0,-1.0,2.8362886719251077,2.8362886719251077,646.44792809685,-1.0,650.8057667159916,0.05378045889608895,0.0,-1.0,-1.0,0.006885187550799643
