target_id,prot_ps,prot_acf,prot_cs,e_prot_ps,E_prot_ps,e_prot_acf,E_prot_acf,e_prot_cs,E_prot_cs,sph_ps,sph_acf,sph_cs,h_ps,fa_prob_ps,hacf,gacf,hcs
5560949,61.99502756011145,-1.0,62.23197788938503,0.6137899363717736,0.6261895052566118,-1.0,-1.0,1.9373193919110276,1.9373193919110276,975.7618530552794,-1.0,975.7707768661963,0.1242008825169018,0.0,-1.0,-1.0,0.12119224886205245
