target_id,prot_ps,prot_acf,prot_cs,e_prot_ps,E_prot_ps,e_prot_acf,E_prot_acf,e_prot_cs,E_prot_cs,sph_ps,sph_acf,sph_cs,h_ps,fa_prob_ps,hacf,gacf,hcs
5512227,62.05352631908132,64.6719757374376,62.20249789490742,0.6143218091313614,0.6267316377359577,-1.0,-1.0,1.9926901892332556,1.9926901892332556,947.9457589889025,950.3931637880951,947.973685462014,0.11369608331964634,0.0,0.055563520845512665,0.24586763073303397,0.9543392394481666
