target_id,prot_ps,prot_acf,prot_cs,e_prot_ps,E_prot_ps,e_prot_acf,E_prot_acf,e_prot_cs,E_prot_cs,sph_ps,sph_acf,sph_cs,h_ps,fa_prob_ps,hacf,gacf,hcs
5515865,75.1531728536158,-1.0,95.51645431064343,0.7448171178316301,0.7598713811095621,-1.0,-1.0,4.300697894419066,4.300697894419066,315.27686813737773,-1.0,314.0389869696572,0.15956446762205184,0.0,-1.0,-1.0,0.4903324751519388
