target_id,prot_ps,prot_acf,prot_cs,e_prot_ps,E_prot_ps,e_prot_acf,E_prot_acf,e_prot_cs,E_prot_cs,sph_ps,sph_acf,sph_cs,h_ps,fa_prob_ps,hacf,gacf,hcs
5638251,61.99499186823019,-1.0,94.45109038770698,22.625095525153178,81.56177949820318,-1.0,-1.0,18.497432302935703,18.497432302935703,1216.6443757994923,-1.0,1231.3435480862343,0.05646280932206773,0.0,-1.0,-1.0,0.38254878696225336
