target_id,prot_ps,prot_acf,prot_cs,e_prot_ps,E_prot_ps,e_prot_acf,E_prot_acf,e_prot_cs,E_prot_cs,sph_ps,sph_acf,sph_cs,h_ps,fa_prob_ps,hacf,gacf,hcs
5629662,73.04872395552333,-1.0,92.2112124221213,22.24787205868916,56.044629966561715,-1.0,-1.0,6.644144479649202,6.644144479649202,450.5226080908822,-1.0,452.7857377101509,0.07368446571505358,0.0,-1.0,-1.0,0.2648252993342334
