target_id,prot_ps,prot_acf,prot_cs,e_prot_ps,E_prot_ps,e_prot_acf,E_prot_acf,e_prot_cs,E_prot_cs,sph_ps,sph_acf,sph_cs,h_ps,fa_prob_ps,hacf,gacf,hcs
5632729,60.87440096430728,-1.0,73.80152172468601,18.7953099168981,48.3587638427738,-1.0,-1.0,4.553852967932755,4.553852967932755,545.3192033244022,-1.0,544.4174353183798,0.07235092914693408,0.0,-1.0,-1.0,0.13439167427611165
