target_id,prot_ps,prot_acf,prot_cs,e_prot_ps,E_prot_ps,e_prot_acf,E_prot_acf,e_prot_cs,E_prot_cs,sph_ps,sph_acf,sph_cs,h_ps,fa_prob_ps,hacf,gacf,hcs
5623673,73.04914705430673,-1.0,73.32694894111208,16.56403504311391,30.430353617659975,-1.0,-1.0,2.837688187258747,2.837688187258747,967.4540822915912,-1.0,967.7875321742636,0.1535675504475852,0.0,-1.0,-1.0,0.4044680034467435
