target_id,prot_ps,prot_acf,prot_cs,e_prot_ps,E_prot_ps,e_prot_acf,E_prot_acf,e_prot_cs,E_prot_cs,sph_ps,sph_acf,sph_cs,h_ps,fa_prob_ps,hacf,gacf,hcs
5621887,72.93521856237336,-1.0,73.02113294148094,0.7148154306716492,0.7291817119029673,-1.0,-1.0,3.331607386790227,3.331607386790227,1433.73861800698,-1.0,1433.9003504315024,0.07732179509827458,0.0,-1.0,-1.0,0.21769656652771724
