target_id,prot_ps,prot_acf,prot_cs,e_prot_ps,E_prot_ps,e_prot_acf,E_prot_acf,e_prot_cs,E_prot_cs,sph_ps,sph_acf,sph_cs,h_ps,fa_prob_ps,hacf,gacf,hcs
5699984,16.53177201231467,16.61267926124856,16.675615364722905,0.5619427708278586,0.6025536939935741,-1.0,-1.0,0.4935781946180107,0.4935781946180107,2980.6897347095437,2980.271354616051,2982.8462015302803,0.09676912275037874,0.0,0.20052365838997602,0.506355019920288,0.9330833639386936
