target_id,prot_ps,prot_acf,prot_cs,e_prot_ps,E_prot_ps,e_prot_acf,E_prot_acf,e_prot_cs,E_prot_cs,sph_ps,sph_acf,sph_cs,h_ps,fa_prob_ps,hacf,gacf,hcs
5688091,54.555161828205115,-1.0,98.595160090713,16.825315944329255,43.213891402738454,-1.0,-1.0,18.707739542042436,18.707739542042436,846.5851658248808,-1.0,846.5851658248808,0.2011723291598294,0.0,-1.0,-1.0,0.35403258324356807
