target_id,prot_ps,prot_acf,prot_cs,e_prot_ps,E_prot_ps,e_prot_acf,E_prot_acf,e_prot_cs,E_prot_cs,sph_ps,sph_acf,sph_cs,h_ps,fa_prob_ps,hacf,gacf,hcs
5637313,5.219702277355624,5.210602094884962,5.203047369353562,0.13614011864464182,0.14356511740307187,-1.0,-1.0,0.05572347183162672,0.05572347183162672,3503.3136925721433,3537.9020589745332,3530.6706781620496,0.14930461016877425,0.0,0.7304334800036585,1.0264906309985582,0.641895524947121
