target_id,prot_ps,prot_acf,prot_cs,e_prot_ps,E_prot_ps,e_prot_acf,E_prot_acf,e_prot_cs,E_prot_cs,sph_ps,sph_acf,sph_cs,h_ps,fa_prob_ps,hacf,gacf,hcs
5636733,52.1775964158448,59.257958736270666,52.415017372588466,15.977201842025842,40.5813499416789,-1.0,-1.0,1.373254304876682,1.373254304876682,235.72416670028602,236.53315485875623,235.4426011336318,0.07826578860345977,0.0,0.17760196330930003,0.46704777460159563,0.6054439432520917
