target_id,prot_ps,prot_acf,prot_cs,e_prot_ps,E_prot_ps,e_prot_acf,E_prot_acf,e_prot_cs,E_prot_cs,sph_ps,sph_acf,sph_cs,h_ps,fa_prob_ps,hacf,gacf,hcs
5784065,9.496499667839108,9.317791275680065,9.447941174097128,1.163287295907212,1.5402087992955256,-1.0,-1.0,0.689936941836136,0.689936941836136,2098.199705791811,2088.5586958403746,2095.2351439817735,0.04799859134049239,0.0,0.4349027684487105,0.6984852466171002,0.9066770980311354
