target_id,prot_ps,prot_acf,prot_cs,e_prot_ps,E_prot_ps,e_prot_acf,E_prot_acf,e_prot_cs,E_prot_cs,sph_ps,sph_acf,sph_cs,h_ps,fa_prob_ps,hacf,gacf,hcs
5726023,27.258488059979538,28.93426253646612,27.49000146578997,2.351327842977586,2.8356431427055497,-1.0,-1.0,2.590994951340125,2.590994951340125,704.8431931311378,724.5181950580987,699.5698739583429,0.13169531058504227,0.0,0.2210838131300298,0.7149680763608699,0.8091081009708124
