target_id,prot_ps,prot_acf,prot_cs,e_prot_ps,E_prot_ps,e_prot_acf,E_prot_acf,e_prot_cs,E_prot_cs,sph_ps,sph_acf,sph_cs,h_ps,fa_prob_ps,hacf,gacf,hcs
5707157,0.4073594371561563,0.49038567021489143,0.4064939604674476,0.004032746354133698,0.0041142106931528755,-1.0,-1.0,0.030282410024148762,0.030282410024148762,361.27354327073766,363.82307235475037,361.27354327073766,0.36756674324563093,0.0,0.5561506415790972,0.2856730858953653,0.238408088387944
