target_id,prot_ps,prot_acf,prot_cs,e_prot_ps,E_prot_ps,e_prot_acf,E_prot_acf,e_prot_cs,E_prot_cs,sph_ps,sph_acf,sph_cs,h_ps,fa_prob_ps,hacf,gacf,hcs
5792823,73.04933604835404,-1.0,73.35212759861287,20.47652316864781,46.01626459574871,-1.0,-1.0,2.529283483547212,2.529283483547212,577.8392216921499,-1.0,577.9897941887963,0.15192422319711918,0.0,-1.0,-1.0,0.23893710246824604
