target_id,prot_ps,prot_acf,prot_cs,e_prot_ps,E_prot_ps,e_prot_acf,E_prot_acf,e_prot_cs,E_prot_cs,sph_ps,sph_acf,sph_cs,h_ps,fa_prob_ps,hacf,gacf,hcs
5770431,0.19622178173464835,0.2043337281793356,62.81951352394064,0.001963544646936294,0.0020034267498063862,-1.0,-1.0,0.14667584709803483,0.14667584709803483,40914.67082811856,40878.69709106122,47513.605064581716,0.6937429596629446,0.0,0.42930883945085413,0.4025210433197798,0.002768287208146658
