target_id,prot_ps,prot_acf,prot_cs,e_prot_ps,E_prot_ps,e_prot_acf,E_prot_acf,e_prot_cs,E_prot_cs,sph_ps,sph_acf,sph_cs,h_ps,fa_prob_ps,hacf,gacf,hcs
5772478,92.64118024283161,-1.0,92.79450416602215,0.916102000438201,0.934597459760937,-1.0,-1.0,4.311209310211563,4.311209310211563,253.77796219460643,-1.0,253.81026821316456,0.07406251051368755,0.0,-1.0,-1.0,0.5220297259280957
