target_id,prot_ps,prot_acf,prot_cs,e_prot_ps,E_prot_ps,e_prot_acf,E_prot_acf,e_prot_cs,E_prot_cs,sph_ps,sph_acf,sph_cs,h_ps,fa_prob_ps,hacf,gacf,hcs
5705922,65.73772352736603,-1.0,64.71154131577818,17.53520197569275,37.16304667776433,-1.0,-1.0,7.561681049078368,7.561681049078368,592.5011622301784,-1.0,592.5011622301784,0.27056066339959756,0.0,-1.0,-1.0,0.28350340387937883
