target_id,prot_ps,prot_acf,prot_cs,e_prot_ps,E_prot_ps,e_prot_acf,E_prot_acf,e_prot_cs,E_prot_cs,sph_ps,sph_acf,sph_cs,h_ps,fa_prob_ps,hacf,gacf,hcs
5717033,73.04941650890008,-1.0,73.80165963694452,15.333678199975893,26.23915373140491,-1.0,-1.0,4.095507159491698,4.095507159491698,281.6627807971054,-1.0,281.726645581379,0.10253913157201208,0.0,-1.0,-1.0,0.40300496653223594
