target_id,prot_ps,prot_acf,prot_cs,e_prot_ps,E_prot_ps,e_prot_acf,E_prot_acf,e_prot_cs,E_prot_cs,sph_ps,sph_acf,sph_cs,h_ps,fa_prob_ps,hacf,gacf,hcs
5700798,40.58254028185654,-1.0,77.64038964444227,0.40205839260933374,0.4101833599488103,-1.0,-1.0,13.238705586529953,13.238705586529953,483.31399688948244,-1.0,490.7074246208489,0.021080386074770505,0.0,-1.0,-1.0,0.16047198894468132
