target_id,prot_ps,prot_acf,prot_cs,e_prot_ps,E_prot_ps,e_prot_acf,E_prot_acf,e_prot_cs,E_prot_cs,sph_ps,sph_acf,sph_cs,h_ps,fa_prob_ps,hacf,gacf,hcs
5731329,53.90790039256389,67.57451135804877,62.67796459157481,18.039363972830536,53.461593693543875,-1.0,-1.0,3.156476785401682,3.156476785401682,835.6919144564014,833.9321369095034,837.4653420595524,0.08135313949066171,0.0,0.09354006189910939,0.3864422406365297,0.38804591810840106
