target_id,prot_ps,prot_acf,prot_cs,e_prot_ps,E_prot_ps,e_prot_acf,E_prot_acf,e_prot_cs,E_prot_cs,sph_ps,sph_acf,sph_cs,h_ps,fa_prob_ps,hacf,gacf,hcs
5702820,52.17755178992467,58.46088681835681,53.04291847184542,12.762319873324444,24.747386842412332,-1.0,-1.0,2.825239330219435,2.825239330219435,345.04991245668117,342.93300824622116,342.95047430541786,0.047040348419845245,0.0,0.36606083042509524,0.8418094277881787,0.7305281790267665
