target_id,prot_ps,prot_acf,prot_cs,e_prot_ps,E_prot_ps,e_prot_acf,E_prot_acf,e_prot_cs,E_prot_cs,sph_ps,sph_acf,sph_cs,h_ps,fa_prob_ps,hacf,gacf,hcs
5796099,73.04917435322217,-1.0,91.59321187193245,18.94556188330624,38.94417480247269,-1.0,-1.0,3.8260302194716433,3.8260302194716433,610.1877301836337,-1.0,611.6798501911304,0.09246976612480959,0.0,-1.0,-1.0,0.49818825926324406
