target_id,prot_ps,prot_acf,prot_cs,e_prot_ps,E_prot_ps,e_prot_acf,E_prot_acf,e_prot_cs,E_prot_cs,sph_ps,sph_acf,sph_cs,h_ps,fa_prob_ps,hacf,gacf,hcs
5771734,75.15307188614644,-1.0,95.48329217552026,0.7443432940526407,0.7593831320530171,-1.0,-1.0,4.178931782530887,4.178931782530887,764.1625260247956,-1.0,761.3751547569864,0.07890826404961374,0.0,-1.0,-1.0,0.5246336512975208
