target_id,prot_ps,prot_acf,prot_cs,e_prot_ps,E_prot_ps,e_prot_acf,E_prot_acf,e_prot_cs,E_prot_cs,sph_ps,sph_acf,sph_cs,h_ps,fa_prob_ps,hacf,gacf,hcs
5706179,21.48512936317995,21.128463317640126,21.632920968756434,0.7429518951914318,0.7981077989699514,-1.0,-1.0,0.42687983324730056,0.42687983324730056,986.1823542465356,1006.7995782371938,980.6366581562257,0.13950721308070985,0.0,0.27962408049041515,0.6943479649337889,0.9707834991575681
