target_id,prot_ps,prot_acf,prot_cs,e_prot_ps,E_prot_ps,e_prot_acf,E_prot_acf,e_prot_cs,E_prot_cs,sph_ps,sph_acf,sph_cs,h_ps,fa_prob_ps,hacf,gacf,hcs
5894044,0.6438837867302037,63.671634659171104,56.42768355972396,0.01991286623914723,0.021239731027279163,-1.0,-1.0,2.663743932732547,2.663743932732547,313.18744232772957,479.1216528052963,474.09013378388755,0.14509268022083166,0.0,0.2020625613756012,0.5081016914243539,0.2416895236355512
