target_id,prot_ps,prot_acf,prot_cs,e_prot_ps,E_prot_ps,e_prot_acf,E_prot_acf,e_prot_cs,E_prot_cs,sph_ps,sph_acf,sph_cs,h_ps,fa_prob_ps,hacf,gacf,hcs
5858361,20.998685689541407,21.230275325477123,21.236201003864405,1.6314838882958433,1.928092480348397,-1.0,-1.0,2.177685331318983,2.177685331318983,3122.143201529893,3161.328874338241,3161.841821674704,0.13431449242205712,0.0,0.600407991546817,1.2739011827871005,0.917128924363685
