target_id,prot_ps,prot_acf,prot_cs,e_prot_ps,E_prot_ps,e_prot_acf,E_prot_acf,e_prot_cs,E_prot_cs,sph_ps,sph_acf,sph_cs,h_ps,fa_prob_ps,hacf,gacf,hcs
5879321,5.585142470037539,5.701012613251805,5.604532882568547,0.0945599207540262,0.09783976667623673,-1.0,-1.0,0.055569756775345286,0.055569756775345286,5922.231548212216,5983.08704197256,5923.784209349611,0.2461040881435914,0.0,0.7385462895620609,1.0579922261542691,0.5529227232542713
