target_id,prot_ps,prot_acf,prot_cs,e_prot_ps,E_prot_ps,e_prot_acf,E_prot_acf,e_prot_cs,E_prot_cs,sph_ps,sph_acf,sph_cs,h_ps,fa_prob_ps,hacf,gacf,hcs
5801326,73.59769389558114,-1.0,74.02838103993541,18.220479352321007,35.98069711078337,-1.0,-1.0,2.7090183315705607,2.7090183315705607,216.6787930469941,-1.0,216.74660518565577,0.1251583895596357,0.0,-1.0,-1.0,0.19169814023107093
