target_id,prot_ps,prot_acf,prot_cs,e_prot_ps,E_prot_ps,e_prot_acf,E_prot_acf,e_prot_cs,E_prot_cs,sph_ps,sph_acf,sph_cs,h_ps,fa_prob_ps,hacf,gacf,hcs
5807917,73.04951258885578,-1.0,73.56645528649413,1.294231557038671,1.341283822569494,-1.0,-1.0,3.078382917458842,3.078382917458842,2584.739590598165,-1.0,2582.760579401154,0.06725570858977355,0.0,-1.0,-1.0,0.5440769665575149
