target_id,prot_ps,prot_acf,prot_cs,e_prot_ps,E_prot_ps,e_prot_acf,E_prot_acf,e_prot_cs,E_prot_cs,sph_ps,sph_acf,sph_cs,h_ps,fa_prob_ps,hacf,gacf,hcs
5897057,73.04845547590668,-1.0,90.89252267716785,13.514139943460009,21.32592945361705,-1.0,-1.0,5.345175149381591,5.345175149381591,890.8817755450373,-1.0,890.9523076675363,0.13614079878840954,0.0,-1.0,-1.0,0.5913770470896349
