target_id,prot_ps,prot_acf,prot_cs,e_prot_ps,E_prot_ps,e_prot_acf,E_prot_acf,e_prot_cs,E_prot_cs,sph_ps,sph_acf,sph_cs,h_ps,fa_prob_ps,hacf,gacf,hcs
5888258,60.87432587562194,-1.0,61.45991785288788,0.9598219091217857,0.9907524003672279,-1.0,-1.0,2.9875475319717726,2.9875475319717726,1091.0556940729234,-1.0,1091.6146578819644,0.06791122133114684,0.0,-1.0,-1.0,0.22834462188253551
