target_id,prot_ps,prot_acf,prot_cs,e_prot_ps,E_prot_ps,e_prot_acf,E_prot_acf,e_prot_cs,E_prot_cs,sph_ps,sph_acf,sph_cs,h_ps,fa_prob_ps,hacf,gacf,hcs
5814526,73.04935779265519,-1.0,91.33105935569397,20.747277447386992,48.669949784775284,-1.0,-1.0,4.752762386280433,4.752762386280433,824.4206357063966,-1.0,825.129260813905,0.10865625059202454,0.0,-1.0,-1.0,0.5992638639275542
