target_id,prot_ps,prot_acf,prot_cs,e_prot_ps,E_prot_ps,e_prot_acf,E_prot_acf,e_prot_cs,E_prot_cs,sph_ps,sph_acf,sph_cs,h_ps,fa_prob_ps,hacf,gacf,hcs
5881857,121.74854934520354,-1.0,7.388392222598195,1.2056423566199186,1.230000933498573,-1.0,-1.0,0.811149514694366,0.811149514694366,458.67840996516134,-1.0,425.4224007571118,0.06598115034631809,0.0,-1.0,-1.0,0.011554124235098414
