target_id,prot_ps,prot_acf,prot_cs,e_prot_ps,E_prot_ps,e_prot_acf,E_prot_acf,e_prot_cs,E_prot_cs,sph_ps,sph_acf,sph_cs,h_ps,fa_prob_ps,hacf,gacf,hcs
5809184,47.12804190061802,-1.0,90.45255753560784,15.123856678813496,41.4808713241792,-1.0,-1.0,5.443631288752341,5.443631288752341,383.03254393738325,-1.0,384.80387174802905,0.09257020515288589,0.0,-1.0,-1.0,0.17308899189977495
