target_id,prot_ps,prot_acf,prot_cs,e_prot_ps,E_prot_ps,e_prot_acf,E_prot_acf,e_prot_cs,E_prot_cs,sph_ps,sph_acf,sph_cs,h_ps,fa_prob_ps,hacf,gacf,hcs
5819225,73.0494442231814,-1.0,73.49677616075384,1.293799542152172,1.3408198757978198,-1.0,-1.0,2.943065127321915,2.943065127321915,722.5962821151173,-1.0,722.6259916644586,0.12168370391935161,0.0,-1.0,-1.0,0.38895108364906694
