target_id,prot_ps,prot_acf,prot_cs,e_prot_ps,E_prot_ps,e_prot_acf,E_prot_acf,e_prot_cs,E_prot_cs,sph_ps,sph_acf,sph_cs,h_ps,fa_prob_ps,hacf,gacf,hcs
5893143,24.76220228511807,-1.0,73.80176054835319,0.4452445385567465,0.461741454605594,-1.0,-1.0,4.531023796707164,4.531023796707164,705.9184788690354,-1.0,723.183212765744,0.08054902363307327,0.0,-1.0,-1.0,0.14126208536262416
