target_id,prot_ps,prot_acf,prot_cs,e_prot_ps,E_prot_ps,e_prot_acf,E_prot_acf,e_prot_cs,E_prot_cs,sph_ps,sph_acf,sph_cs,h_ps,fa_prob_ps,hacf,gacf,hcs
5876368,1.0503037423106056,66.96148421615362,73.8018950968968,0.010387745260939774,0.010597482910664091,-1.0,-1.0,3.134452674057463,3.134452674057463,815.8876265115332,928.3390318613253,929.873485172559,0.06295241408521093,0.0,0.2939200217899111,0.4209507106991486,1.0830835362278572
