target_id,prot_ps,prot_acf,prot_cs,e_prot_ps,E_prot_ps,e_prot_acf,E_prot_acf,e_prot_cs,E_prot_cs,sph_ps,sph_acf,sph_cs,h_ps,fa_prob_ps,hacf,gacf,hcs
5963681,72.93043488195961,-1.0,73.6985416156845,14.915356491233133,25.414660734437973,-1.0,-1.0,4.284318835484284,4.284318835484284,1157.4964672829756,-1.0,1155.3749355035286,0.11980309954582447,0.0,-1.0,-1.0,0.4868314863153358
