target_id,prot_ps,prot_acf,prot_cs,e_prot_ps,E_prot_ps,e_prot_acf,E_prot_acf,e_prot_cs,E_prot_cs,sph_ps,sph_acf,sph_cs,h_ps,fa_prob_ps,hacf,gacf,hcs
5962674,21.805764248170544,21.414497777819633,21.650158069107874,0.7634878448213875,0.8215664372989053,-1.0,-1.0,0.38948004445317747,0.38948004445317747,3160.5521169790936,3171.511235598218,3170.004419595839,0.11764001158728092,0.0,0.22914617166490117,0.5741221314693932,0.9589029275171869
