target_id,prot_ps,prot_acf,prot_cs,e_prot_ps,E_prot_ps,e_prot_acf,E_prot_acf,e_prot_cs,E_prot_cs,sph_ps,sph_acf,sph_cs,h_ps,fa_prob_ps,hacf,gacf,hcs
5967092,81.77523465534216,-1.0,82.44494833836279,3.689968476024248,4.051990018123277,-1.0,-1.0,6.254108457050015,6.254108457050015,229.87132619005973,-1.0,229.94727642599167,0.024171984638469212,0.0,-1.0,-1.0,0.15796227075759137
