target_id,prot_ps,prot_acf,prot_cs,e_prot_ps,E_prot_ps,e_prot_acf,E_prot_acf,e_prot_cs,E_prot_cs,sph_ps,sph_acf,sph_cs,h_ps,fa_prob_ps,hacf,gacf,hcs
5938531,15.03066605625569,14.916390031576157,14.936479155718063,0.36414116474437286,0.38281291399851014,-1.0,-1.0,0.3141345945066026,0.3141345945066026,3156.0460931131415,3226.695963248925,3221.5163194339466,0.13920605009870735,0.0,0.48281415041525255,0.8708730452479618,0.9709184415458648
