target_id,prot_ps,prot_acf,prot_cs,e_prot_ps,E_prot_ps,e_prot_acf,E_prot_acf,e_prot_cs,E_prot_cs,sph_ps,sph_acf,sph_cs,h_ps,fa_prob_ps,hacf,gacf,hcs
5964402,73.59782275036676,-1.0,73.91281406748365,13.150196397903855,20.349390125753374,-1.0,-1.0,2.4672001024309185,2.4672001024309185,224.62739338449654,-1.0,224.75546152854864,0.14836486845918218,0.0,-1.0,-1.0,0.5325826493500558
