target_id,prot_ps,prot_acf,prot_cs,e_prot_ps,E_prot_ps,e_prot_acf,E_prot_acf,e_prot_cs,E_prot_cs,sph_ps,sph_acf,sph_cs,h_ps,fa_prob_ps,hacf,gacf,hcs
5939413,52.88552519729874,-1.0,96.15097836942083,16.82471084224902,45.46068342462857,-1.0,-1.0,9.306406151382722,9.306406151382722,347.6293510726167,-1.0,352.60893717214987,0.15867781454668656,0.0,-1.0,-1.0,0.04241067609158392
