target_id,prot_ps,prot_acf,prot_cs,e_prot_ps,E_prot_ps,e_prot_acf,E_prot_acf,e_prot_cs,E_prot_cs,sph_ps,sph_acf,sph_cs,h_ps,fa_prob_ps,hacf,gacf,hcs
5966660,61.33145509223965,-1.0,73.53473430189105,19.12112594988696,49.963581216097616,-1.0,-1.0,3.158037805551398,3.158037805551398,418.1102329802023,-1.0,417.68783925663536,0.12076216888041925,0.0,-1.0,-1.0,0.10131201668358882
