target_id,prot_ps,prot_acf,prot_cs,e_prot_ps,E_prot_ps,e_prot_acf,E_prot_acf,e_prot_cs,E_prot_cs,sph_ps,sph_acf,sph_cs,h_ps,fa_prob_ps,hacf,gacf,hcs
5988823,73.0494057498079,-1.0,72.34023074291727,2.6769872810261575,2.8909944105575676,-1.0,-1.0,4.136804669602017,4.136804669602017,1013.994963005181,-1.0,1017.0909322533546,0.06411495070057607,0.0,-1.0,-1.0,0.2457143133220776
