target_id,prot_ps,prot_acf,prot_cs,e_prot_ps,E_prot_ps,e_prot_acf,E_prot_acf,e_prot_cs,E_prot_cs,sph_ps,sph_acf,sph_cs,h_ps,fa_prob_ps,hacf,gacf,hcs
5991479,26.088815629224815,25.317423754837364,26.2929312690068,5.144213931003158,8.438920520029036,-1.0,-1.0,1.7835491924163513,1.7835491924163513,1281.3014790772597,1322.3435153981757,1284.4180404470108,0.07084189303974703,0.0,0.24192996381563836,0.6235173439969157,0.9673822050067631
