target_id,prot_ps,prot_acf,prot_cs,e_prot_ps,E_prot_ps,e_prot_acf,E_prot_acf,e_prot_cs,E_prot_cs,sph_ps,sph_acf,sph_cs,h_ps,fa_prob_ps,hacf,gacf,hcs
5953057,93.53652992328469,-1.0,94.33604013313533,8.661037825343541,10.605420843515233,-1.0,-1.0,26.810213295452687,26.810213295452687,285.308708278874,-1.0,285.308708278874,0.1995155920649652,1.6575445606128394e-217,-1.0,-1.0,0.5408104342384841
