target_id,prot_ps,prot_acf,prot_cs,e_prot_ps,E_prot_ps,e_prot_acf,E_prot_acf,e_prot_cs,E_prot_cs,sph_ps,sph_acf,sph_cs,h_ps,fa_prob_ps,hacf,gacf,hcs
5977594,91.3106055055446,-1.0,91.36262495579207,0.9034159693642039,0.9216601415085535,-1.0,-1.0,4.012005414607654,4.012005414607654,366.19152778949734,-1.0,366.14931953222595,0.11375257335729799,0.0,-1.0,-1.0,0.5744978826107063
