target_id,prot_ps,prot_acf,prot_cs,e_prot_ps,E_prot_ps,e_prot_acf,E_prot_acf,e_prot_cs,E_prot_cs,sph_ps,sph_acf,sph_cs,h_ps,fa_prob_ps,hacf,gacf,hcs
5906298,45.998574997707635,-1.0,74.40029358204919,19.15453771065269,109.14482258419255,-1.0,-1.0,13.103749513532241,13.103749513532241,418.95333380288406,-1.0,428.5525126754801,0.07649957406429608,0.0,-1.0,-1.0,0.30060858700284443
