target_id,prot_ps,prot_acf,prot_cs,e_prot_ps,E_prot_ps,e_prot_acf,E_prot_acf,e_prot_cs,E_prot_cs,sph_ps,sph_acf,sph_cs,h_ps,fa_prob_ps,hacf,gacf,hcs
5905644,20.013400094365373,20.311252574436367,20.225430380459873,1.2026937399747517,1.3651259212200522,-1.0,-1.0,0.8954495130848275,0.8954495130848275,2628.810050536481,2671.1315293908033,2627.58693659148,0.09506734311420235,0.0,0.25591112549720235,0.6462518199817284,0.9821049374461668
