target_id,prot_ps,prot_acf,prot_cs,e_prot_ps,E_prot_ps,e_prot_acf,E_prot_acf,e_prot_cs,E_prot_cs,sph_ps,sph_acf,sph_cs,h_ps,fa_prob_ps,hacf,gacf,hcs
5963456,15.061735353793564,15.120946057140827,15.556388436164708,1.0996875433282671,1.2855283801057933,-1.0,-1.0,1.240007414934276,1.240007414934276,1516.241587888356,1511.6014797694181,1507.2030168711808,0.045606252026946376,0.0,0.2887578967838449,0.5346703138950455,0.9422889329444589
