target_id,prot_ps,prot_acf,prot_cs,e_prot_ps,E_prot_ps,e_prot_acf,E_prot_acf,e_prot_cs,E_prot_cs,sph_ps,sph_acf,sph_cs,h_ps,fa_prob_ps,hacf,gacf,hcs
5950533,20.871238041077426,20.719758759252727,20.796922192050932,0.5454325387887096,0.5756765158722743,-1.0,-1.0,0.400771835658135,0.400771835658135,3293.312029279535,3297.2350310983306,3301.131203789929,0.2286411328347569,0.0,0.4595355529968579,1.078756244357328,0.9523850031064285
