target_id,prot_ps,prot_acf,prot_cs,e_prot_ps,E_prot_ps,e_prot_acf,E_prot_acf,e_prot_cs,E_prot_cs,sph_ps,sph_acf,sph_cs,h_ps,fa_prob_ps,hacf,gacf,hcs
5975663,5.313910533989725,5.598842142149806,5.319440608833837,0.29256310298104893,0.32835772156206566,-1.0,-1.0,0.05188260387688954,0.05188260387688954,4181.819048489815,4169.704121867492,4165.979564196188,0.10767253052428513,0.0,0.6996933256401416,1.1556662157620166,0.9100351268071357
