target_id,prot_ps,prot_acf,prot_cs,e_prot_ps,E_prot_ps,e_prot_acf,E_prot_acf,e_prot_cs,E_prot_cs,sph_ps,sph_acf,sph_cs,h_ps,fa_prob_ps,hacf,gacf,hcs
5949982,45.65595305559856,68.3711810503155,8.420130873786182,19.297785968803442,118.32110600306004,-1.0,-1.0,0.04370778979339211,0.04370778979339211,307.13896043245194,309.0023481256078,288.4504830837751,0.039094553250920996,0.0,0.1846584334323996,0.4041362800341164,1.797157529387551
