target_id,prot_ps,prot_acf,prot_cs,e_prot_ps,E_prot_ps,e_prot_acf,E_prot_acf,e_prot_cs,E_prot_cs,sph_ps,sph_acf,sph_cs,h_ps,fa_prob_ps,hacf,gacf,hcs
6044382,74.87806196662835,-1.0,74.85912443079275,24.581251868298253,72.97024165711433,-1.0,-1.0,3.0796445993987605,3.0796445993987605,972.8602628319418,-1.0,972.8031561432338,0.10394693532531123,0.0,-1.0,-1.0,0.2959001730262855
