target_id,prot_ps,prot_acf,prot_cs,e_prot_ps,E_prot_ps,e_prot_acf,E_prot_acf,e_prot_cs,E_prot_cs,sph_ps,sph_acf,sph_cs,h_ps,fa_prob_ps,hacf,gacf,hcs
6035837,16.232995526673268,16.408289287239313,16.17629637364041,0.6545562092962154,0.7113494240693505,-1.0,-1.0,0.19047982532545943,0.19047982532545943,5303.130742862366,5309.358580027347,5297.2768337661355,0.20265586631486804,0.0,0.5092964510708134,1.0458041216115874,0.9830611940790174
