target_id,prot_ps,prot_acf,prot_cs,e_prot_ps,E_prot_ps,e_prot_acf,E_prot_acf,e_prot_cs,E_prot_cs,sph_ps,sph_acf,sph_cs,h_ps,fa_prob_ps,hacf,gacf,hcs
6019560,46.41600481386602,-1.0,88.98765043773999,18.566011680216516,89.25252834721613,-1.0,-1.0,14.351464519717672,14.351464519717672,134.75840301172346,-1.0,137.1864342436671,0.11198634738625844,0.0,-1.0,-1.0,0.19409594504306185
