target_id,prot_ps,prot_acf,prot_cs,e_prot_ps,E_prot_ps,e_prot_acf,E_prot_acf,e_prot_cs,E_prot_cs,sph_ps,sph_acf,sph_cs,h_ps,fa_prob_ps,hacf,gacf,hcs
6045893,61.856222058696034,-1.0,61.90845737139798,11.884412792021664,19.234611615968582,-1.0,-1.0,2.2401383173987,2.2401383173987,879.7023022118974,-1.0,879.5441063036567,0.05701562031029397,0.0,-1.0,-1.0,0.35913557579501193
