target_id,prot_ps,prot_acf,prot_cs,e_prot_ps,E_prot_ps,e_prot_acf,E_prot_acf,e_prot_cs,E_prot_cs,sph_ps,sph_acf,sph_cs,h_ps,fa_prob_ps,hacf,gacf,hcs
6029099,46.768118917566206,45.03551803342998,11.591333184880995,20.014486792062183,131.10839853316523,-1.0,-1.0,1.2439595762259992,1.2439595762259992,412.50259161886345,412.50259161886345,330.9154588731607,0.38783463580365085,0.0,0.0022101636706573077,0.2554534237859092,5.693705888632679
