target_id,prot_ps,prot_acf,prot_cs,e_prot_ps,E_prot_ps,e_prot_acf,E_prot_acf,e_prot_cs,E_prot_cs,sph_ps,sph_acf,sph_cs,h_ps,fa_prob_ps,hacf,gacf,hcs
6021431,6.550058839859409,12.913889560848475,13.088186203180815,1.5729979808585686,2.9990280420674384,-1.0,-1.0,0.5408725367620246,0.5408725367620246,2524.5913507038417,2679.1246195306894,2711.075016711992,0.1782316816599206,0.0,0.31972869541301896,0.6386287794242212,0.3570508267143895
