target_id,prot_ps,prot_acf,prot_cs,e_prot_ps,E_prot_ps,e_prot_acf,E_prot_acf,e_prot_cs,E_prot_cs,sph_ps,sph_acf,sph_cs,h_ps,fa_prob_ps,hacf,gacf,hcs
6043042,65.73769582337034,-1.0,78.64891951346769,20.347549290048967,52.55892929573537,-1.0,-1.0,13.558757445407375,13.558757445407375,612.4584519992289,-1.0,612.4584519992289,0.22496286322688896,0.0,-1.0,-1.0,0.20511171684177343
