target_id,prot_ps,prot_acf,prot_cs,e_prot_ps,E_prot_ps,e_prot_acf,E_prot_acf,e_prot_cs,E_prot_cs,sph_ps,sph_acf,sph_cs,h_ps,fa_prob_ps,hacf,gacf,hcs
6032882,29.219748374611765,29.322356414049864,29.512389804050322,2.6846802582080898,3.2816856707658886,-1.0,-1.0,2.9851372817128987,2.9851372817128987,2396.578798559833,2400.9376313419616,2400.6335104361456,0.07153251278981555,0.0,0.31280756500691154,0.7979235323107345,0.9995649336440464
