target_id,prot_ps,prot_acf,prot_cs,e_prot_ps,E_prot_ps,e_prot_acf,E_prot_acf,e_prot_cs,E_prot_cs,sph_ps,sph_acf,sph_cs,h_ps,fa_prob_ps,hacf,gacf,hcs
6066938,73.59808069067228,-1.0,64.59751860997638,27.614637288439646,114.073065892107,-1.0,-1.0,10.100327625946276,10.100327625946276,276.1158701597148,-1.0,273.52559113967425,0.06893093817876103,0.0,-1.0,-1.0,0.31000159720852294
