target_id,prot_ps,prot_acf,prot_cs,e_prot_ps,E_prot_ps,e_prot_acf,E_prot_acf,e_prot_cs,E_prot_cs,sph_ps,sph_acf,sph_cs,h_ps,fa_prob_ps,hacf,gacf,hcs
6042943,44.27233693511418,-1.0,85.1251350259781,15.398495834365455,49.46033568979935,-1.0,-1.0,15.809504720185927,15.809504720185927,1049.7185123152447,-1.0,1069.8432711650307,0.17394464688580963,0.0,-1.0,-1.0,0.20872951821552135
