target_id,prot_ps,prot_acf,prot_cs,e_prot_ps,E_prot_ps,e_prot_acf,E_prot_acf,e_prot_cs,E_prot_cs,sph_ps,sph_acf,sph_cs,h_ps,fa_prob_ps,hacf,gacf,hcs
6029090,91.31157846307433,-1.0,91.98858066806848,0.9125157982791166,0.9310376220335428,-1.0,-1.0,4.193461849491679,4.193461849491679,730.1448959338055,-1.0,729.4781428770615,0.055537949613726635,0.0,-1.0,-1.0,0.5717204672823641
