target_id,prot_ps,prot_acf,prot_cs,e_prot_ps,E_prot_ps,e_prot_acf,E_prot_acf,e_prot_cs,E_prot_cs,sph_ps,sph_acf,sph_cs,h_ps,fa_prob_ps,hacf,gacf,hcs
6147892,91.31173490316414,13.608845869079232,13.848124525425954,0.9041491347095416,0.9224155177686413,-1.0,-1.0,0.6047840290468849,0.6047840290468849,1451.306913609318,1356.8422574687258,1374.2901598804187,0.050943005500468576,0.0,0.23179902782428405,0.4737870104485331,0.8476545596000622
