target_id,prot_ps,prot_acf,prot_cs,e_prot_ps,E_prot_ps,e_prot_acf,E_prot_acf,e_prot_cs,E_prot_cs,sph_ps,sph_acf,sph_cs,h_ps,fa_prob_ps,hacf,gacf,hcs
6148690,52.5701760133576,-1.0,92.59486715187705,0.5199429734776473,0.5304411977623218,-1.0,-1.0,3.916818025119717,3.916818025119717,325.9925860800669,-1.0,339.43024163540133,0.09523781948627391,0.0,-1.0,-1.0,0.3311624074546352
