target_id,prot_ps,prot_acf,prot_cs,e_prot_ps,E_prot_ps,e_prot_acf,E_prot_acf,e_prot_cs,E_prot_cs,sph_ps,sph_acf,sph_cs,h_ps,fa_prob_ps,hacf,gacf,hcs
6183900,4.45082853332477,4.311639942228794,4.503977427629606,1.3935468668070379,3.6665979675253233,-1.0,-1.0,0.43290327874037543,0.43290327874037543,499.30194411760533,482.87884391571924,502.41049446362456,0.2153119572708691,2.108313373149931e-111,0.27879054115357876,0.3502298936813194,0.9067069370858802
