target_id,prot_ps,prot_acf,prot_cs,e_prot_ps,E_prot_ps,e_prot_acf,E_prot_acf,e_prot_cs,E_prot_cs,sph_ps,sph_acf,sph_cs,h_ps,fa_prob_ps,hacf,gacf,hcs
6101163,24.619150992130542,25.92995365150273,24.868439788464453,3.030775150648246,4.007640167035195,-1.0,-1.0,2.429071734765035,2.429071734765035,1429.2934006562284,1369.9818691210994,1415.6588899832595,0.10508697079410816,0.0,0.25828989187869006,0.7228944893128291,0.9232119380318584
