target_id,prot_ps,prot_acf,prot_cs,e_prot_ps,E_prot_ps,e_prot_acf,E_prot_acf,e_prot_cs,E_prot_cs,sph_ps,sph_acf,sph_cs,h_ps,fa_prob_ps,hacf,gacf,hcs
6115516,72.93537274898284,-1.0,73.15706934892096,0.7147228812324471,0.7290863430775545,-1.0,-1.0,2.8811909617460594,2.8811909617460594,898.6754403098879,-1.0,911.6480201589637,0.1823951801826349,0.0,-1.0,-1.0,0.45267709854003885
