target_id,prot_ps,prot_acf,prot_cs,e_prot_ps,E_prot_ps,e_prot_acf,E_prot_acf,e_prot_cs,E_prot_cs,sph_ps,sph_acf,sph_cs,h_ps,fa_prob_ps,hacf,gacf,hcs
6114904,33.97646630063145,-1.0,11.051667329178324,1.2117355833322634,1.3040786690616386,-1.0,-1.0,0.2757145365190748,0.2757145365190748,343.47621508278553,-1.0,334.55306132748296,0.03605083294933181,0.0,-1.0,-1.0,0.03402732845297515
