target_id,prot_ps,prot_acf,prot_cs,e_prot_ps,E_prot_ps,e_prot_acf,E_prot_acf,e_prot_cs,E_prot_cs,sph_ps,sph_acf,sph_cs,h_ps,fa_prob_ps,hacf,gacf,hcs
6125019,16.23318802395971,80.07963632326573,73.80158899895845,0.5178617792802154,0.5535318547679182,-1.0,-1.0,10.219256688408354,10.219256688408354,1045.0989048034678,1098.7897672942772,1078.3185954280477,0.132189039635316,0.0,0.23913606443934757,0.46542402055299503,0.30627108219594257
