target_id,prot_ps,prot_acf,prot_cs,e_prot_ps,E_prot_ps,e_prot_acf,E_prot_acf,e_prot_cs,E_prot_cs,sph_ps,sph_acf,sph_cs,h_ps,fa_prob_ps,hacf,gacf,hcs
6146617,52.56987157589291,59.05360883567482,7.525489178180217,13.296405615230192,26.784411541628586,-1.0,-1.0,0.10074429867607403,0.10074429867607403,576.8846854971629,575.8133847946295,546.784466298487,0.03335726793499829,0.0,0.0811283733458265,0.3463696988511201,3.400122918536513
