target_id,prot_ps,prot_acf,prot_cs,e_prot_ps,E_prot_ps,e_prot_acf,E_prot_acf,e_prot_cs,E_prot_cs,sph_ps,sph_acf,sph_cs,h_ps,fa_prob_ps,hacf,gacf,hcs
6148636,10.822052386604483,10.911651346832514,10.917577149998396,0.37845859023475725,0.4066136100103428,-1.0,-1.0,0.27351925611452893,0.27351925611452893,2192.267044127667,2187.569725793594,2187.5227021783626,0.09731516293835468,0.0,0.38403662724006743,0.731950891214389,0.848104511791708
