target_id,prot_ps,prot_acf,prot_cs,e_prot_ps,E_prot_ps,e_prot_acf,E_prot_acf,e_prot_cs,E_prot_cs,sph_ps,sph_acf,sph_cs,h_ps,fa_prob_ps,hacf,gacf,hcs
6139092,72.93535041898564,-1.0,73.69864574500824,6.190429361859472,7.440899508541193,-1.0,-1.0,4.715854065071235,4.715854065071235,1142.3057910890586,-1.0,1140.2867232629349,0.15009210497164097,0.0,-1.0,-1.0,0.4352351790603771
