target_id,prot_ps,prot_acf,prot_cs,e_prot_ps,E_prot_ps,e_prot_acf,E_prot_acf,e_prot_cs,E_prot_cs,sph_ps,sph_acf,sph_cs,h_ps,fa_prob_ps,hacf,gacf,hcs
6129282,121.74905253466846,-1.0,90.95738379470127,1.2053993462767352,1.2297504707118208,-1.0,-1.0,5.520886066713872,5.520886066713872,408.37268735936823,-1.0,413.17636529467103,0.0514364067830605,0.0,-1.0,-1.0,0.10875711558755134
