target_id,prot_ps,prot_acf,prot_cs,e_prot_ps,E_prot_ps,e_prot_acf,E_prot_acf,e_prot_cs,E_prot_cs,sph_ps,sph_acf,sph_cs,h_ps,fa_prob_ps,hacf,gacf,hcs
6147228,73.04957817499972,-1.0,73.80169663779436,11.09700831671816,15.870623061726263,-1.0,-1.0,5.407403414108611,5.407403414108611,405.1125489214378,-1.0,405.1210100596733,0.14463343743873813,0.0,-1.0,-1.0,0.5136072422444629
