target_id,prot_ps,prot_acf,prot_cs,e_prot_ps,E_prot_ps,e_prot_acf,E_prot_acf,e_prot_cs,E_prot_cs,sph_ps,sph_acf,sph_cs,h_ps,fa_prob_ps,hacf,gacf,hcs
6119994,11.503846610965569,11.01377142360434,11.389138735388407,0.9757214301861445,1.177455154336224,-1.0,-1.0,0.805024462454248,0.805024462454248,3896.4328708234534,3743.5452368451784,3786.978352762836,0.0679136105295804,0.0,0.48933195648686967,0.8875910322713816,0.9596871890989846
