target_id,prot_ps,prot_acf,prot_cs,e_prot_ps,E_prot_ps,e_prot_acf,E_prot_acf,e_prot_cs,E_prot_cs,sph_ps,sph_acf,sph_cs,h_ps,fa_prob_ps,hacf,gacf,hcs
6141033,17.96960098735209,17.409555399790406,17.95217864841735,1.0050909275876734,1.1302643540096078,-1.0,-1.0,0.19078957869566643,0.19078957869566643,3225.1460983011652,3261.4461282227203,3225.8296887255515,0.136669363594466,0.0,0.10291426323219478,0.4185580699643609,0.8107657759067969
