target_id,prot_ps,prot_acf,prot_cs,e_prot_ps,E_prot_ps,e_prot_acf,E_prot_acf,e_prot_cs,E_prot_cs,sph_ps,sph_acf,sph_cs,h_ps,fa_prob_ps,hacf,gacf,hcs
6199422,61.33142600002965,-1.0,60.74890913536773,4.120752015401756,4.7650431991151905,-1.0,-1.0,7.134042150806831,7.134042150806831,200.44532293971344,-1.0,200.4763261444546,0.03882970197035224,0.0,-1.0,-1.0,0.2548777315927349
