target_id,prot_ps,prot_acf,prot_cs,e_prot_ps,E_prot_ps,e_prot_acf,E_prot_acf,e_prot_cs,E_prot_cs,sph_ps,sph_acf,sph_cs,h_ps,fa_prob_ps,hacf,gacf,hcs
6124382,6.408541036980696,6.497900663875043,6.411911307712658,0.09155504778273205,0.09423092947399514,-1.0,-1.0,0.08626186382674149,0.08626186382674149,2528.40904997002,2510.3353207557616,2528.40904997002,0.1451678939298449,0.0,0.6785161674924387,1.0521004997632208,0.8158834704770378
