target_id,prot_ps,prot_acf,prot_cs,e_prot_ps,E_prot_ps,e_prot_acf,E_prot_acf,e_prot_cs,E_prot_cs,sph_ps,sph_acf,sph_cs,h_ps,fa_prob_ps,hacf,gacf,hcs
6105180,7.494240434554311,14.323792060371488,13.951087399628012,0.11618531528338405,0.11991450034556106,-1.0,-1.0,1.5691574547953873,1.5691574547953873,513.6870374061293,537.9496603167155,538.6260865203722,0.02937225759249289,0.0,0.1310007911242415,0.25091081989742325,0.7143101168325698
