target_id,prot_ps,prot_acf,prot_cs,e_prot_ps,E_prot_ps,e_prot_acf,E_prot_acf,e_prot_cs,E_prot_cs,sph_ps,sph_acf,sph_cs,h_ps,fa_prob_ps,hacf,gacf,hcs
6139022,73.04946068474082,-1.0,90.93830452413941,0.7295943223849548,0.744398962194694,-1.0,-1.0,14.049873160080505,14.049873160080505,368.8507216932363,-1.0,370.0922924744939,0.08193273829097107,0.0,-1.0,-1.0,0.23209277959517552
