target_id,prot_ps,prot_acf,prot_cs,e_prot_ps,E_prot_ps,e_prot_acf,E_prot_acf,e_prot_cs,E_prot_cs,sph_ps,sph_acf,sph_cs,h_ps,fa_prob_ps,hacf,gacf,hcs
6222304,28.64686129917624,-1.0,86.84484857715665,2.937247157090976,3.704513166396005,-1.0,-1.0,6.055666109668051,6.055666109668051,1169.5747245983516,-1.0,1183.4079788710471,0.10109276036930227,0.0,-1.0,-1.0,0.09898938906540002
