target_id,prot_ps,prot_acf,prot_cs,e_prot_ps,E_prot_ps,e_prot_acf,E_prot_acf,e_prot_cs,E_prot_cs,sph_ps,sph_acf,sph_cs,h_ps,fa_prob_ps,hacf,gacf,hcs
6229103,20.163806077038945,-1.0,64.70054439625235,2.264570143298055,2.9121478237708445,-1.0,-1.0,12.900571006711463,12.900571006711463,842.8131493264884,-1.0,890.5357922674084,0.09040106201117387,0.0,-1.0,-1.0,0.16258074166454944
