target_id,prot_ps,prot_acf,prot_cs,e_prot_ps,E_prot_ps,e_prot_acf,E_prot_acf,e_prot_cs,E_prot_cs,sph_ps,sph_acf,sph_cs,h_ps,fa_prob_ps,hacf,gacf,hcs
6271821,42.97017134161455,-1.0,73.80153349768369,0.42543317997145635,0.43402764549239947,-1.0,-1.0,12.953744915274484,12.953744915274484,662.8408358641603,-1.0,667.0289554870043,0.07015431874165357,0.0,-1.0,-1.0,0.24001949617255505
