target_id,prot_ps,prot_acf,prot_cs,e_prot_ps,E_prot_ps,e_prot_acf,E_prot_acf,e_prot_cs,E_prot_cs,sph_ps,sph_acf,sph_cs,h_ps,fa_prob_ps,hacf,gacf,hcs
6203753,19.479594074457687,18.71730092726648,26.487638073465686,3.1952141082765237,4.732087120906584,-1.0,-1.0,4.612270426131817,4.612270426131817,1483.3966765658681,1473.5727955687773,1495.9879346596672,0.05855835893651175,0.0,-3.410384996568984e-05,0.3065148504835705,2918.249161708494
