target_id,prot_ps,prot_acf,prot_cs,e_prot_ps,E_prot_ps,e_prot_acf,E_prot_acf,e_prot_cs,E_prot_cs,sph_ps,sph_acf,sph_cs,h_ps,fa_prob_ps,hacf,gacf,hcs
6293887,91.31170660465584,-1.0,91.69527675269818,0.9042404269810049,0.9225095934804131,-1.0,-1.0,4.469729932708183,4.469729932708183,595.8207305924135,-1.0,595.3587783673262,0.0391952053057027,0.0,-1.0,-1.0,0.09227017429412976
