target_id,prot_ps,prot_acf,prot_cs,e_prot_ps,E_prot_ps,e_prot_acf,E_prot_acf,e_prot_cs,E_prot_cs,sph_ps,sph_acf,sph_cs,h_ps,fa_prob_ps,hacf,gacf,hcs
6291911,44.604768544015975,47.54942402942106,44.94185059376162,10.890744311368202,21.08316177416917,-1.0,-1.0,1.673882697070286,1.673882697070286,214.39640742952156,221.0341781744529,214.11089005858307,0.08493648586026008,0.0,0.1944280603626145,0.5724198308099339,0.8680467056087882
