target_id,prot_ps,prot_acf,prot_cs,e_prot_ps,E_prot_ps,e_prot_acf,E_prot_acf,e_prot_cs,E_prot_cs,sph_ps,sph_acf,sph_cs,h_ps,fa_prob_ps,hacf,gacf,hcs
6204977,73.04933459845552,-1.0,73.05637666909156,24.336705416968186,74.41776647155001,-1.0,-1.0,3.7465549077538864,3.7465549077538864,753.8661075984772,-1.0,753.8753381306324,0.0855513973071214,0.0,-1.0,-1.0,0.21698392704972655
