target_id,prot_ps,prot_acf,prot_cs,e_prot_ps,E_prot_ps,e_prot_acf,E_prot_acf,e_prot_cs,E_prot_cs,sph_ps,sph_acf,sph_cs,h_ps,fa_prob_ps,hacf,gacf,hcs
6267785,51.38922269917618,-1.0,83.82922013528646,0.7682291588008852,0.7916619320834215,-1.0,-1.0,7.337794032760523,7.337794032760523,501.9722680630805,-1.0,530.2831787147381,0.05182226701392414,0.0,-1.0,-1.0,0.2861076856915067
