target_id,prot_ps,prot_acf,prot_cs,e_prot_ps,E_prot_ps,e_prot_acf,E_prot_acf,e_prot_cs,E_prot_cs,sph_ps,sph_acf,sph_cs,h_ps,fa_prob_ps,hacf,gacf,hcs
6219926,16.054821239202806,16.91911685653031,17.640018357373776,1.4771555718957785,1.8061974521861117,-1.0,-1.0,1.755355983479062,1.755355983479062,2012.477476480773,2017.6986131656831,1980.0613269740472,0.03717264519496471,0.0,0.13364034036157788,0.4385157704061909,0.8465565681462845
