target_id,prot_ps,prot_acf,prot_cs,e_prot_ps,E_prot_ps,e_prot_acf,E_prot_acf,e_prot_cs,E_prot_cs,sph_ps,sph_acf,sph_cs,h_ps,fa_prob_ps,hacf,gacf,hcs
6357770,42.97014679951588,41.13296627998352,42.52204678058625,13.26646044358268,35.250148032919846,-1.0,-1.0,4.733637053699822,4.733637053699822,1109.481800071673,1114.9642004651043,1112.9855267862752,0.08421361420150027,0.0,0.2319665146150994,0.6425803431332805,0.9327476593912425
