target_id,prot_ps,prot_acf,prot_cs,e_prot_ps,E_prot_ps,e_prot_acf,E_prot_acf,e_prot_cs,E_prot_cs,sph_ps,sph_acf,sph_cs,h_ps,fa_prob_ps,hacf,gacf,hcs
6341792,14.13775207641838,13.812959395349026,14.074128789028112,0.5110954182873915,0.5512647967929123,-1.0,-1.0,0.5890764656951532,0.5890764656951532,3460.3985688466782,3477.927321133091,3416.1755295055905,0.0885831347598569,0.0,0.3579491829579648,0.6936043506894097,0.8870807106696232
