target_id,prot_ps,prot_acf,prot_cs,e_prot_ps,E_prot_ps,e_prot_acf,E_prot_acf,e_prot_cs,E_prot_cs,sph_ps,sph_acf,sph_cs,h_ps,fa_prob_ps,hacf,gacf,hcs
6369520,72.93532861078045,-1.0,73.69862894995602,1.9407328052178485,2.048668392881069,-1.0,-1.0,3.806710346294018,3.806710346294018,1116.9542770497326,-1.0,1113.570536057437,0.21388149871062198,0.0,-1.0,-1.0,0.6185849734373634
