target_id,prot_ps,prot_acf,prot_cs,e_prot_ps,E_prot_ps,e_prot_acf,E_prot_acf,e_prot_cs,E_prot_cs,sph_ps,sph_acf,sph_cs,h_ps,fa_prob_ps,hacf,gacf,hcs
6359566,72.93532281783376,-1.0,72.72735666672398,13.03607198102894,20.40214552898793,-1.0,-1.0,9.64006602893797,9.64006602893797,803.1447139848779,-1.0,781.8710441079302,0.02879669405640725,0.0,-1.0,-1.0,0.24271875259300305
