target_id,prot_ps,prot_acf,prot_cs,e_prot_ps,E_prot_ps,e_prot_acf,E_prot_acf,e_prot_cs,E_prot_cs,sph_ps,sph_acf,sph_cs,h_ps,fa_prob_ps,hacf,gacf,hcs
6373909,74.87865270147431,-1.0,75.03240804386952,18.416219612803125,36.591792913894594,-1.0,-1.0,3.112661598970061,3.112661598970061,826.321393839488,-1.0,826.5418964190153,0.1448955717938451,0.0,-1.0,-1.0,0.41340747826311386
