target_id,prot_ps,prot_acf,prot_cs,e_prot_ps,E_prot_ps,e_prot_acf,E_prot_acf,e_prot_cs,E_prot_cs,sph_ps,sph_acf,sph_cs,h_ps,fa_prob_ps,hacf,gacf,hcs
6387814,73.04871673907178,-1.0,73.80185809604822,7.3307059937380785,9.148518943517928,-1.0,-1.0,10.101947345949705,10.101947345949705,3184.0841521643943,-1.0,3187.4831853312407,0.14894981593140405,0.0,-1.0,-1.0,0.6059984144034298
