target_id,prot_ps,prot_acf,prot_cs,e_prot_ps,E_prot_ps,e_prot_acf,E_prot_acf,e_prot_cs,E_prot_cs,sph_ps,sph_acf,sph_cs,h_ps,fa_prob_ps,hacf,gacf,hcs
6344463,46.416102185300296,-1.0,99.00107975098018,0.4612747537857942,0.4706110127418981,-1.0,-1.0,11.197698699711312,11.197698699711312,160.3076237845338,-1.0,161.83860547805634,0.0749194372196355,0.0,-1.0,-1.0,0.33491265086607014
