target_id,prot_ps,prot_acf,prot_cs,e_prot_ps,E_prot_ps,e_prot_acf,E_prot_acf,e_prot_cs,E_prot_cs,sph_ps,sph_acf,sph_cs,h_ps,fa_prob_ps,hacf,gacf,hcs
6313490,0.8665302879084538,0.7969158869236708,81.24066026473147,0.008638452269616015,0.00881357400408489,-1.0,-1.0,1.0316340974818683,1.0316340974818683,8724.793513469125,8704.041386821376,9779.090613052405,0.12781672248674203,0.0,0.5196766392560003,0.3824482126709676,0.012183502608398284
