target_id,prot_ps,prot_acf,prot_cs,e_prot_ps,E_prot_ps,e_prot_acf,E_prot_acf,e_prot_cs,E_prot_cs,sph_ps,sph_acf,sph_cs,h_ps,fa_prob_ps,hacf,gacf,hcs
6352940,12.580273027909644,12.709781206212938,12.585993638212196,0.13912336685255156,0.1422617056050921,-1.0,-1.0,0.08744573819354169,0.08744573819354169,5982.486933116219,5954.415995962187,5982.059440852224,0.321465536648365,0.0,0.49039128812423494,0.996822924258173,0.7716117875012884
