target_id,prot_ps,prot_acf,prot_cs,e_prot_ps,E_prot_ps,e_prot_acf,E_prot_acf,e_prot_cs,E_prot_cs,sph_ps,sph_acf,sph_cs,h_ps,fa_prob_ps,hacf,gacf,hcs
6358426,50.37888035336373,32.22394371172413,37.17204025963967,3.1500273669785983,3.595112971342985,-1.0,-1.0,2.787205321956543,2.787205321956543,349.8642435464933,346.92206559500784,348.52129623635653,0.014940862608411033,5.992364564072805e-229,-0.11883384713455253,0.06988825090055921,0.8598178549177101
