target_id,prot_ps,prot_acf,prot_cs,e_prot_ps,E_prot_ps,e_prot_acf,E_prot_acf,e_prot_cs,E_prot_cs,sph_ps,sph_acf,sph_cs,h_ps,fa_prob_ps,hacf,gacf,hcs
6357692,76.89427034103106,-1.0,76.10291629725137,5.0379283409562134,5.806376487187734,-1.0,-1.0,5.295345755760845,5.295345755760845,457.4270348170151,-1.0,460.34671566631357,0.03859868057230648,0.0,-1.0,-1.0,0.3891299993722328
