target_id,prot_ps,prot_acf,prot_cs,e_prot_ps,E_prot_ps,e_prot_acf,E_prot_acf,e_prot_cs,E_prot_cs,sph_ps,sph_acf,sph_cs,h_ps,fa_prob_ps,hacf,gacf,hcs
6357076,73.04880001529557,-1.0,5.259666548576209,0.7231126577054141,0.737719530323929,-1.0,-1.0,0.7955558018508562,0.7955558018508562,440.6269669353198,-1.0,395.56026166817765,0.03123120238899934,0.0,-1.0,-1.0,0.02522641704631784
