target_id,prot_ps,prot_acf,prot_cs,e_prot_ps,E_prot_ps,e_prot_acf,E_prot_acf,e_prot_cs,E_prot_cs,sph_ps,sph_acf,sph_cs,h_ps,fa_prob_ps,hacf,gacf,hcs
6468494,73.04944565452266,92.5851799021475,91.88160601037964,4.434915328390545,5.040868347200757,-1.0,-1.0,18.804057473728363,18.804057473728363,608.7212582275581,611.887475728461,610.2621228411422,0.06304993801629531,0.0,0.3876393109736855,0.5206095617240999,0.68436425834594
