target_id,prot_ps,prot_acf,prot_cs,e_prot_ps,E_prot_ps,e_prot_acf,E_prot_acf,e_prot_cs,E_prot_cs,sph_ps,sph_acf,sph_cs,h_ps,fa_prob_ps,hacf,gacf,hcs
6419006,91.31174233042735,-1.0,92.31395923792383,0.9130038326944714,0.931540575719481,-1.0,-1.0,4.532972713791042,4.532972713791042,1595.9106446964706,-1.0,1592.4371088308828,0.06638810822033477,0.0,-1.0,-1.0,0.23079745036147273
