target_id,prot_ps,prot_acf,prot_cs,e_prot_ps,E_prot_ps,e_prot_acf,E_prot_acf,e_prot_cs,E_prot_cs,sph_ps,sph_acf,sph_cs,h_ps,fa_prob_ps,hacf,gacf,hcs
6430612,91.3117064967681,-1.0,92.21073330739512,4.512524551533886,5.003779956998983,-1.0,-1.0,5.168033615714795,5.168033615714795,414.40293467909606,-1.0,413.04207494251295,0.10573929498000814,0.0,-1.0,-1.0,0.32423517915989347
