target_id,prot_ps,prot_acf,prot_cs,e_prot_ps,E_prot_ps,e_prot_acf,E_prot_acf,e_prot_cs,E_prot_cs,sph_ps,sph_acf,sph_cs,h_ps,fa_prob_ps,hacf,gacf,hcs
6468930,5.391040954121238,5.598852732218802,5.947452832991258,0.510986865096978,0.6290410153854378,-1.0,-1.0,0.6924816132652497,0.6924816132652497,855.1433665874533,858.3345025098871,857.4384154306927,0.045866557310843374,0.0,0.48693406504785197,0.45141070336667666,0.26132643240826603
