target_id,prot_ps,prot_acf,prot_cs,e_prot_ps,E_prot_ps,e_prot_acf,E_prot_acf,e_prot_cs,E_prot_cs,sph_ps,sph_acf,sph_cs,h_ps,fa_prob_ps,hacf,gacf,hcs
6441032,73.04940411649758,-1.0,73.21445263570938,22.928944424752892,62.65476053710918,-1.0,-1.0,2.7244611786070387,2.7244611786070387,911.7799236553359,-1.0,911.9400274533455,0.12054006090787057,0.0,-1.0,-1.0,0.3081971769049788
