target_id,prot_ps,prot_acf,prot_cs,e_prot_ps,E_prot_ps,e_prot_acf,E_prot_acf,e_prot_cs,E_prot_cs,sph_ps,sph_acf,sph_cs,h_ps,fa_prob_ps,hacf,gacf,hcs
6444754,61.99501808029467,61.2603866988793,7.4621126685109305,26.119860163656675,157.554900198244,-1.0,-1.0,0.10854444286171056,0.10854444286171056,2529.52036462368,2544.553282108406,2270.6654967862096,0.06638364238289089,0.0,0.0599801019813535,0.26582452492514574,3.918987932306783
