target_id,prot_ps,prot_acf,prot_cs,e_prot_ps,E_prot_ps,e_prot_acf,E_prot_acf,e_prot_cs,E_prot_cs,sph_ps,sph_acf,sph_cs,h_ps,fa_prob_ps,hacf,gacf,hcs
6431832,27.565871777142068,86.98632509121671,91.1857872993329,0.2693992479062537,0.2748058146553731,-1.0,-1.0,4.643582179069481,4.643582179069481,378.65293025267965,397.89681984024816,398.4053858455423,0.13545684647064804,0.0,0.1949281152494226,0.4563574492592394,0.7926463002565727
