target_id,prot_ps,prot_acf,prot_cs,e_prot_ps,E_prot_ps,e_prot_acf,E_prot_acf,e_prot_cs,E_prot_cs,sph_ps,sph_acf,sph_cs,h_ps,fa_prob_ps,hacf,gacf,hcs
6587113,46.12595848207191,48.65214562555775,48.02422440125141,5.019000578446338,6.432947966612808,-1.0,-1.0,3.1277546464538952,3.1277546464538952,186.56990171016088,187.08335035146933,186.9165197023639,0.04473091700094773,4.880872420217007e-220,0.022992053171729265,0.1583105929461338,0.8449525944073937
