target_id,prot_ps,prot_acf,prot_cs,e_prot_ps,E_prot_ps,e_prot_acf,E_prot_acf,e_prot_cs,E_prot_cs,sph_ps,sph_acf,sph_cs,h_ps,fa_prob_ps,hacf,gacf,hcs
6503870,62.08318719597552,54.945349524728954,52.981608915608795,23.307581538875574,96.45522243801835,-1.0,-1.0,1.563236777868521,1.563236777868521,343.0801206414414,343.70120438391143,342.30454296756386,0.054001424460792355,0.0,0.14472901968711327,0.45282595309191165,0.7103683306056614
