target_id,prot_ps,prot_acf,prot_cs,e_prot_ps,E_prot_ps,e_prot_acf,E_prot_acf,e_prot_cs,E_prot_cs,sph_ps,sph_acf,sph_cs,h_ps,fa_prob_ps,hacf,gacf,hcs
6504214,21.967831488550686,22.129318554885685,21.974473121857294,0.8569095812147829,0.9292472431258574,-1.0,-1.0,0.2533310952684257,0.2533310952684257,1836.1308234318544,1830.6430817823975,1835.7439267922516,0.25969476759502114,0.0,0.5230376864603355,1.1470644728733457,0.8824190217563593
