target_id,prot_ps,prot_acf,prot_cs,e_prot_ps,E_prot_ps,e_prot_acf,E_prot_acf,e_prot_cs,E_prot_cs,sph_ps,sph_acf,sph_cs,h_ps,fa_prob_ps,hacf,gacf,hcs
6530559,98.60698528179209,-1.0,98.99955008406413,39.926724206894335,219.27337140078873,-1.0,-1.0,4.224410954136215,4.224410954136215,626.9272593557456,-1.0,626.9272593557456,0.37388814701136264,0.0,-1.0,-1.0,0.06119542050352614
