target_id,prot_ps,prot_acf,prot_cs,e_prot_ps,E_prot_ps,e_prot_acf,E_prot_acf,e_prot_cs,E_prot_cs,sph_ps,sph_acf,sph_cs,h_ps,fa_prob_ps,hacf,gacf,hcs
6516874,0.45822575372916413,2.595088852569461,99.55763191115992,0.021566812463448548,0.02378317887624848,-1.0,-1.0,6.328233916049017,6.328233916049017,31847.39977289929,32044.636395063982,32172.34320641955,0.29079390091273716,0.0,0.19071246672141462,0.0007651019989813185,0.003489944950098563
