target_id,prot_ps,prot_acf,prot_cs,e_prot_ps,E_prot_ps,e_prot_acf,E_prot_acf,e_prot_cs,E_prot_cs,sph_ps,sph_acf,sph_cs,h_ps,fa_prob_ps,hacf,gacf,hcs
6504437,75.15321130330713,-1.0,75.35911249081671,0.7435310819796825,0.7585461718445288,-1.0,-1.0,2.6918598888542107,2.6918598888542107,247.4705702974575,-1.0,247.60540354874968,0.1115278386745662,0.0,-1.0,-1.0,0.42070064163516757
