target_id,prot_ps,prot_acf,prot_cs,e_prot_ps,E_prot_ps,e_prot_acf,E_prot_acf,e_prot_cs,E_prot_cs,sph_ps,sph_acf,sph_cs,h_ps,fa_prob_ps,hacf,gacf,hcs
6585265,15.307409675286687,15.222885992843658,15.478303543059088,1.7914829104052394,2.331830361451223,-1.0,-1.0,1.6087265232264882,1.6087265232264882,1208.524480104163,1207.962655512374,1211.1140230128021,0.04313558312568954,0.0,0.1954516357175032,0.4561726806141193,0.8993498557026975
