target_id,prot_ps,prot_acf,prot_cs,e_prot_ps,E_prot_ps,e_prot_acf,E_prot_acf,e_prot_cs,E_prot_cs,sph_ps,sph_acf,sph_cs,h_ps,fa_prob_ps,hacf,gacf,hcs
6528708,24.349808673131086,72.58054934442043,72.90333552202502,0.23804857444119776,0.24282677703800104,-1.0,-1.0,2.8656325092729165,2.8656325092729165,1138.2537401105221,1189.0043339836488,1186.9951164581548,0.136288151811991,0.0,0.3295470713543859,0.6015578601996516,0.5633525018229579
