target_id,prot_ps,prot_acf,prot_cs,e_prot_ps,E_prot_ps,e_prot_acf,E_prot_acf,e_prot_cs,E_prot_cs,sph_ps,sph_acf,sph_cs,h_ps,fa_prob_ps,hacf,gacf,hcs
6633929,0.179392702398644,1.0012229923158884,95.62149538437721,0.001782236734129805,0.0018183039323206307,-1.0,-1.0,8.15873851391666,8.15873851391666,38661.728060837755,38692.813333429425,40360.4477153465,0.6067557751846708,0.0,0.2605063926674769,0.14191606769639892,0.028712533771099908
