target_id,prot_ps,prot_acf,prot_cs,e_prot_ps,E_prot_ps,e_prot_acf,E_prot_acf,e_prot_cs,E_prot_cs,sph_ps,sph_acf,sph_cs,h_ps,fa_prob_ps,hacf,gacf,hcs
6690088,73.04935594271824,-1.0,91.08210421375202,1.9838478886247515,2.0965857517190756,-1.0,-1.0,9.597786912044862,9.597786912044862,1204.7485055047262,-1.0,1219.6685105491986,0.0905249845309443,0.0,-1.0,-1.0,0.06499053102793033
