target_id,prot_ps,prot_acf,prot_cs,e_prot_ps,E_prot_ps,e_prot_acf,E_prot_acf,e_prot_cs,E_prot_cs,sph_ps,sph_acf,sph_cs,h_ps,fa_prob_ps,hacf,gacf,hcs
6620551,61.995178766092025,-1.0,73.69867933511267,0.6143735849310943,0.6267909179226407,-1.0,-1.0,4.894942816576674,4.894942816576674,563.8933254733533,-1.0,565.3218304566761,0.06678659915124224,0.0,-1.0,-1.0,0.0664957000768605
