target_id,prot_ps,prot_acf,prot_cs,e_prot_ps,E_prot_ps,e_prot_acf,E_prot_acf,e_prot_cs,E_prot_cs,sph_ps,sph_acf,sph_cs,h_ps,fa_prob_ps,hacf,gacf,hcs
6611625,73.04925904550596,-1.0,73.45476969918552,17.01369551542004,32.12995430525126,-1.0,-1.0,3.051172278639698,3.051172278639698,762.4135666300878,-1.0,762.4976221239816,0.16895248358271836,0.0,-1.0,-1.0,0.5064494044728564
