target_id,prot_ps,prot_acf,prot_cs,e_prot_ps,E_prot_ps,e_prot_acf,E_prot_acf,e_prot_cs,E_prot_cs,sph_ps,sph_acf,sph_cs,h_ps,fa_prob_ps,hacf,gacf,hcs
6610100,73.04935595211487,-1.0,73.80159909009932,20.323456577348765,45.250370293001254,-1.0,-1.0,3.6181151659662936,3.6181151659662936,875.8738617535557,-1.0,876.8141118075731,0.11972356843367755,0.0,-1.0,-1.0,0.2379878373018862
