target_id,prot_ps,prot_acf,prot_cs,e_prot_ps,E_prot_ps,e_prot_acf,E_prot_acf,e_prot_cs,E_prot_cs,sph_ps,sph_acf,sph_cs,h_ps,fa_prob_ps,hacf,gacf,hcs
6611419,25.830389747893697,25.82824646681547,25.858449324520915,1.0689817815476772,1.1648767314967188,-1.0,-1.0,0.45348683416870317,0.45348683416870317,31392.451696410717,31392.451696410717,31414.484187334794,0.4354098829277532,0.0,0.6824553989892624,1.4495779663673818,0.9963888248365366
