target_id,prot_ps,prot_acf,prot_cs,e_prot_ps,E_prot_ps,e_prot_acf,E_prot_acf,e_prot_cs,E_prot_cs,sph_ps,sph_acf,sph_cs,h_ps,fa_prob_ps,hacf,gacf,hcs
6613055,72.93543685061556,-1.0,62.6778703201143,23.369241384718322,66.2446313216488,-1.0,-1.0,7.778940489546631,7.778940489546631,679.719563678509,-1.0,674.5832919483975,0.047122199617231166,0.0,-1.0,-1.0,0.10347347055096698
