target_id,prot_ps,prot_acf,prot_cs,e_prot_ps,E_prot_ps,e_prot_acf,E_prot_acf,e_prot_cs,E_prot_cs,sph_ps,sph_acf,sph_cs,h_ps,fa_prob_ps,hacf,gacf,hcs
6636067,60.874530525914494,-1.0,61.46012234146706,13.102578241560522,23.181498637242882,-1.0,-1.0,3.1986068272217856,3.1986068272217856,467.68299850546225,-1.0,468.3889281968741,0.07042101042234823,0.0,-1.0,-1.0,0.4401710119023783
