target_id,prot_ps,prot_acf,prot_cs,e_prot_ps,E_prot_ps,e_prot_acf,E_prot_acf,e_prot_cs,E_prot_cs,sph_ps,sph_acf,sph_cs,h_ps,fa_prob_ps,hacf,gacf,hcs
6600109,40.582879448408995,42.134177424013615,40.94575659036636,3.842181313773068,4.728584584412452,-1.0,-1.0,3.90904206115347,3.90904206115347,2092.275558447162,2069.445518048823,2081.528768254414,0.1299725912140568,0.0,0.3851609263666777,0.9344252464595257,0.9518162902125354
