target_id,prot_ps,prot_acf,prot_cs,e_prot_ps,E_prot_ps,e_prot_acf,E_prot_acf,e_prot_cs,E_prot_cs,sph_ps,sph_acf,sph_cs,h_ps,fa_prob_ps,hacf,gacf,hcs
6696542,72.93546555116987,-1.0,72.95013044467096,2.0632892222245687,2.1883057243363737,-1.0,-1.0,3.3288024340247064,3.3288024340247064,903.8257027491309,-1.0,903.7540671001385,0.14411316976272906,0.0,-1.0,-1.0,0.34996132486394554
