target_id,prot_ps,prot_acf,prot_cs,e_prot_ps,E_prot_ps,e_prot_acf,E_prot_acf,e_prot_cs,E_prot_cs,sph_ps,sph_acf,sph_cs,h_ps,fa_prob_ps,hacf,gacf,hcs
6678230,52.56980124855055,26.931678822264075,23.182903559189292,2.606558067540881,2.890311345449234,-1.0,-1.0,2.3466259089554344,2.3466259089554344,202.5572800089706,198.28593702784113,200.32995597690672,0.0266794646551521,0.0,-0.18035506543042168,0.07994272192541463,0.5025466284439035
