target_id,prot_ps,prot_acf,prot_cs,e_prot_ps,E_prot_ps,e_prot_acf,E_prot_acf,e_prot_cs,E_prot_cs,sph_ps,sph_acf,sph_cs,h_ps,fa_prob_ps,hacf,gacf,hcs
6676655,121.74904637050382,-1.0,12.867056905423718,1.2042589689504979,1.2285753718041548,-1.0,-1.0,0.48781567729192504,0.48781567729192504,594.2934402394792,-1.0,572.0207335945355,0.05470793023405428,0.0,-1.0,-1.0,0.004022203451507496
