target_id,prot_ps,prot_acf,prot_cs,e_prot_ps,E_prot_ps,e_prot_acf,E_prot_acf,e_prot_cs,E_prot_cs,sph_ps,sph_acf,sph_cs,h_ps,fa_prob_ps,hacf,gacf,hcs
6664519,97.76686620166967,-1.0,77.55449867413736,9.05288436373688,11.08527384711742,-1.0,-1.0,11.819020883263581,11.819020883263581,695.3682054795779,-1.0,695.3682054795779,0.27455566393994546,0.0,-1.0,-1.0,0.08072426211126309
