target_id,prot_ps,prot_acf,prot_cs,e_prot_ps,E_prot_ps,e_prot_acf,E_prot_acf,e_prot_cs,E_prot_cs,sph_ps,sph_acf,sph_cs,h_ps,fa_prob_ps,hacf,gacf,hcs
6765437,50.757116326871596,52.24906780105084,51.264978983961036,9.651383045946226,15.569473931132748,-1.0,-1.0,2.869516823305594,2.869516823305594,391.38220398618887,393.6572223215073,391.6493758715763,0.08247366278900513,0.0,0.2679441827686766,0.6951690948659823,0.978287233631576
