target_id,prot_ps,prot_acf,prot_cs,e_prot_ps,E_prot_ps,e_prot_acf,E_prot_acf,e_prot_cs,E_prot_cs,sph_ps,sph_acf,sph_cs,h_ps,fa_prob_ps,hacf,gacf,hcs
6793401,47.423244714820406,-1.0,13.635369558890533,0.5724638588503623,0.5867446947343637,-1.0,-1.0,3.7453761037451563,3.7453761037451563,746.2182590432368,-1.0,727.6982398443764,0.02608536134489754,0.0,-1.0,-1.0,0.020276640109147894
