target_id,prot_ps,prot_acf,prot_cs,e_prot_ps,E_prot_ps,e_prot_acf,E_prot_acf,e_prot_cs,E_prot_cs,sph_ps,sph_acf,sph_cs,h_ps,fa_prob_ps,hacf,gacf,hcs
6716137,179.93331685117394,-1.0,15.168708089087156,16.66096890344076,20.401317890452304,-1.0,-1.0,1.97555785191113,1.97555785191113,1511.5923285901713,-1.0,1492.5495363850448,0.17501390287547247,0.0,-1.0,-1.0,0.18323231690851183
