target_id,prot_ps,prot_acf,prot_cs,e_prot_ps,E_prot_ps,e_prot_acf,E_prot_acf,e_prot_cs,E_prot_cs,sph_ps,sph_acf,sph_cs,h_ps,fa_prob_ps,hacf,gacf,hcs
6779680,18.973881257558872,18.410779803525656,18.835461227516166,0.7817469615875154,0.8526912162380995,-1.0,-1.0,0.897013327872588,0.897013327872588,2305.6991889066367,2309.8684308747315,2327.3724872741686,0.12970138552394864,0.0,0.31599244743812727,0.7241099847672072,0.8747817930549746
