target_id,prot_ps,prot_acf,prot_cs,e_prot_ps,E_prot_ps,e_prot_acf,E_prot_acf,e_prot_cs,E_prot_cs,sph_ps,sph_acf,sph_cs,h_ps,fa_prob_ps,hacf,gacf,hcs
6756058,62.08305583655729,-1.0,62.192399173749365,0.6159901974605049,0.6284478617858227,-1.0,-1.0,1.749858476978792,1.749858476978792,647.4090633578204,-1.0,647.2935927428292,0.14843643479062257,0.0,-1.0,-1.0,0.2998318325815634
