target_id,prot_ps,prot_acf,prot_cs,e_prot_ps,E_prot_ps,e_prot_acf,E_prot_acf,e_prot_cs,E_prot_cs,sph_ps,sph_acf,sph_cs,h_ps,fa_prob_ps,hacf,gacf,hcs
6793825,73.04857832918195,-1.0,59.04550106885842,25.899061061721802,91.25247188449549,-1.0,-1.0,7.053840487304247,7.053840487304247,475.0486069134191,-1.0,473.4625556847881,0.05997791380794454,0.0,-1.0,-1.0,0.3532222255858124
