target_id,prot_ps,prot_acf,prot_cs,e_prot_ps,E_prot_ps,e_prot_acf,E_prot_acf,e_prot_cs,E_prot_cs,sph_ps,sph_acf,sph_cs,h_ps,fa_prob_ps,hacf,gacf,hcs
6720468,72.93424641454364,-1.0,73.40544934471113,2.025191220859327,2.1430127001416537,-1.0,-1.0,3.116394811984304,3.116394811984304,1483.5881014187082,-1.0,1480.9879310077413,0.3185679648705748,0.0,-1.0,-1.0,0.5074422442720616
