target_id,prot_ps,prot_acf,prot_cs,e_prot_ps,E_prot_ps,e_prot_acf,E_prot_acf,e_prot_cs,E_prot_cs,sph_ps,sph_acf,sph_cs,h_ps,fa_prob_ps,hacf,gacf,hcs
6705244,72.9353645166846,58.66533770458773,61.33562204148621,0.7221866952060907,0.7367768829766845,-1.0,-1.0,8.372078814871037,8.372078814871037,906.7741144043988,908.1599855552104,903.7091814790385,0.06292614000651658,0.0,0.10106475481221515,0.38664622356329026,0.7314991367814895
