target_id,prot_ps,prot_acf,prot_cs,e_prot_ps,E_prot_ps,e_prot_acf,E_prot_acf,e_prot_cs,E_prot_cs,sph_ps,sph_acf,sph_cs,h_ps,fa_prob_ps,hacf,gacf,hcs
6864359,73.04944573658885,-1.0,72.34026865962895,27.11139281290199,108.31466848740179,-1.0,-1.0,10.510339381215193,10.510339381215193,667.9010263596567,-1.0,667.7007255174958,0.0625173522724819,0.0,-1.0,-1.0,0.27541569500562074
