target_id,prot_ps,prot_acf,prot_cs,e_prot_ps,E_prot_ps,e_prot_acf,E_prot_acf,e_prot_cs,E_prot_cs,sph_ps,sph_acf,sph_cs,h_ps,fa_prob_ps,hacf,gacf,hcs
6860282,73.0484226845663,-1.0,73.26801277375202,21.02173857555028,50.20857966253452,-1.0,-1.0,2.7030438122536053,2.7030438122536053,635.3313125782759,-1.0,635.6431592716467,0.16663669760658548,0.0,-1.0,-1.0,0.3453940295638073
