target_id,prot_ps,prot_acf,prot_cs,e_prot_ps,E_prot_ps,e_prot_acf,E_prot_acf,e_prot_cs,E_prot_cs,sph_ps,sph_acf,sph_cs,h_ps,fa_prob_ps,hacf,gacf,hcs
6865853,8.301073214698855,7.907848997041583,8.302081494676077,0.08259748518308818,0.08427032714595128,-1.0,-1.0,0.054089565466429616,0.054089565466429616,378.8500419820269,381.06975187095827,378.8500419820269,0.15879486358034534,0.0,0.49590839501853967,0.4453434703139386,0.6872602435268511
