target_id,prot_ps,prot_acf,prot_cs,e_prot_ps,E_prot_ps,e_prot_acf,E_prot_acf,e_prot_cs,E_prot_cs,sph_ps,sph_acf,sph_cs,h_ps,fa_prob_ps,hacf,gacf,hcs
6837899,54.11073637672176,56.04963064659387,54.345025055226934,1.7272886814958568,1.8462168750571308,-1.0,-1.0,1.457726092344519,1.457726092344519,1050.2609102980168,1041.9709737953071,1048.8214968273292,0.1319832045917407,0.0,0.03305765381370173,0.4274203125457448,0.7924587944873721
