target_id,prot_ps,prot_acf,prot_cs,e_prot_ps,E_prot_ps,e_prot_acf,E_prot_acf,e_prot_cs,E_prot_cs,sph_ps,sph_acf,sph_cs,h_ps,fa_prob_ps,hacf,gacf,hcs
6879140,71.13485532320964,-1.0,71.8821573615074,20.1187032509524,46.93023566869901,-1.0,-1.0,11.468037098317895,11.468037098317895,656.7576950509584,-1.0,655.6177430177506,0.03447777687565585,0.0,-1.0,-1.0,0.3115577655944555
