target_id,prot_ps,prot_acf,prot_cs,e_prot_ps,E_prot_ps,e_prot_acf,E_prot_acf,e_prot_cs,E_prot_cs,sph_ps,sph_acf,sph_cs,h_ps,fa_prob_ps,hacf,gacf,hcs
6871887,14.323409690493138,13.016268793027848,14.313288779064784,0.5074789889021787,0.5463464834641769,-1.0,-1.0,0.10029310885009732,0.10029310885009732,1978.9783872416592,1954.3433411102365,1979.3397094227905,0.17523428594824744,0.0,0.35172059591798743,0.42700806863801305,0.9021355050685108
