target_id,prot_ps,prot_acf,prot_cs,e_prot_ps,E_prot_ps,e_prot_acf,E_prot_acf,e_prot_cs,E_prot_cs,sph_ps,sph_acf,sph_cs,h_ps,fa_prob_ps,hacf,gacf,hcs
6870808,98.60689310788165,-1.0,97.70487827892566,48.32835153646787,4844.852726713544,-1.0,-1.0,16.24302438318651,16.24302438318651,1237.0510854462161,-1.0,1237.0510854462161,0.3493845565455052,0.0,-1.0,-1.0,0.33083980528694545
