target_id,prot_ps,prot_acf,prot_cs,e_prot_ps,E_prot_ps,e_prot_acf,E_prot_acf,e_prot_cs,E_prot_cs,sph_ps,sph_acf,sph_cs,h_ps,fa_prob_ps,hacf,gacf,hcs
6854503,14.908023659563408,15.120925037190318,14.919072122762422,0.8859291025936518,1.0040724082396988,-1.0,-1.0,0.12552385601439905,0.12552385601439905,2168.2366070494277,2163.7421621129056,2164.124121308558,0.1538868131969849,0.0,0.3869863711528283,0.7670240123702782,0.9551845410179552
