target_id,prot_ps,prot_acf,prot_cs,e_prot_ps,E_prot_ps,e_prot_acf,E_prot_acf,e_prot_cs,E_prot_cs,sph_ps,sph_acf,sph_cs,h_ps,fa_prob_ps,hacf,gacf,hcs
6807014,12.074284239330698,12.403610459063202,12.504489464496928,1.1430453781765255,1.406724929367698,-1.0,-1.0,0.9148702700482032,0.9148702700482032,777.6001874704763,820.3536757695425,811.2110299999957,0.0561708928818706,0.0,0.34127784548579765,0.6197333047484068,0.791902961932239
