target_id,prot_ps,prot_acf,prot_cs,e_prot_ps,E_prot_ps,e_prot_acf,E_prot_acf,e_prot_cs,E_prot_cs,sph_ps,sph_acf,sph_cs,h_ps,fa_prob_ps,hacf,gacf,hcs
6864510,73.0493800322868,-1.0,72.34020271752055,30.898698089921858,212.25584351386874,-1.0,-1.0,14.643060571518472,14.643060571518472,1128.3575015771617,-1.0,1127.9198419330803,0.05062218764484384,0.0,-1.0,-1.0,0.19351610143354764
