target_id,prot_ps,prot_acf,prot_cs,e_prot_ps,E_prot_ps,e_prot_acf,E_prot_acf,e_prot_cs,E_prot_cs,sph_ps,sph_acf,sph_cs,h_ps,fa_prob_ps,hacf,gacf,hcs
6871755,73.04938003644374,-1.0,3.3214682089256113,0.7235858081706823,0.7382070330029364,-1.0,-1.0,0.07312194519442661,0.07312194519442661,484.19508550695093,-1.0,421.0378942929229,0.05373537673225677,0.0,-1.0,-1.0,0.002919912571091585
