target_id,prot_ps,prot_acf,prot_cs,e_prot_ps,E_prot_ps,e_prot_acf,E_prot_acf,e_prot_cs,E_prot_cs,sph_ps,sph_acf,sph_cs,h_ps,fa_prob_ps,hacf,gacf,hcs
6875450,93.53712804689488,-1.0,3.996560904487264,8.660959346714165,10.605287930601605,-1.0,-1.0,0.5971302593750744,0.5971302593750744,419.4024336221788,-1.0,310.060299735082,0.26377736054661166,1.4931059099621855e-300,-1.0,-1.0,0.09667640011508372
