target_id,prot_ps,prot_acf,prot_cs,e_prot_ps,E_prot_ps,e_prot_acf,E_prot_acf,e_prot_cs,E_prot_cs,sph_ps,sph_acf,sph_cs,h_ps,fa_prob_ps,hacf,gacf,hcs
6848560,91.3116495841537,-1.0,92.21067446874446,5.05650922083818,5.691442970437706,-1.0,-1.0,5.78042473298195,5.78042473298195,603.0052584294662,-1.0,601.1935604855181,0.1071307679859159,0.0,-1.0,-1.0,0.47178377531603194
