target_id,prot_ps,prot_acf,prot_cs,e_prot_ps,E_prot_ps,e_prot_acf,E_prot_acf,e_prot_cs,E_prot_cs,sph_ps,sph_acf,sph_cs,h_ps,fa_prob_ps,hacf,gacf,hcs
6922404,14.184363042489355,13.91556165413931,14.187626140382067,0.269688127593561,0.28031811484570923,-1.0,-1.0,0.10209435901246114,0.10209435901246114,3662.8963090041348,3651.4340348547767,3664.6135190180903,0.19690066917794735,0.0,0.3481353395687091,0.7240649867081546,0.7513282876614045
