target_id,prot_ps,prot_acf,prot_cs,e_prot_ps,E_prot_ps,e_prot_acf,E_prot_acf,e_prot_cs,E_prot_cs,sph_ps,sph_acf,sph_cs,h_ps,fa_prob_ps,hacf,gacf,hcs
6937828,73.0493461349775,-1.0,73.33088138565529,0.7261660160601195,0.7408659161422833,-1.0,-1.0,2.5497896670850757,2.5497896670850757,839.6506408991921,-1.0,840.0091233786311,0.07917990015250566,0.0,-1.0,-1.0,0.35514305098636934
