target_id,prot_ps,prot_acf,prot_cs,e_prot_ps,E_prot_ps,e_prot_acf,E_prot_acf,e_prot_cs,E_prot_cs,sph_ps,sph_acf,sph_cs,h_ps,fa_prob_ps,hacf,gacf,hcs
6962977,74.87870599302305,-1.0,89.43636610954827,0.7419347838697234,0.7569291257355104,-1.0,-1.0,4.09198483139958,4.09198483139958,837.048664023252,-1.0,839.6218679467883,0.03087375511917268,0.0,-1.0,-1.0,0.05876928091090599
