target_id,prot_ps,prot_acf,prot_cs,e_prot_ps,E_prot_ps,e_prot_acf,E_prot_acf,e_prot_cs,E_prot_cs,sph_ps,sph_acf,sph_cs,h_ps,fa_prob_ps,hacf,gacf,hcs
6947848,18.87122695154723,17.716073768679053,53.87539545152063,4.083823509419119,7.145565890821935,-1.0,-1.0,1.906628321393399,1.906628321393399,388.06536985235533,386.08585459292453,393.646126229244,0.03682749029865637,0.0,0.036772403179244885,0.24863342259084714,2.0820369126445213
