target_id,prot_ps,prot_acf,prot_cs,e_prot_ps,E_prot_ps,e_prot_acf,E_prot_acf,e_prot_cs,E_prot_cs,sph_ps,sph_acf,sph_cs,h_ps,fa_prob_ps,hacf,gacf,hcs
6974205,21.173746465479653,21.72100002411753,21.318489355691113,1.706358637906014,2.030328053452301,-1.0,-1.0,1.3514560787146415,1.3514560787146415,3419.150133526679,3416.8262782954407,3429.209114513946,0.14129055812281596,0.0,0.4858472452714698,0.9768497512987517,0.8922911125084864
