target_id,prot_ps,prot_acf,prot_cs,e_prot_ps,E_prot_ps,e_prot_acf,E_prot_acf,e_prot_cs,E_prot_cs,sph_ps,sph_acf,sph_cs,h_ps,fa_prob_ps,hacf,gacf,hcs
6954914,19.62634160944222,40.64267318509519,19.62493662192389,0.44152179729345775,0.4625409067643673,-1.0,-1.0,0.18307389399732504,0.18307389399732504,660.1114515752134,667.6604630835019,660.1114515752134,0.2145373402104486,0.0,-0.2374573800480427,0.2302350904119586,0.589813379645475
