target_id,prot_ps,prot_acf,prot_cs,e_prot_ps,E_prot_ps,e_prot_acf,E_prot_acf,e_prot_cs,E_prot_cs,sph_ps,sph_acf,sph_cs,h_ps,fa_prob_ps,hacf,gacf,hcs
6964223,92.25727096743499,50.75749168731272,35.88967424503993,21.429393377657107,40.37209590151771,-1.0,-1.0,4.359409528008951,4.359409528008951,256.00581565309585,255.49968938376952,221.80386286133657,0.054148901501825476,1.4620933967699526e-268,-0.10423603717902076,0.10240073661437982,1.0564950797267236
