target_id,prot_ps,prot_acf,prot_cs,e_prot_ps,E_prot_ps,e_prot_acf,E_prot_acf,e_prot_cs,E_prot_cs,sph_ps,sph_acf,sph_cs,h_ps,fa_prob_ps,hacf,gacf,hcs
6944978,4.565586143868556,4.597582435235381,4.73561107497646,0.082877113060424,0.08596694425158002,-1.0,-1.0,0.08238473985266244,0.08238473985266244,1449.6721182858269,1459.46907978161,1474.3124954572352,0.10776903498818673,0.0,0.7717219051512967,0.8617250281212032,0.4901888404321886
