target_id,prot_ps,prot_acf,prot_cs,e_prot_ps,E_prot_ps,e_prot_acf,E_prot_acf,e_prot_cs,E_prot_cs,sph_ps,sph_acf,sph_cs,h_ps,fa_prob_ps,hacf,gacf,hcs
7014525,25.05106206992422,25.030881131533533,25.281189942848865,0.8252622084341041,0.8828482271728433,-1.0,-1.0,1.0431874160513535,1.0431874160513535,2250.4181202082054,2250.077241687813,2240.6249604840486,0.20213462611182675,0.0,0.40824722945166925,0.8456830403720135,0.9533977499988929
