target_id,prot_ps,prot_acf,prot_cs,e_prot_ps,E_prot_ps,e_prot_acf,E_prot_acf,e_prot_cs,E_prot_cs,sph_ps,sph_acf,sph_cs,h_ps,fa_prob_ps,hacf,gacf,hcs
7019144,61.86048845586437,-1.0,62.33826001709211,19.402569364616546,51.19787919685041,-1.0,-1.0,1.9845571722290638,1.9845571722290638,681.1490172352186,-1.0,680.5586005007143,0.11084287741262394,0.0,-1.0,-1.0,0.10239236583080047
