target_id,prot_ps,prot_acf,prot_cs,e_prot_ps,E_prot_ps,e_prot_acf,E_prot_acf,e_prot_cs,E_prot_cs,sph_ps,sph_acf,sph_cs,h_ps,fa_prob_ps,hacf,gacf,hcs
7091660,54.11007758085973,-1.0,91.7910624444155,20.197474897793064,77.40498275727771,-1.0,-1.0,4.270587628424084,4.270587628424084,478.158975043926,-1.0,480.5281031602056,0.07470993118437899,0.0,-1.0,-1.0,0.26054343903240423
