target_id,prot_ps,prot_acf,prot_cs,e_prot_ps,E_prot_ps,e_prot_acf,E_prot_acf,e_prot_cs,E_prot_cs,sph_ps,sph_acf,sph_cs,h_ps,fa_prob_ps,hacf,gacf,hcs
7024901,9.435638852058016,9.215652753598988,9.423194214481525,0.3247335436480565,0.34899557332749787,-1.0,-1.0,0.058132192190374736,0.058132192190374736,4936.429804165078,4883.766679577942,4939.150168670706,0.16672992399366984,0.0,0.5264459812278771,1.0015778447314378,0.887591050691437
