target_id,prot_ps,prot_acf,prot_cs,e_prot_ps,E_prot_ps,e_prot_acf,E_prot_acf,e_prot_cs,E_prot_cs,sph_ps,sph_acf,sph_cs,h_ps,fa_prob_ps,hacf,gacf,hcs
7036871,54.11061598933273,59.66636508703232,53.688737109183535,1.1540704988938728,1.2060292960343588,-1.0,-1.0,1.9058639200642231,1.9058639200642231,495.140415774962,487.391190164064,478.9342494946791,0.08738052360544171,0.0,0.26822569885000613,0.6458667457510954,0.7481011920938981
