target_id,prot_ps,prot_acf,prot_cs,e_prot_ps,E_prot_ps,e_prot_acf,E_prot_acf,e_prot_cs,E_prot_cs,sph_ps,sph_acf,sph_cs,h_ps,fa_prob_ps,hacf,gacf,hcs
7018659,94.8463412099214,-1.0,95.18470267432618,0.9394563649322691,0.9584392167886477,-1.0,-1.0,4.3293344152473745,4.3293344152473745,300.10165299099623,-1.0,300.0338084103268,0.09318762219815896,0.0,-1.0,-1.0,0.17929597941066033
