target_id,prot_ps,prot_acf,prot_cs,e_prot_ps,E_prot_ps,e_prot_acf,E_prot_acf,e_prot_cs,E_prot_cs,sph_ps,sph_acf,sph_cs,h_ps,fa_prob_ps,hacf,gacf,hcs
7038372,17.602267696058163,17.40952048636973,17.617328437692333,0.1753833675648906,0.1789378350799531,-1.0,-1.0,0.1579742238844579,0.1579742238844579,3203.0103782947012,3202.4932006931926,3202.9191334574307,0.33984803290851445,0.0,0.3931101695371206,0.8724234571476459,0.9546334952212994
