target_id,prot_ps,prot_acf,prot_cs,e_prot_ps,E_prot_ps,e_prot_acf,E_prot_acf,e_prot_cs,E_prot_cs,sph_ps,sph_acf,sph_cs,h_ps,fa_prob_ps,hacf,gacf,hcs
7041486,73.04942031330259,-1.0,73.20810621109396,21.82601713469144,55.05283978337465,-1.0,-1.0,2.807707150494966,2.807707150494966,738.1297243191058,-1.0,738.239442769592,0.14714034176996968,0.0,-1.0,-1.0,0.30233151468963765
