target_id,prot_ps,prot_acf,prot_cs,e_prot_ps,E_prot_ps,e_prot_acf,E_prot_acf,e_prot_cs,E_prot_cs,sph_ps,sph_acf,sph_cs,h_ps,fa_prob_ps,hacf,gacf,hcs
7093430,16.79296311335623,16.816937545780092,16.81171758032174,0.27356256244664223,0.2827492169491741,-1.0,-1.0,0.2524498987731055,0.2524498987731055,5436.690211759696,5437.877781709928,5437.397937410207,0.25545019193757795,0.0,0.5430362902364809,1.133431134336719,0.9380610246771948
