target_id,prot_ps,prot_acf,prot_cs,e_prot_ps,E_prot_ps,e_prot_acf,E_prot_acf,e_prot_cs,E_prot_cs,sph_ps,sph_acf,sph_cs,h_ps,fa_prob_ps,hacf,gacf,hcs
7020085,91.31161596522601,-1.0,91.8176592734499,0.8968334441577639,0.9148774850730632,-1.0,-1.0,4.678106314362733,4.678106314362733,851.683999343957,-1.0,850.0400303656116,0.10333279707977153,0.0,-1.0,-1.0,0.30542212147781805
