target_id,prot_ps,prot_acf,prot_cs,e_prot_ps,E_prot_ps,e_prot_acf,E_prot_acf,e_prot_cs,E_prot_cs,sph_ps,sph_acf,sph_cs,h_ps,fa_prob_ps,hacf,gacf,hcs
7026358,18.97376885413713,18.41089644143358,18.949401170491505,0.19689743802959825,0.20108206665084793,-1.0,-1.0,0.2042719785288387,0.2042719785288387,2620.9687444941032,2565.78249122993,2528.3498895589173,0.33083906375146277,0.0,0.35755820085772516,0.7994830532975341,0.8293630942953671
