target_id,prot_ps,prot_acf,prot_cs,e_prot_ps,E_prot_ps,e_prot_acf,E_prot_acf,e_prot_cs,E_prot_cs,sph_ps,sph_acf,sph_cs,h_ps,fa_prob_ps,hacf,gacf,hcs
7191646,52.692342642100236,-1.0,95.84278037913143,0.5225847278896296,0.533151013185801,-1.0,-1.0,5.083519233302407,5.083519233302407,1001.820859292173,-1.0,1004.5789359609556,0.08060154167608419,0.0,-1.0,-1.0,0.19425210083873004
