target_id,prot_ps,prot_acf,prot_cs,e_prot_ps,E_prot_ps,e_prot_acf,E_prot_acf,e_prot_cs,E_prot_cs,sph_ps,sph_acf,sph_cs,h_ps,fa_prob_ps,hacf,gacf,hcs
7102500,7.560368828772088,54.946363776922226,7.467199000951271,0.07376354933932294,0.07524265307092914,-1.0,-1.0,0.14838274011575794,0.14838274011575794,2911.980945234716,3213.8029389617136,2902.2832413374736,0.11892337415378783,0.0,0.09582779100651431,0.3408505450327648,3.2249569642642326
