target_id,prot_ps,prot_acf,prot_cs,e_prot_ps,E_prot_ps,e_prot_acf,E_prot_acf,e_prot_cs,E_prot_cs,sph_ps,sph_acf,sph_cs,h_ps,fa_prob_ps,hacf,gacf,hcs
7108658,9.188513397887352,9.113471193239093,9.209556926582422,0.09127389711334111,0.09312088276504937,-1.0,-1.0,0.07598439485757116,0.07598439485757116,6389.999107164702,6429.54815799537,6377.325134060817,0.3023574684475764,0.0,0.5557457637148536,0.9329287039519063,0.59493252665568
