target_id,prot_ps,prot_acf,prot_cs,e_prot_ps,E_prot_ps,e_prot_acf,E_prot_acf,e_prot_cs,E_prot_cs,sph_ps,sph_acf,sph_cs,h_ps,fa_prob_ps,hacf,gacf,hcs
7121057,15.37883249332316,15.407026085071266,15.366100700447062,0.3517220471962794,0.36858616666216903,-1.0,-1.0,0.4170033527057483,0.4170033527057483,5525.356228574735,5524.887994861196,5524.360988654944,0.19025217176564935,0.0,0.4834580260508817,1.0636085920070908,0.8748907073940964
