target_id,prot_ps,prot_acf,prot_cs,e_prot_ps,E_prot_ps,e_prot_acf,E_prot_acf,e_prot_cs,E_prot_cs,sph_ps,sph_acf,sph_cs,h_ps,fa_prob_ps,hacf,gacf,hcs
7122183,72.93544782683759,-1.0,73.69862223193513,2.9002683227905948,3.1481349494707445,-1.0,-1.0,5.23121401709218,5.23121401709218,802.2668363982712,-1.0,801.0500736748796,0.059605408861415986,0.0,-1.0,-1.0,0.2817419174666692
