target_id,prot_ps,prot_acf,prot_cs,e_prot_ps,E_prot_ps,e_prot_acf,E_prot_acf,e_prot_cs,E_prot_cs,sph_ps,sph_acf,sph_cs,h_ps,fa_prob_ps,hacf,gacf,hcs
7174562,73.0493952706762,-1.0,73.27323789967805,2.275536609298001,2.4272341140131886,-1.0,-1.0,3.176501773629418,3.176501773629418,415.19589117660433,-1.0,415.60458532425463,0.10124275414435209,0.0,-1.0,-1.0,0.36474279507765733
