target_id,prot_ps,prot_acf,prot_cs,e_prot_ps,E_prot_ps,e_prot_acf,E_prot_acf,e_prot_cs,E_prot_cs,sph_ps,sph_acf,sph_cs,h_ps,fa_prob_ps,hacf,gacf,hcs
7173935,59.97672587796043,-1.0,16.489237049310464,19.391956513291653,53.89392595850936,-1.0,-1.0,4.991880076082557,4.991880076082557,3043.4483800345192,-1.0,2793.082403071811,0.30772680514885603,0.0,-1.0,-1.0,0.041328715605188526
