target_id,prot_ps,prot_acf,prot_cs,e_prot_ps,E_prot_ps,e_prot_acf,E_prot_acf,e_prot_cs,E_prot_cs,sph_ps,sph_acf,sph_cs,h_ps,fa_prob_ps,hacf,gacf,hcs
7109448,91.31079967833936,-1.0,91.77717735067935,2.483910059429718,2.628336270435284,-1.0,-1.0,4.679246092979679,4.679246092979679,629.5541176828509,-1.0,628.1410491670273,0.11627258866175474,0.0,-1.0,-1.0,0.3631635354467252
