target_id,prot_ps,prot_acf,prot_cs,e_prot_ps,E_prot_ps,e_prot_acf,E_prot_acf,e_prot_cs,E_prot_cs,sph_ps,sph_acf,sph_cs,h_ps,fa_prob_ps,hacf,gacf,hcs
7174635,54.1107966693904,58.56304209679365,54.33598812236121,13.429365472235254,26.404666472109767,-1.0,-1.0,1.9584521116459221,1.9584521116459221,536.692434653297,538.7198414185305,536.3198787859566,0.11654158873439106,0.0,0.19964459175815852,0.5574886610138026,0.8026046601829797
