target_id,prot_ps,prot_acf,prot_cs,e_prot_ps,E_prot_ps,e_prot_acf,E_prot_acf,e_prot_cs,E_prot_cs,sph_ps,sph_acf,sph_cs,h_ps,fa_prob_ps,hacf,gacf,hcs
7106387,54.516804189243466,-1.0,99.18658299129582,28.222994745484797,-1127.4264188888224,-1.0,-1.0,5.344666974139061,5.344666974139061,211.19009218413467,-1.0,212.22490483127265,0.04119081965633009,0.0,-1.0,-1.0,0.0679294816986835
