target_id,prot_ps,prot_acf,prot_cs,e_prot_ps,E_prot_ps,e_prot_acf,E_prot_acf,e_prot_cs,E_prot_cs,sph_ps,sph_acf,sph_cs,h_ps,fa_prob_ps,hacf,gacf,hcs
7282182,5.411062564043725,5.4149280791170895,5.4129702372445605,0.054268161755858024,0.055371666607022973,-1.0,-1.0,0.04333105061030685,0.04333105061030685,7208.4940581985,7209.770273491858,7208.4940581985,0.2667288454803156,0.0,0.7467525949361624,1.2762749403570064,0.9277129052686979
