target_id,prot_ps,prot_acf,prot_cs,e_prot_ps,E_prot_ps,e_prot_acf,E_prot_acf,e_prot_cs,E_prot_cs,sph_ps,sph_acf,sph_cs,h_ps,fa_prob_ps,hacf,gacf,hcs
7206786,74.87873940665432,-1.0,75.21479912237213,2.704838932643952,2.917741588816753,-1.0,-1.0,2.694573450953286,2.694573450953286,788.6957870724746,-1.0,788.9116036273833,0.07023993233110296,0.0,-1.0,-1.0,0.11136290576308938
