target_id,prot_ps,prot_acf,prot_cs,e_prot_ps,E_prot_ps,e_prot_acf,E_prot_acf,e_prot_cs,E_prot_cs,sph_ps,sph_acf,sph_cs,h_ps,fa_prob_ps,hacf,gacf,hcs
7202230,73.04932842851763,20.924094200134277,22.191595726730306,1.5723877066374001,1.6438637666079075,-1.0,-1.0,1.7696492050740131,1.7696492050740131,2436.250442257531,2361.6647464023504,2327.8479099221927,0.09865878106845188,0.0,0.21481279378659698,0.652648472947204,0.6066825125088481
