target_id,prot_ps,prot_acf,prot_cs,e_prot_ps,E_prot_ps,e_prot_acf,E_prot_acf,e_prot_cs,E_prot_cs,sph_ps,sph_acf,sph_cs,h_ps,fa_prob_ps,hacf,gacf,hcs
7272044,91.31163773800225,-1.0,91.33941558159289,4.407802606476295,4.884043759523934,-1.0,-1.0,5.577356171409252,5.577356171409252,1365.7515565443537,-1.0,1365.573498701372,0.11788723923250795,0.0,-1.0,-1.0,0.5575292581580427
