target_id,prot_ps,prot_acf,prot_cs,e_prot_ps,E_prot_ps,e_prot_acf,E_prot_acf,e_prot_cs,E_prot_cs,sph_ps,sph_acf,sph_cs,h_ps,fa_prob_ps,hacf,gacf,hcs
7287128,8.071774237007158,7.601341662928462,7.731365303466701,0.3227885952579559,0.3511237085375134,-1.0,-1.0,0.10742181887471927,0.10742181887471927,2059.912950748618,2069.3429197090313,2040.5424675262636,0.05314642499059445,0.0,0.4649051711384854,0.43285660155283645,0.5391498756083591
