target_id,prot_ps,prot_acf,prot_cs,e_prot_ps,E_prot_ps,e_prot_acf,E_prot_acf,e_prot_cs,E_prot_cs,sph_ps,sph_acf,sph_cs,h_ps,fa_prob_ps,hacf,gacf,hcs
7211354,73.04951258863777,-1.0,73.80162768166511,8.940248420311462,11.799575503996849,-1.0,-1.0,6.752240817973362,6.752240817973362,582.6966079970543,-1.0,582.471528349733,0.07978442541009219,0.0,-1.0,-1.0,0.48245816393904156
