target_id,prot_ps,prot_acf,prot_cs,e_prot_ps,E_prot_ps,e_prot_acf,E_prot_acf,e_prot_cs,E_prot_cs,sph_ps,sph_acf,sph_cs,h_ps,fa_prob_ps,hacf,gacf,hcs
7281356,73.04943498334796,-1.0,72.34025711975993,25.102557133440172,82.0743662221971,-1.0,-1.0,11.660300411074983,11.660300411074983,721.7478182705443,-1.0,722.4701644882198,0.08560451867333631,0.0,-1.0,-1.0,0.25030883820189215
