target_id,prot_ps,prot_acf,prot_cs,e_prot_ps,E_prot_ps,e_prot_acf,E_prot_acf,e_prot_cs,E_prot_cs,sph_ps,sph_acf,sph_cs,h_ps,fa_prob_ps,hacf,gacf,hcs
7297372,32.466397814512796,63.05841311905533,63.11793105381986,0.32408390835768586,0.3306582383849559,-1.0,-1.0,7.271294567614526,7.271294567614526,801.0706692628578,795.2877151106958,795.3064973077435,0.06228035052985618,0.0,0.3460942800235943,0.7669911627466325,0.9355605446885812
