target_id,prot_ps,prot_acf,prot_cs,e_prot_ps,E_prot_ps,e_prot_acf,E_prot_acf,e_prot_cs,E_prot_cs,sph_ps,sph_acf,sph_cs,h_ps,fa_prob_ps,hacf,gacf,hcs
7204593,61.85639809224667,-1.0,74.29568027816964,15.779430250925095,31.883666929000185,-1.0,-1.0,3.955219356079884,3.955219356079884,318.02256262582523,-1.0,318.69830514518515,0.09195683906430564,0.0,-1.0,-1.0,0.23380711555708086
