target_id,prot_ps,prot_acf,prot_cs,e_prot_ps,E_prot_ps,e_prot_acf,E_prot_acf,e_prot_cs,E_prot_cs,sph_ps,sph_acf,sph_cs,h_ps,fa_prob_ps,hacf,gacf,hcs
7272157,121.7489749120616,-1.0,91.67276558315795,3.660552712224728,3.8972486685761965,-1.0,-1.0,3.97089084348462,3.97089084348462,677.5675187786105,-1.0,689.3127271601232,0.07160104468039212,0.0,-1.0,-1.0,0.317467834262554
