target_id,prot_ps,prot_acf,prot_cs,e_prot_ps,E_prot_ps,e_prot_acf,E_prot_acf,e_prot_cs,E_prot_cs,sph_ps,sph_acf,sph_cs,h_ps,fa_prob_ps,hacf,gacf,hcs
7268095,22.543436412740675,21.414373822510242,22.62217535877561,1.9225607117768888,2.3226924739802257,-1.0,-1.0,0.6238644592330431,0.6238644592330431,1494.9907838361737,1597.568492345363,1481.380610411528,0.10789195880362472,0.0,0.23076316648637143,0.611943433490663,0.902161506353427
