target_id,prot_ps,prot_acf,prot_cs,e_prot_ps,E_prot_ps,e_prot_acf,E_prot_acf,e_prot_cs,E_prot_cs,sph_ps,sph_acf,sph_cs,h_ps,fa_prob_ps,hacf,gacf,hcs
7220937,91.31184352008026,-1.0,91.08689713723132,21.582605916841317,41.30249142039544,-1.0,-1.0,4.890044335549665,4.890044335549665,476.21441945911903,-1.0,476.34497487112776,0.04366857417363119,0.0,-1.0,-1.0,0.7240172058057301
