target_id,prot_ps,prot_acf,prot_cs,e_prot_ps,E_prot_ps,e_prot_acf,E_prot_acf,e_prot_cs,E_prot_cs,sph_ps,sph_acf,sph_cs,h_ps,fa_prob_ps,hacf,gacf,hcs
7270857,73.04831882633236,-1.0,91.52048904005021,26.99925562980654,100.6774428706552,-1.0,-1.0,4.034076163983513,4.034076163983513,657.3183500191377,-1.0,660.3815310820161,0.08921914033326585,0.0,-1.0,-1.0,0.2994335664734121
