target_id,prot_ps,prot_acf,prot_cs,e_prot_ps,E_prot_ps,e_prot_acf,E_prot_acf,e_prot_cs,E_prot_cs,sph_ps,sph_acf,sph_cs,h_ps,fa_prob_ps,hacf,gacf,hcs
7304560,45.9985656874655,-1.0,92.50468407684261,0.45948495222337016,0.46880932127443486,-1.0,-1.0,3.989848530342285,3.989848530342285,208.04217492299037,-1.0,208.90709220001008,0.10964661796053371,0.0,-1.0,-1.0,0.5096585417256075
