target_id,prot_ps,prot_acf,prot_cs,e_prot_ps,E_prot_ps,e_prot_acf,E_prot_acf,e_prot_cs,E_prot_cs,sph_ps,sph_acf,sph_cs,h_ps,fa_prob_ps,hacf,gacf,hcs
7336529,91.31165183155349,-1.0,94.52212899864858,0.9053135858433592,0.9236154547693758,-1.0,-1.0,4.742043016714508,4.742043016714508,1475.329073280305,-1.0,1467.9876161192235,0.06426157444656355,0.0,-1.0,-1.0,0.05678316986066785
