target_id,prot_ps,prot_acf,prot_cs,e_prot_ps,E_prot_ps,e_prot_acf,E_prot_acf,e_prot_cs,E_prot_cs,sph_ps,sph_acf,sph_cs,h_ps,fa_prob_ps,hacf,gacf,hcs
7367544,73.04933602096453,-1.0,73.80157722596078,3.994003128443225,4.478874085618912,-1.0,-1.0,4.792763007420202,4.792763007420202,916.8301301479125,-1.0,918.0940321632218,0.08807051587885749,0.0,-1.0,-1.0,0.3665551041024154
