target_id,prot_ps,prot_acf,prot_cs,e_prot_ps,E_prot_ps,e_prot_acf,E_prot_acf,e_prot_cs,E_prot_cs,sph_ps,sph_acf,sph_cs,h_ps,fa_prob_ps,hacf,gacf,hcs
7375780,58.87893841384262,58.15438757184893,58.26064295321704,2.9942130197252723,3.3370052615297183,-1.0,-1.0,3.1176350372220853,3.1176350372220853,381.56568239401105,381.17674194512585,380.96214353542734,0.045402633684238004,0.0,0.13432378460740546,0.49460654583885494,0.9912520478345874
