target_id,prot_ps,prot_acf,prot_cs,e_prot_ps,E_prot_ps,e_prot_acf,E_prot_acf,e_prot_cs,E_prot_cs,sph_ps,sph_acf,sph_cs,h_ps,fa_prob_ps,hacf,gacf,hcs
7337410,91.31189100172605,-1.0,91.73907695620073,1.2927152049753374,1.330733296481256,-1.0,-1.0,5.05973817988302,5.05973817988302,393.19435915713797,-1.0,392.6222007704714,0.08640800944972687,0.0,-1.0,-1.0,0.5328268496961905
