target_id,prot_ps,prot_acf,prot_cs,e_prot_ps,E_prot_ps,e_prot_acf,E_prot_acf,e_prot_cs,E_prot_cs,sph_ps,sph_acf,sph_cs,h_ps,fa_prob_ps,hacf,gacf,hcs
7358254,21.378773428049215,21.720986164174974,21.382491684695754,2.6289460254508583,3.4750536000529273,-1.0,-1.0,0.4487810116638263,0.4487810116638263,3220.4545047714078,3100.013039610394,3220.429111131894,0.12118599717875189,0.0,0.40818398426563013,0.8607921425782139,0.9345159126297654
