target_id,prot_ps,prot_acf,prot_cs,e_prot_ps,E_prot_ps,e_prot_acf,E_prot_acf,e_prot_cs,E_prot_cs,sph_ps,sph_acf,sph_cs,h_ps,fa_prob_ps,hacf,gacf,hcs
7379728,23.741232255715072,19.51422013575211,23.960805940716526,0.4004082764450274,0.41424134148494574,-1.0,-1.0,0.7203990742304661,0.7203990742304661,343.9704451411851,340.458564214757,342.99181087613675,0.12457160781196497,0.0,-0.2450841489021865,0.037492091355262186,1.1179758472432644
