target_id,prot_ps,prot_acf,prot_cs,e_prot_ps,E_prot_ps,e_prot_acf,E_prot_acf,e_prot_cs,E_prot_cs,sph_ps,sph_acf,sph_cs,h_ps,fa_prob_ps,hacf,gacf,hcs
7377586,73.04935963218566,-1.0,73.639569534118,2.938869276544253,3.1944912179186105,-1.0,-1.0,3.3927254676620104,3.3927254676620104,381.22273262582144,-1.0,381.1535923349675,0.07300682521180456,0.0,-1.0,-1.0,0.2718626142627008
