target_id,prot_ps,prot_acf,prot_cs,e_prot_ps,E_prot_ps,e_prot_acf,E_prot_acf,e_prot_cs,E_prot_cs,sph_ps,sph_acf,sph_cs,h_ps,fa_prob_ps,hacf,gacf,hcs
7349171,52.570417721337,60.85156467650086,3.0337917419441682,17.166466456225876,48.56882511714196,-1.0,-1.0,0.5456195140680459,0.5456195140680459,358.5679522921421,358.14176382161946,319.8085599482798,0.034325904428086154,0.0,0.07308382322757707,0.34792688245934594,0.7149672699542209
