target_id,prot_ps,prot_acf,prot_cs,e_prot_ps,E_prot_ps,e_prot_acf,E_prot_acf,e_prot_cs,E_prot_cs,sph_ps,sph_acf,sph_cs,h_ps,fa_prob_ps,hacf,gacf,hcs
7352950,73.04862400960621,-1.0,62.93378117871937,29.59821323009325,163.05208989624015,-1.0,-1.0,10.87126741830253,10.87126741830253,286.71001758973546,-1.0,286.28076854301213,0.0473314517957714,0.0,-1.0,-1.0,0.2572574738427295
