target_id,prot_ps,prot_acf,prot_cs,e_prot_ps,E_prot_ps,e_prot_acf,E_prot_acf,e_prot_cs,E_prot_cs,sph_ps,sph_acf,sph_cs,h_ps,fa_prob_ps,hacf,gacf,hcs
7376530,81.16506612303994,-1.0,80.37148151856849,21.038188875151732,44.159752793435004,-1.0,-1.0,16.710736534156776,16.710736534156776,125.51065040960997,-1.0,125.64227311096062,0.043926332609052536,0.0,-1.0,-1.0,0.23546210502352535
