target_id,prot_ps,prot_acf,prot_cs,e_prot_ps,E_prot_ps,e_prot_acf,E_prot_acf,e_prot_cs,E_prot_cs,sph_ps,sph_acf,sph_cs,h_ps,fa_prob_ps,hacf,gacf,hcs
7335086,91.31178470694842,-1.0,91.20233649819154,1.5033975021811443,1.5551178785856479,-1.0,-1.0,4.6098414000516765,4.6098414000516765,882.111680802881,-1.0,882.6072945198243,0.11781333115834405,0.0,-1.0,-1.0,0.43613283529181474
