target_id,prot_ps,prot_acf,prot_cs,e_prot_ps,E_prot_ps,e_prot_acf,E_prot_acf,e_prot_cs,E_prot_cs,sph_ps,sph_acf,sph_cs,h_ps,fa_prob_ps,hacf,gacf,hcs
7337808,91.31186259007117,-1.0,95.2604720826241,0.9041001557117028,0.922365034071035,-1.0,-1.0,1.6619428357604338,1.6619428357604338,711.3762806475992,-1.0,709.7437627249323,0.07775246585694824,0.0,-1.0,-1.0,0.020221502021123616
