target_id,prot_ps,prot_acf,prot_cs,e_prot_ps,E_prot_ps,e_prot_acf,E_prot_acf,e_prot_cs,E_prot_cs,sph_ps,sph_acf,sph_cs,h_ps,fa_prob_ps,hacf,gacf,hcs
7428567,91.31044237637671,-1.0,91.76639281649238,0.8954652638027341,0.9134679398358685,-1.0,-1.0,4.273920112900762,4.273920112900762,813.1104120675374,-1.0,812.0871992378103,0.10605755486325073,0.0,-1.0,-1.0,0.4830997585510545
