target_id,prot_ps,prot_acf,prot_cs,e_prot_ps,E_prot_ps,e_prot_acf,E_prot_acf,e_prot_cs,E_prot_cs,sph_ps,sph_acf,sph_cs,h_ps,fa_prob_ps,hacf,gacf,hcs
7450601,59.04290701343931,-1.0,59.64410550668835,5.6366388899132005,6.950441287047781,-1.0,-1.0,7.462668523339022,7.462668523339022,2167.461412940409,-1.0,2162.886221187564,0.11918828196083837,0.0,-1.0,-1.0,0.564799392245589
