target_id,prot_ps,prot_acf,prot_cs,e_prot_ps,E_prot_ps,e_prot_acf,E_prot_acf,e_prot_cs,E_prot_cs,sph_ps,sph_acf,sph_cs,h_ps,fa_prob_ps,hacf,gacf,hcs
7499730,54.11067740226481,59.15559167275205,54.69082594546489,14.62877866649594,31.47946807527488,-1.0,-1.0,4.774473917024268,4.774473917024268,744.1620209948738,735.7096596314939,745.0292558373083,0.09682961350783144,0.0,0.1443573380466615,0.5273211119454813,0.6772242501212364
