target_id,prot_ps,prot_acf,prot_cs,e_prot_ps,E_prot_ps,e_prot_acf,E_prot_acf,e_prot_cs,E_prot_cs,sph_ps,sph_acf,sph_cs,h_ps,fa_prob_ps,hacf,gacf,hcs
7421536,91.31167727958308,-1.0,91.98565481494833,0.9038706796645073,0.9221285883134271,-1.0,-1.0,3.820232533472258,3.820232533472258,559.4693405020215,-1.0,558.5881573668788,0.04120425077390988,0.0,-1.0,-1.0,0.1628677955492461
