target_id,prot_ps,prot_acf,prot_cs,e_prot_ps,E_prot_ps,e_prot_acf,E_prot_acf,e_prot_cs,E_prot_cs,sph_ps,sph_acf,sph_cs,h_ps,fa_prob_ps,hacf,gacf,hcs
7419577,54.110796666923726,-1.0,61.56332523394375,14.192498408451705,29.526248947738807,-1.0,-1.0,9.893817162229862,9.893817162229862,903.3422556532881,-1.0,873.560109254088,0.09956316322490509,0.0,-1.0,-1.0,0.3233490159517602
