target_id,prot_ps,prot_acf,prot_cs,e_prot_ps,E_prot_ps,e_prot_acf,E_prot_acf,e_prot_cs,E_prot_cs,sph_ps,sph_acf,sph_cs,h_ps,fa_prob_ps,hacf,gacf,hcs
7432608,73.04931018173205,-1.0,73.80155199810861,18.755832990398027,38.964794559486734,-1.0,-1.0,4.019884922368595,4.019884922368595,1138.2817541198592,-1.0,1136.2155765046496,0.14713981505154675,0.0,-1.0,-1.0,0.4316313504076398
