target_id,prot_ps,prot_acf,prot_cs,e_prot_ps,E_prot_ps,e_prot_acf,E_prot_acf,e_prot_cs,E_prot_cs,sph_ps,sph_acf,sph_cs,h_ps,fa_prob_ps,hacf,gacf,hcs
7431887,7.609233309025083,7.3152805007994175,7.67736645184457,0.8253685201845924,1.0546823699025287,-1.0,-1.0,0.7388530687119707,0.7388530687119707,1162.5132576464116,1174.3016965295149,1177.1850405157325,0.02982214039348761,0.0,0.46020824262537874,0.5598713705969752,0.8252871500245592
