target_id,prot_ps,prot_acf,prot_cs,e_prot_ps,E_prot_ps,e_prot_acf,E_prot_acf,e_prot_cs,E_prot_cs,sph_ps,sph_acf,sph_cs,h_ps,fa_prob_ps,hacf,gacf,hcs
7466295,72.93526207883494,-1.0,87.6944452476455,27.916459190371995,123.07135402988145,-1.0,-1.0,14.523965297379428,14.523965297379428,789.3701924187253,-1.0,774.5423218061427,0.046697743944333465,0.0,-1.0,-1.0,0.24876712695643996
