target_id,prot_ps,prot_acf,prot_cs,e_prot_ps,E_prot_ps,e_prot_acf,E_prot_acf,e_prot_cs,E_prot_cs,sph_ps,sph_acf,sph_cs,h_ps,fa_prob_ps,hacf,gacf,hcs
7455166,14.757295825211282,14.324074094649404,14.565192602947356,2.1327273289683237,3.0064531128414487,-1.0,-1.0,1.3154821168822324,1.3154821168822324,1785.672045223983,1806.8228764921346,1783.7265838938226,0.035895535699093074,0.0,0.09068839420165423,0.3058303000288216,0.7721529828272679
