target_id,prot_ps,prot_acf,prot_cs,e_prot_ps,E_prot_ps,e_prot_acf,E_prot_acf,e_prot_cs,E_prot_cs,sph_ps,sph_acf,sph_cs,h_ps,fa_prob_ps,hacf,gacf,hcs
7423752,54.1106256959212,57.45953871123493,54.6907735990826,13.79443851066327,27.85416066894816,-1.0,-1.0,5.632607721805546,5.632607721805546,929.325349577956,925.1038799504331,928.7286686979235,0.06802806889351111,0.0,0.23649487537226072,0.6102720793141484,0.9030911939468098
