target_id,prot_ps,prot_acf,prot_cs,e_prot_ps,E_prot_ps,e_prot_acf,E_prot_acf,e_prot_cs,E_prot_cs,sph_ps,sph_acf,sph_cs,h_ps,fa_prob_ps,hacf,gacf,hcs
7422626,54.11056217131043,-1.0,92.21059881905057,20.440704283312634,81.10137999007534,-1.0,-1.0,4.6590588956668,4.6590588956668,1216.9344021590525,-1.0,1213.9439169244015,0.07045499845735355,0.0,-1.0,-1.0,0.19178464818148763
