target_id,prot_ps,prot_acf,prot_cs,e_prot_ps,E_prot_ps,e_prot_acf,E_prot_acf,e_prot_cs,E_prot_cs,sph_ps,sph_acf,sph_cs,h_ps,fa_prob_ps,hacf,gacf,hcs
7532052,67.74638201775777,-1.0,62.471221803152,27.918873991138383,166.63964322166953,-1.0,-1.0,7.23511929811526,7.23511929811526,862.32171067043,-1.0,859.1521447200782,0.029391819496437044,0.0,-1.0,-1.0,0.16139279379544252
