target_id,prot_ps,prot_acf,prot_cs,e_prot_ps,E_prot_ps,e_prot_acf,E_prot_acf,e_prot_cs,E_prot_cs,sph_ps,sph_acf,sph_cs,h_ps,fa_prob_ps,hacf,gacf,hcs
7598209,15.061734214569581,14.916582093574107,15.07303146849869,0.6315441733698126,0.6896914587775704,-1.0,-1.0,0.1857118774185662,0.1857118774185662,2680.4395379148054,2749.7518564146862,2683.4063117968267,0.20340442520572738,0.0,0.37060232836432905,0.853796366674414,0.8044921140463296
