target_id,prot_ps,prot_acf,prot_cs,e_prot_ps,E_prot_ps,e_prot_acf,E_prot_acf,e_prot_cs,E_prot_cs,sph_ps,sph_acf,sph_cs,h_ps,fa_prob_ps,hacf,gacf,hcs
7513242,47.12853121297636,46.037027881946415,47.08395775809284,0.5322080958193496,0.54458730942725,-1.0,-1.0,1.1536608897690783,1.1536608897690783,2296.288235490893,2306.098249406973,2297.2882896179876,0.18725134824768636,0.0,-0.6712058359880937,0.0018422175935371432,0.9922370808144034
