target_id,prot_ps,prot_acf,prot_cs,e_prot_ps,E_prot_ps,e_prot_acf,E_prot_acf,e_prot_cs,E_prot_cs,sph_ps,sph_acf,sph_cs,h_ps,fa_prob_ps,hacf,gacf,hcs
7591157,89.96498674552605,-1.0,99.14691516547413,42.773928735889626,1080.4416987964153,-1.0,-1.0,3.6367712964792083,3.6367712964792083,1359.583553144553,-1.0,1359.583553144553,0.305147619616706,0.0,-1.0,-1.0,0.04619703592503515
