target_id,prot_ps,prot_acf,prot_cs,e_prot_ps,E_prot_ps,e_prot_acf,E_prot_acf,e_prot_cs,E_prot_cs,sph_ps,sph_acf,sph_cs,h_ps,fa_prob_ps,hacf,gacf,hcs
7532553,73.04934459817648,74.66470641922206,73.45528781397202,1.9696722464389467,2.080759631985387,-1.0,-1.0,3.2729170276966655,3.2729170276966655,666.0455267305979,666.8990795963508,666.275474792162,0.11149960564346485,0.0,0.2695157525323284,0.4926585992194371,0.9924669905271644
