target_id,prot_ps,prot_acf,prot_cs,e_prot_ps,E_prot_ps,e_prot_acf,E_prot_acf,e_prot_cs,E_prot_cs,sph_ps,sph_acf,sph_cs,h_ps,fa_prob_ps,hacf,gacf,hcs
7594324,63.52121462579108,-1.0,63.64921682111404,28.469096458049272,300.714983323169,-1.0,-1.0,2.2420498257885737,2.2420498257885737,271.94548478534125,-1.0,272.0989083358421,0.03273222699468888,0.0,-1.0,-1.0,0.12095433216735077
