target_id,prot_ps,prot_acf,prot_cs,e_prot_ps,E_prot_ps,e_prot_acf,E_prot_acf,e_prot_cs,E_prot_cs,sph_ps,sph_acf,sph_cs,h_ps,fa_prob_ps,hacf,gacf,hcs
7540961,66.90792207049026,-1.0,66.19048536244782,6.574312221929553,8.202340510916244,-1.0,-1.0,5.724484870368111,5.724484870368111,479.4129643957514,-1.0,468.0571091510392,0.029261791927673832,0.0,-1.0,-1.0,0.36037445676763163
