target_id,prot_ps,prot_acf,prot_cs,e_prot_ps,E_prot_ps,e_prot_acf,E_prot_acf,e_prot_cs,E_prot_cs,sph_ps,sph_acf,sph_cs,h_ps,fa_prob_ps,hacf,gacf,hcs
7599004,119.02490812238166,-1.0,20.019235027022656,11.020801068318647,13.494852217805999,-1.0,-1.0,4.678370227024269,4.678370227024269,485.224600727239,-1.0,484.9475987980902,0.10010176021132088,9.061546979897334e-130,-1.0,-1.0,0.3680039895867785
