target_id,prot_ps,prot_acf,prot_cs,e_prot_ps,E_prot_ps,e_prot_acf,E_prot_acf,e_prot_cs,E_prot_cs,sph_ps,sph_acf,sph_cs,h_ps,fa_prob_ps,hacf,gacf,hcs
7511147,34.78534446938875,-1.0,73.7753691975153,0.34047097910522695,0.34730914789022194,-1.0,-1.0,4.283882675863425,4.283882675863425,1328.5672750571828,-1.0,1405.358075877522,0.20367403446623372,0.0,-1.0,-1.0,0.043686711994105544
