target_id,prot_ps,prot_acf,prot_cs,e_prot_ps,E_prot_ps,e_prot_acf,E_prot_acf,e_prot_cs,E_prot_cs,sph_ps,sph_acf,sph_cs,h_ps,fa_prob_ps,hacf,gacf,hcs
7597744,91.31166641253712,-1.0,91.69769116478682,0.9037339000777536,0.9219876447379534,-1.0,-1.0,4.082490282933225,4.082490282933225,958.4713003230559,-1.0,956.5819184005485,0.09328821438116175,0.0,-1.0,-1.0,0.34917762179405093
