target_id,prot_ps,prot_acf,prot_cs,e_prot_ps,E_prot_ps,e_prot_acf,E_prot_acf,e_prot_cs,E_prot_cs,sph_ps,sph_acf,sph_cs,h_ps,fa_prob_ps,hacf,gacf,hcs
7550902,91.31161984333723,-1.0,90.38469374187292,3.063725955802255,3.286469345259789,-1.0,-1.0,8.116970302991286,8.116970302991286,400.36653847522393,-1.0,398.2632534119721,0.017935969297865114,3.535983616729673e-276,-1.0,-1.0,0.28808855052026516
