target_id,prot_ps,prot_acf,prot_cs,e_prot_ps,E_prot_ps,e_prot_acf,E_prot_acf,e_prot_cs,E_prot_cs,sph_ps,sph_acf,sph_cs,h_ps,fa_prob_ps,hacf,gacf,hcs
7664576,59.97670653180756,-1.0,72.89117683898657,17.890057835340343,43.698363528934806,-1.0,-1.0,10.577662058971665,10.577662058971665,3365.1167854247024,-1.0,3365.1167854247024,0.27868205431953924,0.0,-1.0,-1.0,0.10295775518088839
