target_id,prot_ps,prot_acf,prot_cs,e_prot_ps,E_prot_ps,e_prot_acf,E_prot_acf,e_prot_cs,E_prot_cs,sph_ps,sph_acf,sph_cs,h_ps,fa_prob_ps,hacf,gacf,hcs
7679216,73.04938171867289,-1.0,73.28011576832621,25.57194879730907,87.31471940219481,-1.0,-1.0,3.232359112078289,3.232359112078289,722.6852239216322,-1.0,723.0920271758283,0.11996851322605319,0.0,-1.0,-1.0,0.26905141258569937
