target_id,prot_ps,prot_acf,prot_cs,e_prot_ps,E_prot_ps,e_prot_acf,E_prot_acf,e_prot_cs,E_prot_cs,sph_ps,sph_acf,sph_cs,h_ps,fa_prob_ps,hacf,gacf,hcs
7676637,73.59838857662473,-1.0,73.8435508917324,0.7286926916353309,0.7434137127910532,-1.0,-1.0,2.2733264866739797,2.2733264866739797,290.7929002666213,-1.0,290.7344734319838,0.10426846878617191,0.0,-1.0,-1.0,0.03136962452880085
