target_id,prot_ps,prot_acf,prot_cs,e_prot_ps,E_prot_ps,e_prot_acf,E_prot_acf,e_prot_cs,E_prot_cs,sph_ps,sph_acf,sph_cs,h_ps,fa_prob_ps,hacf,gacf,hcs
7627739,47.12866400996728,-1.0,91.80737064656917,19.45932411697291,106.64849140839675,-1.0,-1.0,5.092896183404789,5.092896183404789,429.06987636207185,-1.0,430.7785763287377,0.04098655949910071,0.0,-1.0,-1.0,0.430048708753475
