target_id,prot_ps,prot_acf,prot_cs,e_prot_ps,E_prot_ps,e_prot_acf,E_prot_acf,e_prot_cs,E_prot_cs,sph_ps,sph_acf,sph_cs,h_ps,fa_prob_ps,hacf,gacf,hcs
7691514,9.548834498014658,9.603869286365807,9.724203083336208,0.49921076465830616,0.556852780179879,-1.0,-1.0,0.4860798082282439,0.4860798082282439,3054.8452805647835,2991.7044695791787,3027.974991206746,0.08484344868226719,0.0,0.442102989971186,0.7878490387146759,0.6853766531140038
