target_id,prot_ps,prot_acf,prot_cs,e_prot_ps,E_prot_ps,e_prot_acf,E_prot_acf,e_prot_cs,E_prot_cs,sph_ps,sph_acf,sph_cs,h_ps,fa_prob_ps,hacf,gacf,hcs
7661935,91.31173976931828,-1.0,91.71901936500224,0.9025569774348128,0.9207748893431784,-1.0,-1.0,4.486140859537484,4.486140859537484,369.52451668360123,-1.0,369.02957913907113,0.11762841805301257,0.0,-1.0,-1.0,0.3670917475422336
