target_id,prot_ps,prot_acf,prot_cs,e_prot_ps,E_prot_ps,e_prot_acf,E_prot_acf,e_prot_cs,E_prot_cs,sph_ps,sph_acf,sph_cs,h_ps,fa_prob_ps,hacf,gacf,hcs
7621836,66.90708769074261,-1.0,66.92368420636662,0.662649972788401,0.6760389286753963,-1.0,-1.0,2.326703409133823,2.326703409133823,410.7567750899117,-1.0,410.84616834110955,0.05826528804321242,0.0,-1.0,-1.0,0.34515494136166947
