target_id,prot_ps,prot_acf,prot_cs,e_prot_ps,E_prot_ps,e_prot_acf,E_prot_acf,e_prot_cs,E_prot_cs,sph_ps,sph_acf,sph_cs,h_ps,fa_prob_ps,hacf,gacf,hcs
7661672,91.31159786763357,-1.0,92.19317004680005,0.9046066187970325,0.9228869512030826,-1.0,-1.0,4.133031451961814,4.133031451961814,479.3309121350044,-1.0,477.7801616080265,0.1663408303963535,0.0,-1.0,-1.0,0.37282732089291576
