target_id,prot_ps,prot_acf,prot_cs,e_prot_ps,E_prot_ps,e_prot_acf,E_prot_acf,e_prot_cs,E_prot_cs,sph_ps,sph_acf,sph_cs,h_ps,fa_prob_ps,hacf,gacf,hcs
7688068,22.140916133426575,44.75106182042509,22.038469230717364,0.5713556995366034,0.6026033966241542,-1.0,-1.0,1.0897542087509187,1.0897542087509187,533.7445784395496,638.8770509577981,538.6517032565879,0.01876194770458535,7.777285821983394e-245,-0.04344078137166681,0.1646248063839421,5.249588076460058
