target_id,prot_ps,prot_acf,prot_cs,e_prot_ps,E_prot_ps,e_prot_acf,E_prot_acf,e_prot_cs,E_prot_cs,sph_ps,sph_acf,sph_cs,h_ps,fa_prob_ps,hacf,gacf,hcs
7799130,74.87820047585552,77.48285883665085,99.00029046237486,31.930309122699114,205.1171449062354,-1.0,-1.0,24.137876097663696,24.137876097663696,734.7587267147312,797.1708219914685,783.5421295960209,0.057074320722588584,0.0,0.056945403092501554,0.21214572737479676,1.0319029036211742
