target_id,prot_ps,prot_acf,prot_cs,e_prot_ps,E_prot_ps,e_prot_acf,E_prot_acf,e_prot_cs,E_prot_cs,sph_ps,sph_acf,sph_cs,h_ps,fa_prob_ps,hacf,gacf,hcs
7758086,28.095897909349567,-1.0,90.3847390567884,1.2155785560898487,1.3318516163667944,-1.0,-1.0,13.779832078136039,13.779832078136039,1905.51407291555,-1.0,1951.4348181590574,0.0821297044345732,0.0,-1.0,-1.0,0.14110252862038464
