target_id,prot_ps,prot_acf,prot_cs,e_prot_ps,E_prot_ps,e_prot_acf,E_prot_acf,e_prot_cs,E_prot_cs,sph_ps,sph_acf,sph_cs,h_ps,fa_prob_ps,hacf,gacf,hcs
7762843,6.551448287542731,6.600100348703563,6.64601382228564,0.1047446614502281,0.10818469381773,-1.0,-1.0,0.11389173713222547,0.11389173713222547,6368.982996531232,6360.111455572565,6371.918681990408,0.22175499081042244,0.0,0.679713489731171,1.1928417482820493,0.27893528779213195
