target_id,prot_ps,prot_acf,prot_cs,e_prot_ps,E_prot_ps,e_prot_acf,E_prot_acf,e_prot_cs,E_prot_cs,sph_ps,sph_acf,sph_cs,h_ps,fa_prob_ps,hacf,gacf,hcs
7747625,26.089063043930295,60.953724852297455,54.19454644878725,0.5943191632656877,0.6228975679994733,-1.0,-1.0,1.8288589945126792,1.8288589945126792,2117.752495784034,2146.0999923083436,2144.1190960851777,0.10101149397364945,0.0,0.15396158950436944,0.5316560977193295,0.2998690022072513
