target_id,prot_ps,prot_acf,prot_cs,e_prot_ps,E_prot_ps,e_prot_acf,E_prot_acf,e_prot_cs,E_prot_cs,sph_ps,sph_acf,sph_cs,h_ps,fa_prob_ps,hacf,gacf,hcs
7743899,52.69235467990289,59.666254948824644,53.06746177567855,16.510861540394615,43.497962499257284,-1.0,-1.0,1.4831328965313555,1.4831328965313555,972.9424979873163,958.2843618910836,972.571970189452,0.09651369728694754,0.0,0.1253460089952409,0.44156918304463155,0.44332078446910567
