target_id,prot_ps,prot_acf,prot_cs,e_prot_ps,E_prot_ps,e_prot_acf,E_prot_acf,e_prot_cs,E_prot_cs,sph_ps,sph_acf,sph_cs,h_ps,fa_prob_ps,hacf,gacf,hcs
7733320,91.31169711116438,57.847789383959025,94.27615769649327,0.9039796926161188,0.9222409190485052,-1.0,-1.0,2.7307072085815824,2.7307072085815824,424.6915064775084,417.56198217401925,419.735427583857,0.08714518580293018,0.0,0.06369931189583988,0.4131817120726595,0.4240528566635377
