target_id,prot_ps,prot_acf,prot_cs,e_prot_ps,E_prot_ps,e_prot_acf,E_prot_acf,e_prot_cs,E_prot_cs,sph_ps,sph_acf,sph_cs,h_ps,fa_prob_ps,hacf,gacf,hcs
7743389,77.4715698907124,-1.0,80.46818741085472,7.685422392074216,9.5861255108845,-1.0,-1.0,13.295616755258179,13.295616755258179,140.58987830737786,-1.0,141.9647315009,0.03336928958763995,0.0,-1.0,-1.0,0.5054345084968819
