target_id,prot_ps,prot_acf,prot_cs,e_prot_ps,E_prot_ps,e_prot_acf,E_prot_acf,e_prot_cs,E_prot_cs,sph_ps,sph_acf,sph_cs,h_ps,fa_prob_ps,hacf,gacf,hcs
7761021,77.47162203086232,-1.0,77.39861875237733,5.181212703431925,5.990501058713676,-1.0,-1.0,4.131346110452897,4.131346110452897,317.44109889479034,-1.0,317.43689845440895,0.06263283811494878,0.0,-1.0,-1.0,0.3935470855307023
