target_id,prot_ps,prot_acf,prot_cs,e_prot_ps,E_prot_ps,e_prot_acf,E_prot_acf,e_prot_cs,E_prot_cs,sph_ps,sph_acf,sph_cs,h_ps,fa_prob_ps,hacf,gacf,hcs
7779199,73.0485534994439,-1.0,73.80181773148476,3.796522451745332,4.2320217207158635,-1.0,-1.0,3.9519021584752894,3.9519021584752894,501.1953798700799,-1.0,502.01141675696994,0.21528020792566072,0.0,-1.0,-1.0,0.6077624157087188
