target_id,prot_ps,prot_acf,prot_cs,e_prot_ps,E_prot_ps,e_prot_acf,E_prot_acf,e_prot_cs,E_prot_cs,sph_ps,sph_acf,sph_cs,h_ps,fa_prob_ps,hacf,gacf,hcs
7743974,73.04939517696567,66.47084182640538,73.34940448540983,25.618442066274277,87.85911758118894,-1.0,-1.0,3.0268445081846176,3.0268445081846176,641.9367536191149,656.8352580207377,642.2480432782562,0.10795432593443427,0.0,0.1652966597121812,0.44496235162149117,0.8987358925989525
