target_id,prot_ps,prot_acf,prot_cs,e_prot_ps,E_prot_ps,e_prot_acf,E_prot_acf,e_prot_cs,E_prot_cs,sph_ps,sph_acf,sph_cs,h_ps,fa_prob_ps,hacf,gacf,hcs
7732991,54.11066195466437,-1.0,91.99728955296699,19.244738698715175,65.05937703942473,-1.0,-1.0,4.249493254421441,4.249493254421441,771.848453661055,-1.0,772.6961398689446,0.0896533530228935,0.0,-1.0,-1.0,0.2012131308838062
