target_id,prot_ps,prot_acf,prot_cs,e_prot_ps,E_prot_ps,e_prot_acf,E_prot_acf,e_prot_cs,E_prot_cs,sph_ps,sph_acf,sph_cs,h_ps,fa_prob_ps,hacf,gacf,hcs
7730639,54.110795677011254,-1.0,8.718864942374063,22.301414636939626,121.23246270447967,-1.0,-1.0,0.7207976237031015,0.7207976237031015,830.5283926761574,-1.0,739.4883634906265,0.09229229575217862,0.0,-1.0,-1.0,0.002882022738061655
