target_id,prot_ps,prot_acf,prot_cs,e_prot_ps,E_prot_ps,e_prot_acf,E_prot_acf,e_prot_cs,E_prot_cs,sph_ps,sph_acf,sph_cs,h_ps,fa_prob_ps,hacf,gacf,hcs
7797516,88.81053974102157,15.018531759269536,14.962339973775668,8.2231808783515,10.06919653713905,-1.0,-1.0,2.412236613947088,2.412236613947088,3749.668966008545,3646.116997391093,3649.8323748963485,0.18490320537402355,2.5348559266896913e-189,0.21070296211633327,0.2578020194458787,0.7510786333546113
