target_id,prot_ps,prot_acf,prot_cs,e_prot_ps,E_prot_ps,e_prot_acf,E_prot_acf,e_prot_cs,E_prot_cs,sph_ps,sph_acf,sph_cs,h_ps,fa_prob_ps,hacf,gacf,hcs
7879358,73.04933313712839,-1.0,90.38473712208992,26.671065766552296,101.61290778178474,-1.0,-1.0,19.528254395626988,19.528254395626988,817.8916702425892,-1.0,831.8316120532555,0.0839066813629088,0.0,-1.0,-1.0,0.31779158510314426
