target_id,prot_ps,prot_acf,prot_cs,e_prot_ps,E_prot_ps,e_prot_acf,E_prot_acf,e_prot_cs,E_prot_cs,sph_ps,sph_acf,sph_cs,h_ps,fa_prob_ps,hacf,gacf,hcs
7878021,81.1658808587995,-1.0,81.99482641731387,7.792691809967295,9.655872104689252,-1.0,-1.0,12.54048057136262,12.54048057136262,1088.3472221340817,-1.0,1087.2891365545504,0.06741232922536361,0.0,-1.0,-1.0,0.30045552864016634
