target_id,prot_ps,prot_acf,prot_cs,e_prot_ps,E_prot_ps,e_prot_acf,E_prot_acf,e_prot_cs,E_prot_cs,sph_ps,sph_acf,sph_cs,h_ps,fa_prob_ps,hacf,gacf,hcs
7887504,61.33161046133664,-1.0,74.31795633427798,13.831038170698932,24.988981764682364,-1.0,-1.0,3.4007994225864344,3.4007994225864344,127.54249973838076,-1.0,126.42823402083934,0.14461955576464355,0.0,-1.0,-1.0,0.3613275938683286
