target_id,prot_ps,prot_acf,prot_cs,e_prot_ps,E_prot_ps,e_prot_acf,E_prot_acf,e_prot_cs,E_prot_cs,sph_ps,sph_acf,sph_cs,h_ps,fa_prob_ps,hacf,gacf,hcs
7832257,18.239702423039486,-1.0,71.3493882144265,0.18055016119060596,0.18419721935383748,-1.0,-1.0,3.191383738807131,3.191383738807131,1390.7148844151475,-1.0,1519.2209790470579,0.030678238850989862,0.0,-1.0,-1.0,0.038995923622933776
