target_id,prot_ps,prot_acf,prot_cs,e_prot_ps,E_prot_ps,e_prot_acf,E_prot_acf,e_prot_cs,E_prot_cs,sph_ps,sph_acf,sph_cs,h_ps,fa_prob_ps,hacf,gacf,hcs
7833591,72.93425790974243,61.56701503414661,62.008834839759444,31.4870751782925,246.13037148500297,-1.0,-1.0,2.1769055368786443,2.1769055368786443,1835.2733170925715,1705.5911496033282,1698.6906215702963,0.14972713164483517,0.0,0.2164717769568395,0.5640246275185511,0.9415797110506999
