target_id,prot_ps,prot_acf,prot_cs,e_prot_ps,E_prot_ps,e_prot_acf,E_prot_acf,e_prot_cs,E_prot_cs,sph_ps,sph_acf,sph_cs,h_ps,fa_prob_ps,hacf,gacf,hcs
7870339,52.86727935283435,57.15287575125694,56.816333790719504,9.078877625273037,13.756388788588524,-1.0,-1.0,8.69156271795521,8.69156271795521,2425.42077486286,2333.4495494775156,2339.6960937735394,0.12602682025170167,0.0,0.38085497145818303,0.8202413597646577,0.9533429919689473
