target_id,prot_ps,prot_acf,prot_cs,e_prot_ps,E_prot_ps,e_prot_acf,E_prot_acf,e_prot_cs,E_prot_cs,sph_ps,sph_acf,sph_cs,h_ps,fa_prob_ps,hacf,gacf,hcs
7816680,61.85571038286182,-1.0,62.471435350994575,12.917526410531636,22.024383095877823,-1.0,-1.0,10.254995180286683,10.254995180286683,2470.289137479553,-1.0,2512.0261094399602,0.08365819949798665,0.0,-1.0,-1.0,0.41782217347324163
