target_id,prot_ps,prot_acf,prot_cs,e_prot_ps,E_prot_ps,e_prot_acf,E_prot_acf,e_prot_cs,E_prot_cs,sph_ps,sph_acf,sph_cs,h_ps,fa_prob_ps,hacf,gacf,hcs
7817242,95.37699916977333,27.422106252983212,45.95249501159987,6.979402448368219,8.190032930540085,-1.0,-1.0,2.1749392648587333,2.1749392648587333,1799.5263106896675,1794.0368141582771,1840.7116194722955,0.06987146159208911,0.0,-0.32143669409459286,0.025599404785691476,0.42162647444964646
