target_id,prot_ps,prot_acf,prot_cs,e_prot_ps,E_prot_ps,e_prot_acf,E_prot_acf,e_prot_cs,E_prot_cs,sph_ps,sph_acf,sph_cs,h_ps,fa_prob_ps,hacf,gacf,hcs
7958449,73.04912914488678,-1.0,73.75003162212923,28.900929802596544,134.23645000210757,-1.0,-1.0,3.3514462969150216,3.3514462969150216,1168.6475922976579,-1.0,1170.2994871262958,0.11917198340970482,0.0,-1.0,-1.0,0.04786974752302736
