target_id,prot_ps,prot_acf,prot_cs,e_prot_ps,E_prot_ps,e_prot_acf,E_prot_acf,e_prot_cs,E_prot_cs,sph_ps,sph_acf,sph_cs,h_ps,fa_prob_ps,hacf,gacf,hcs
7956926,73.04938496433128,-1.0,73.6542699875938,18.794588694198886,39.1323904537594,-1.0,-1.0,3.2244281654617537,3.2244281654617537,1031.4486513423858,-1.0,1031.9372600402737,0.19734108162874825,0.0,-1.0,-1.0,0.40187427374542545
