target_id,prot_ps,prot_acf,prot_cs,e_prot_ps,E_prot_ps,e_prot_acf,E_prot_acf,e_prot_cs,E_prot_cs,sph_ps,sph_acf,sph_cs,h_ps,fa_prob_ps,hacf,gacf,hcs
7902889,61.331958133226884,32.5308020748198,33.09559564853097,17.611168019626334,40.818295213749124,-1.0,-1.0,6.293407247610282,6.293407247610282,138.27074033028006,130.00150520097927,132.228000460897,0.038882841410866384,0.0,-0.375495170699255,0.004892878900332187,0.33600997384134906
