target_id,prot_ps,prot_acf,prot_cs,e_prot_ps,E_prot_ps,e_prot_acf,E_prot_acf,e_prot_cs,E_prot_cs,sph_ps,sph_acf,sph_cs,h_ps,fa_prob_ps,hacf,gacf,hcs
7941280,73.59869528591574,57.76606382057071,52.55358692972229,1.160822518416083,1.1990235227942918,-1.0,-1.0,1.5755928936958954,1.5755928936958954,308.5180727211467,307.8517968939055,305.394072234591,0.10394423598027172,0.0,0.24241643304628616,0.540683036622866,0.6156106825070903
