target_id,prot_ps,prot_acf,prot_cs,e_prot_ps,E_prot_ps,e_prot_acf,E_prot_acf,e_prot_cs,E_prot_cs,sph_ps,sph_acf,sph_cs,h_ps,fa_prob_ps,hacf,gacf,hcs
7902140,48.69900312891583,51.55432893661782,49.24245546222664,7.654533288895472,11.14193951005997,-1.0,-1.0,5.690285019328509,5.690285019328509,703.0548333901385,671.9637217279393,694.0100020992999,0.03130169890426659,0.0,0.26771061314723543,0.660609108762075,0.9231548788146695
