target_id,prot_ps,prot_acf,prot_cs,e_prot_ps,E_prot_ps,e_prot_acf,E_prot_acf,e_prot_cs,E_prot_cs,sph_ps,sph_acf,sph_cs,h_ps,fa_prob_ps,hacf,gacf,hcs
7905685,69.57083310984535,-1.0,70.27251179222948,21.718451795683194,58.79364303941102,-1.0,-1.0,11.860522583438017,11.860522583438017,856.5775048807511,-1.0,855.9595685324346,0.0193487616857781,1.6615818135780048e-298,-1.0,-1.0,0.2911462961549292
