target_id,prot_ps,prot_acf,prot_cs,e_prot_ps,E_prot_ps,e_prot_acf,E_prot_acf,e_prot_cs,E_prot_cs,sph_ps,sph_acf,sph_cs,h_ps,fa_prob_ps,hacf,gacf,hcs
7976231,60.874413229183176,65.26516548916698,61.08914054856946,17.354350227119376,39.84625900833784,-1.0,-1.0,1.7730095416201945,1.7730095416201945,673.4976084832181,671.4363287235686,673.7180485005915,0.04555620961912143,0.0,0.19695622017725395,0.5528252962944237,0.8504698992594949
