target_id,prot_ps,prot_acf,prot_cs,e_prot_ps,E_prot_ps,e_prot_acf,E_prot_acf,e_prot_cs,E_prot_cs,sph_ps,sph_acf,sph_cs,h_ps,fa_prob_ps,hacf,gacf,hcs
7909717,45.893397770250154,-1.0,95.84292016513645,3.9423053278985236,4.750250179504874,-1.0,-1.0,4.996837157822418,4.996837157822418,973.8613652548062,-1.0,974.8796865438256,0.032883010456459166,0.0,-1.0,-1.0,0.10615226061778052
