target_id,prot_ps,prot_acf,prot_cs,e_prot_ps,E_prot_ps,e_prot_acf,E_prot_acf,e_prot_cs,E_prot_cs,sph_ps,sph_acf,sph_cs,h_ps,fa_prob_ps,hacf,gacf,hcs
7984859,91.31181785021059,-1.0,91.58829479558575,0.903720172256655,0.9219734835418905,-1.0,-1.0,3.8382310217643076,3.8382310217643076,659.6460565735625,-1.0,659.1599771836248,0.09672640785351999,0.0,-1.0,-1.0,0.7270047297301525
