target_id,prot_ps,prot_acf,prot_cs,e_prot_ps,E_prot_ps,e_prot_acf,E_prot_acf,e_prot_cs,E_prot_cs,sph_ps,sph_acf,sph_cs,h_ps,fa_prob_ps,hacf,gacf,hcs
7949266,61.99504946470833,-1.0,62.441955441127575,5.168584744203869,6.190473694781922,-1.0,-1.0,2.699856555505117,2.699856555505117,1579.0434860237629,-1.0,1581.3594361133921,0.4095332758659086,0.0,-1.0,-1.0,0.6480070165715809
