target_id,prot_ps,prot_acf,prot_cs,e_prot_ps,E_prot_ps,e_prot_acf,E_prot_acf,e_prot_cs,E_prot_cs,sph_ps,sph_acf,sph_cs,h_ps,fa_prob_ps,hacf,gacf,hcs
7948562,91.31175927563385,-1.0,91.77764242790363,1.8017578297371273,1.8765544989986438,-1.0,-1.0,5.189003219116872,5.189003219116872,323.19024858161873,-1.0,322.5816963810375,0.10506264482658878,0.0,-1.0,-1.0,0.31401530597413324
