target_id,prot_ps,prot_acf,prot_cs,e_prot_ps,E_prot_ps,e_prot_acf,E_prot_acf,e_prot_cs,E_prot_cs,sph_ps,sph_acf,sph_cs,h_ps,fa_prob_ps,hacf,gacf,hcs
7918265,73.04845822076622,-1.0,73.80172522936014,1.3070606219926333,1.3550683403145314,-1.0,-1.0,3.782098120870775,3.782098120870775,762.2497089709395,-1.0,763.0728231798302,0.09359621196387533,0.0,-1.0,-1.0,0.25020470891598096
