target_id,prot_ps,prot_acf,prot_cs,e_prot_ps,E_prot_ps,e_prot_acf,E_prot_acf,e_prot_cs,E_prot_cs,sph_ps,sph_acf,sph_cs,h_ps,fa_prob_ps,hacf,gacf,hcs
7956638,73.0495883953284,63.16064065694809,73.15657444861571,25.57551939495533,87.35576466647463,-1.0,-1.0,2.899165200061438,2.899165200061438,391.79258388105154,394.58413648028625,391.8348692336725,0.09411428871769006,0.0,0.21345915032546584,0.5496346517594679,0.5943429746863634
