target_id,prot_ps,prot_acf,prot_cs,e_prot_ps,E_prot_ps,e_prot_acf,E_prot_acf,e_prot_cs,E_prot_cs,sph_ps,sph_acf,sph_cs,h_ps,fa_prob_ps,hacf,gacf,hcs
7987666,73.59779106145231,-1.0,92.01341701635334,1.3256323404361154,1.3746573819118737,-1.0,-1.0,3.999077689446424,3.999077689446424,356.5964595211251,-1.0,358.82493026538987,0.17232043952571507,0.0,-1.0,-1.0,0.5704395230448577
