target_id,prot_ps,prot_acf,prot_cs,e_prot_ps,E_prot_ps,e_prot_acf,E_prot_acf,e_prot_cs,E_prot_cs,sph_ps,sph_acf,sph_cs,h_ps,fa_prob_ps,hacf,gacf,hcs
7956389,63.52053846939749,-1.0,64.20516484484541,15.179273580999705,28.976266509765075,-1.0,-1.0,7.185737550965337,7.185737550965337,650.5667209981359,-1.0,648.6844135691617,0.06056321775098425,0.0,-1.0,-1.0,0.20509033353679038
