target_id,prot_ps,prot_acf,prot_cs,e_prot_ps,E_prot_ps,e_prot_acf,E_prot_acf,e_prot_cs,E_prot_cs,sph_ps,sph_acf,sph_cs,h_ps,fa_prob_ps,hacf,gacf,hcs
7950108,63.52120291692937,-1.0,62.83240488854238,11.572505497173246,18.311226744813155,-1.0,-1.0,4.943931481950589,4.943931481950589,385.0046390103055,-1.0,385.6060931211235,0.06803698255740982,0.0,-1.0,-1.0,0.3588175654859537
