target_id,prot_ps,prot_acf,prot_cs,e_prot_ps,E_prot_ps,e_prot_acf,E_prot_acf,e_prot_cs,E_prot_cs,sph_ps,sph_acf,sph_cs,h_ps,fa_prob_ps,hacf,gacf,hcs
7958890,1.6988218101257901,1.6960407504811883,1.692188274055103,0.08687730791108983,0.09682762861270056,-1.0,-1.0,0.04375523786436932,0.04375523786436932,1579.7830685191946,1579.7830685191946,1576.9012515212316,0.1599234457061034,0.0,0.7742364858335052,1.0816756781875638,0.1885938345693554
