target_id,prot_ps,prot_acf,prot_cs,e_prot_ps,E_prot_ps,e_prot_acf,E_prot_acf,e_prot_cs,E_prot_cs,sph_ps,sph_acf,sph_cs,h_ps,fa_prob_ps,hacf,gacf,hcs
7967433,47.12820533842485,56.84683371614665,28.43334031908263,0.4664566672037509,0.47587840195551934,-1.0,-1.0,4.497500186754271,4.497500186754271,470.05721662673506,468.32342400414274,463.76613047890623,0.03153015795940375,0.0,-0.0346047952374753,0.24420077357677245,9.534645442501475
