target_id,prot_ps,prot_acf,prot_cs,e_prot_ps,E_prot_ps,e_prot_acf,E_prot_acf,e_prot_cs,E_prot_cs,sph_ps,sph_acf,sph_cs,h_ps,fa_prob_ps,hacf,gacf,hcs
7958329,73.0494009807211,-1.0,73.54321556190702,24.939011892296797,80.3516193198117,-1.0,-1.0,2.9202904338993654,2.9202904338993654,782.1529693995545,-1.0,782.7640181922299,0.1442812073155677,0.0,-1.0,-1.0,0.3123750234807131
