target_id,prot_ps,prot_acf,prot_cs,e_prot_ps,E_prot_ps,e_prot_acf,E_prot_acf,e_prot_cs,E_prot_cs,sph_ps,sph_acf,sph_cs,h_ps,fa_prob_ps,hacf,gacf,hcs
7901541,23.950674379234542,24.316119835712016,24.428544184989743,1.4254173549999756,1.6158247155774,-1.0,-1.0,1.550244076673723,1.550244076673723,2209.5955666207683,2192.731780006351,2183.789665941156,0.07409204157692315,0.0,0.26601304486479627,0.7746694761763444,0.9981816819488425
