target_id,prot_ps,prot_acf,prot_cs,e_prot_ps,E_prot_ps,e_prot_acf,E_prot_acf,e_prot_cs,E_prot_cs,sph_ps,sph_acf,sph_cs,h_ps,fa_prob_ps,hacf,gacf,hcs
8044063,2.220141724588805,2.2068439442664385,82.78904179172046,0.0263357247521947,0.026979439943363825,-1.0,-1.0,0.40362296135289877,0.40362296135289877,2692.297393022297,2709.704576756973,2914.39435865818,0.05878130741734811,0.0,0.8019723420201463,1.2019415328916754,0.028238216055795247
