target_id,prot_ps,prot_acf,prot_cs,e_prot_ps,E_prot_ps,e_prot_acf,E_prot_acf,e_prot_cs,E_prot_cs,sph_ps,sph_acf,sph_cs,h_ps,fa_prob_ps,hacf,gacf,hcs
8046659,26.089074087415984,-1.0,10.014122803071412,0.2611858897897186,0.26649213384658665,-1.0,-1.0,0.09857233977613683,0.09857233977613683,534.0629927614046,-1.0,522.94424974031,0.025045980625681485,0.0,-1.0,-1.0,0.0771996114697366
