target_id,prot_ps,prot_acf,prot_cs,e_prot_ps,E_prot_ps,e_prot_acf,E_prot_acf,e_prot_cs,E_prot_cs,sph_ps,sph_acf,sph_cs,h_ps,fa_prob_ps,hacf,gacf,hcs
8085114,77.472398065076,-1.0,99.18650838892609,1.0236385726540647,1.0516672227414858,-1.0,-1.0,6.385183773046901,6.385183773046901,889.4397043528911,-1.0,890.0015823247646,0.025014133400984045,0.0,-1.0,-1.0,0.15831683614205447
