target_id,prot_ps,prot_acf,prot_cs,e_prot_ps,E_prot_ps,e_prot_acf,E_prot_acf,e_prot_cs,E_prot_cs,sph_ps,sph_acf,sph_cs,h_ps,fa_prob_ps,hacf,gacf,hcs
8024201,73.04845731095824,-1.0,73.41269300914487,20.310475931085698,46.333194548179094,-1.0,-1.0,2.9807318835359733,2.9807318835359733,575.2957143364246,-1.0,575.6481430927126,0.17534568772118223,0.0,-1.0,-1.0,0.3313864179486264
