target_id,prot_ps,prot_acf,prot_cs,e_prot_ps,E_prot_ps,e_prot_acf,E_prot_acf,e_prot_cs,E_prot_cs,sph_ps,sph_acf,sph_cs,h_ps,fa_prob_ps,hacf,gacf,hcs
8008485,91.31160339676599,-1.0,99.28107390049502,0.8932185278383713,0.9111530382732553,-1.0,-1.0,1.886820626258288,1.886820626258288,1094.2818154822853,-1.0,1079.336666441923,0.08465605044453153,0.0,-1.0,-1.0,0.005563764349477677
