target_id,prot_ps,prot_acf,prot_cs,e_prot_ps,E_prot_ps,e_prot_acf,E_prot_acf,e_prot_cs,E_prot_cs,sph_ps,sph_acf,sph_cs,h_ps,fa_prob_ps,hacf,gacf,hcs
8038865,66.40871853722325,-1.0,80.37135514013005,12.786386361719146,20.664223669448845,-1.0,-1.0,14.064192437821747,14.064192437821747,696.4571789461296,-1.0,640.5055735942206,0.039269477645887695,0.0,-1.0,-1.0,0.3839629102934327
