target_id,prot_ps,prot_acf,prot_cs,e_prot_ps,E_prot_ps,e_prot_acf,E_prot_acf,e_prot_cs,E_prot_cs,sph_ps,sph_acf,sph_cs,h_ps,fa_prob_ps,hacf,gacf,hcs
8075555,40.88813581844809,41.23524454701692,40.73816797147057,2.8429987941433836,3.3015190020869554,-1.0,-1.0,2.575453681874532,2.575453681874532,5053.1553133888,5045.755645347589,5027.495930783642,0.18291352730795055,0.0,0.6390702256395627,1.3450678570161967,0.9757412982620013
