target_id,prot_ps,prot_acf,prot_cs,e_prot_ps,E_prot_ps,e_prot_acf,E_prot_acf,e_prot_cs,E_prot_cs,sph_ps,sph_acf,sph_cs,h_ps,fa_prob_ps,hacf,gacf,hcs
8094756,16.415634606214496,16.40827694768086,16.451300384255166,0.445822270426806,0.47138200243150763,-1.0,-1.0,0.5832137683081797,0.5832137683081797,6564.466448094041,6563.98177969831,6563.146303783691,0.21908239277678512,0.0,0.5210703379551826,1.1370226305866544,0.962035770058715
