target_id,prot_ps,prot_acf,prot_cs,e_prot_ps,E_prot_ps,e_prot_acf,E_prot_acf,e_prot_cs,E_prot_cs,sph_ps,sph_acf,sph_cs,h_ps,fa_prob_ps,hacf,gacf,hcs
8043390,73.04845484360709,-1.0,72.60800380862361,17.64933837283131,34.47506727926786,-1.0,-1.0,8.178607575792407,8.178607575792407,437.31282001404026,-1.0,437.6561715633989,0.048483875430072015,0.0,-1.0,-1.0,0.28081665256523347
