target_id,prot_ps,prot_acf,prot_cs,e_prot_ps,E_prot_ps,e_prot_acf,E_prot_acf,e_prot_cs,E_prot_cs,sph_ps,sph_acf,sph_cs,h_ps,fa_prob_ps,hacf,gacf,hcs
8086569,73.04939376551914,-1.0,73.80163609094916,21.554187112841,53.35559902609826,-1.0,-1.0,4.598840197225501,4.598840197225501,480.6015724472367,-1.0,480.8930718317241,0.11800121274613412,0.0,-1.0,-1.0,0.3030136334378725
