target_id,prot_ps,prot_acf,prot_cs,e_prot_ps,E_prot_ps,e_prot_acf,E_prot_acf,e_prot_cs,E_prot_cs,sph_ps,sph_acf,sph_cs,h_ps,fa_prob_ps,hacf,gacf,hcs
8086671,73.04935955465471,-1.0,73.59444046268636,27.299025864659114,111.37335395055823,-1.0,-1.0,2.998762672781016,2.998762672781016,771.3434872644576,-1.0,772.6390817409656,0.11739981503265916,0.0,-1.0,-1.0,0.38870359107099645
