target_id,prot_ps,prot_acf,prot_cs,e_prot_ps,E_prot_ps,e_prot_acf,E_prot_acf,e_prot_cs,E_prot_cs,sph_ps,sph_acf,sph_cs,h_ps,fa_prob_ps,hacf,gacf,hcs
8022522,14.251752750428576,15.018806937150657,14.363816722699202,1.8245631086289293,2.4441145217053943,-1.0,-1.0,0.5822683138040807,0.5822683138040807,2229.833484282674,2176.6251405091966,2213.2004415146816,0.058349174267102226,0.0,0.21971010270173727,0.5008697081216228,0.8487938172399205
