target_id,prot_ps,prot_acf,prot_cs,e_prot_ps,E_prot_ps,e_prot_acf,E_prot_acf,e_prot_cs,E_prot_cs,sph_ps,sph_acf,sph_cs,h_ps,fa_prob_ps,hacf,gacf,hcs
8092245,73.04858182839507,-1.0,7.816078772538951,28.84804882111049,132.29017290863126,-1.0,-1.0,0.39605859397130927,0.39605859397130927,1305.8632230995493,-1.0,1175.5094105721662,0.05461981472521027,0.0,-1.0,-1.0,0.2095690847842257
