target_id,prot_ps,prot_acf,prot_cs,e_prot_ps,E_prot_ps,e_prot_acf,E_prot_acf,e_prot_cs,E_prot_cs,sph_ps,sph_acf,sph_cs,h_ps,fa_prob_ps,hacf,gacf,hcs
8006298,52.178158632124706,55.763600825797766,53.69588312517574,14.586578614868415,32.66985176391857,-1.0,-1.0,2.6358786155182,2.6358786155182,706.0634644655934,713.5702926781462,705.2674963989008,0.06761836139269127,0.0,0.16848754071261013,0.5499581143010248,0.9403681437758137
