target_id,prot_ps,prot_acf,prot_cs,e_prot_ps,E_prot_ps,e_prot_acf,E_prot_acf,e_prot_cs,E_prot_cs,sph_ps,sph_acf,sph_cs,h_ps,fa_prob_ps,hacf,gacf,hcs
8024918,1.6090011034614107,72.47850300418213,73.78653972951983,0.08421548708841908,0.0939520850046982,-1.0,-1.0,6.91153038690644,6.91153038690644,249.0214196138244,330.6191165945774,329.53212171660994,0.10369003095788873,0.0,0.19235366404533422,0.4875504724573105,0.6520661143415895
