target_id,prot_ps,prot_acf,prot_cs,e_prot_ps,E_prot_ps,e_prot_acf,E_prot_acf,e_prot_cs,E_prot_cs,sph_ps,sph_acf,sph_cs,h_ps,fa_prob_ps,hacf,gacf,hcs
8021814,39.70295085828338,41.030902683734894,40.14101433120667,12.148771554854012,30.82376463387297,-1.0,-1.0,3.044207669144771,3.044207669144771,608.956471455922,596.923098368027,597.1861648164751,0.04518952824325334,0.0,0.07961285091439035,0.36048176922298225,0.95273067728759
