target_id,prot_ps,prot_acf,prot_cs,e_prot_ps,E_prot_ps,e_prot_acf,E_prot_acf,e_prot_cs,E_prot_cs,sph_ps,sph_acf,sph_cs,h_ps,fa_prob_ps,hacf,gacf,hcs
8035021,73.04850965661751,-1.0,73.80177568506448,1.648760626224771,1.7258908821484624,-1.0,-1.0,3.487236052143388,3.487236052143388,523.5337413604553,-1.0,523.5179254416737,0.124103635837644,0.0,-1.0,-1.0,0.5829928081772483
