target_id,prot_ps,prot_acf,prot_cs,e_prot_ps,E_prot_ps,e_prot_acf,E_prot_acf,e_prot_cs,E_prot_cs,sph_ps,sph_acf,sph_cs,h_ps,fa_prob_ps,hacf,gacf,hcs
8024053,19.479835559702277,19.718521570321172,19.50704477877143,1.2271424844643626,1.402017759560227,-1.0,-1.0,0.3738060162355834,0.3738060162355834,3081.1499801140067,3074.749436317632,3080.123817222689,0.1715247747777676,0.0,0.455693849274995,0.8951331785626098,0.9184483102292684
