target_id,prot_ps,prot_acf,prot_cs,e_prot_ps,E_prot_ps,e_prot_acf,E_prot_acf,e_prot_cs,E_prot_cs,sph_ps,sph_acf,sph_cs,h_ps,fa_prob_ps,hacf,gacf,hcs
8007721,89.96512508599679,-1.0,79.16498843359808,49.44274843234396,-448.88699801992396,-1.0,-1.0,11.033010425192996,11.033010425192996,2384.3900166172443,-1.0,2384.3900166172443,0.3465846901278737,0.0,-1.0,-1.0,0.05909747172285672
