target_id,prot_ps,prot_acf,prot_cs,e_prot_ps,E_prot_ps,e_prot_acf,E_prot_acf,e_prot_cs,E_prot_cs,sph_ps,sph_acf,sph_cs,h_ps,fa_prob_ps,hacf,gacf,hcs
8097591,73.04955684253046,-1.0,72.34025217410178,22.467615093333272,59.32589363269744,-1.0,-1.0,9.970602040637717,9.970602040637717,402.2151246438547,-1.0,402.4254852442423,0.07093804931105072,0.0,-1.0,-1.0,0.24477514637294873
