target_id,prot_ps,prot_acf,prot_cs,e_prot_ps,E_prot_ps,e_prot_acf,E_prot_acf,e_prot_cs,E_prot_cs,sph_ps,sph_acf,sph_cs,h_ps,fa_prob_ps,hacf,gacf,hcs
8078130,54.11056911641925,-1.0,90.61759451495703,18.483936863980034,57.11255001981221,-1.0,-1.0,6.6105341718473705,6.6105341718473705,865.2206943129879,-1.0,873.2752247440961,0.11822436770686434,0.0,-1.0,-1.0,0.16137016576026794
