target_id,prot_ps,prot_acf,prot_cs,e_prot_ps,E_prot_ps,e_prot_acf,E_prot_acf,e_prot_cs,E_prot_cs,sph_ps,sph_acf,sph_cs,h_ps,fa_prob_ps,hacf,gacf,hcs
8085410,47.12866390302587,-1.0,90.38470198094869,17.641725165277943,68.16098205376827,-1.0,-1.0,6.309443572460015,6.309443572460015,1084.0810303399733,-1.0,1100.1410700740666,0.06555804436269955,0.0,-1.0,-1.0,0.09212509935647113
