target_id,prot_ps,prot_acf,prot_cs,e_prot_ps,E_prot_ps,e_prot_acf,E_prot_acf,e_prot_cs,E_prot_cs,sph_ps,sph_acf,sph_cs,h_ps,fa_prob_ps,hacf,gacf,hcs
8004764,91.31181992925505,-1.0,91.72110191266134,31.409501684370127,102.92830442602714,-1.0,-1.0,3.7567777653944217,3.7567777653944217,1377.1955400739323,-1.0,1375.2392941796297,0.04791373940023839,0.0,-1.0,-1.0,0.16526121509476607
