target_id,prot_ps,prot_acf,prot_cs,e_prot_ps,E_prot_ps,e_prot_acf,E_prot_acf,e_prot_cs,E_prot_cs,sph_ps,sph_acf,sph_cs,h_ps,fa_prob_ps,hacf,gacf,hcs
8078253,47.48294842822218,55.66139421053231,92.91128856739519,13.829803860689474,32.67074272643559,-1.0,-1.0,3.8398597113819966,3.8398597113819966,209.3133183035084,208.92348003105948,209.60709048953973,0.09763763853424647,0.0,0.21463304767826097,0.580460394247379,0.4722903161696214
