target_id,prot_ps,prot_acf,prot_cs,e_prot_ps,E_prot_ps,e_prot_acf,E_prot_acf,e_prot_cs,E_prot_cs,sph_ps,sph_acf,sph_cs,h_ps,fa_prob_ps,hacf,gacf,hcs
8153731,91.31176711363223,-1.0,91.97936313080484,0.9040922488844103,0.9223568961256206,-1.0,-1.0,4.0631723697859785,4.0631723697859785,1329.1676970335598,-1.0,1327.1643412890837,0.0872479142532055,0.0,-1.0,-1.0,0.3074651462214585
