target_id,prot_ps,prot_acf,prot_cs,e_prot_ps,E_prot_ps,e_prot_acf,E_prot_acf,e_prot_cs,E_prot_cs,sph_ps,sph_acf,sph_cs,h_ps,fa_prob_ps,hacf,gacf,hcs
8143599,3.9463155068298335,3.2080945102497935,92.64433464355245,0.23234275904899615,0.2630866929168372,-1.0,-1.0,3.9938633068195935,3.9938633068195935,189.0157248053295,182.5155999941827,234.56064493457947,0.1785209409601716,0.0,0.856264828872653,0.6018427625252036,0.10411828404202376
