target_id,prot_ps,prot_acf,prot_cs,e_prot_ps,E_prot_ps,e_prot_acf,E_prot_acf,e_prot_cs,E_prot_cs,sph_ps,sph_acf,sph_cs,h_ps,fa_prob_ps,hacf,gacf,hcs
8164149,47.128608483201596,-1.0,91.84203395872095,0.4676384061053369,0.47709610759972776,-1.0,-1.0,5.708803026739697,5.708803026739697,896.352442107342,-1.0,911.0771040789855,0.06102251708765385,0.0,-1.0,-1.0,0.2690586082258193
