target_id,prot_ps,prot_acf,prot_cs,e_prot_ps,E_prot_ps,e_prot_acf,E_prot_acf,e_prot_cs,E_prot_cs,sph_ps,sph_acf,sph_cs,h_ps,fa_prob_ps,hacf,gacf,hcs
8143032,119.02576462869143,-1.0,22.697847730591896,11.02088218697503,13.494952041135349,-1.0,-1.0,3.998130753742258,3.998130753742258,580.9895033049394,-1.0,576.2674234100803,0.1301851000243071,1.0376418109138078e-172,-1.0,-1.0,0.11438256915883713
