target_id,prot_ps,prot_acf,prot_cs,e_prot_ps,E_prot_ps,e_prot_acf,E_prot_acf,e_prot_cs,E_prot_cs,sph_ps,sph_acf,sph_cs,h_ps,fa_prob_ps,hacf,gacf,hcs
8142997,18.973651878682816,19.309899914078414,18.96007373688708,1.593345502596197,1.9111139777485668,-1.0,-1.0,0.19890265680114075,0.19890265680114075,2515.72692667394,2489.517931885658,2516.31170669829,0.1676269379389953,0.0,0.27628050695633655,0.7311894590234999,0.8187628694234765
