target_id,prot_ps,prot_acf,prot_cs,e_prot_ps,E_prot_ps,e_prot_acf,E_prot_acf,e_prot_cs,E_prot_cs,sph_ps,sph_acf,sph_cs,h_ps,fa_prob_ps,hacf,gacf,hcs
8193315,1.31148044332044,30.221476998645812,31.829605034406036,0.012993103319984822,0.013255673847902827,-1.0,-1.0,0.9402478434646655,0.9402478434646655,9347.644866690798,10182.78877787982,10167.217105874755,0.1547803125536942,0.0,-0.27595056907568954,0.0015744306288697496,0.012188236023605796
