target_id,prot_ps,prot_acf,prot_cs,e_prot_ps,E_prot_ps,e_prot_acf,E_prot_acf,e_prot_cs,E_prot_cs,sph_ps,sph_acf,sph_cs,h_ps,fa_prob_ps,hacf,gacf,hcs
8181005,76.89408600656738,57.459566209465265,3.3433620992861686,0.7600813885891995,0.7754238057629834,-1.0,-1.0,1.9066728730014406,1.9066728730014406,475.86449814859145,473.8796470814552,418.4718930110873,0.03133103249192405,0.0,0.06461007198306884,0.30512541901694834,0.795880475917389
