target_id,prot_ps,prot_acf,prot_cs,e_prot_ps,E_prot_ps,e_prot_acf,E_prot_acf,e_prot_cs,E_prot_cs,sph_ps,sph_acf,sph_cs,h_ps,fa_prob_ps,hacf,gacf,hcs
8120400,47.12812482390404,24.62264687055722,34.279832876530286,17.001536330344255,59.50579977344431,-1.0,-1.0,8.633165284190529,8.633165284190529,468.0341293184042,456.2089157023973,460.8820428307686,0.06269507608003118,0.0,-0.4708995264402096,0.008549730674756811,0.10916461717247342
