target_id,prot_ps,prot_acf,prot_cs,e_prot_ps,E_prot_ps,e_prot_acf,E_prot_acf,e_prot_cs,E_prot_cs,sph_ps,sph_acf,sph_cs,h_ps,fa_prob_ps,hacf,gacf,hcs
8126552,109.11192555457488,-1.0,101.00138927862979,30.975142950383614,70.73412886136185,-1.0,-1.0,9.241367883247971,9.241367883247971,2172.7678749494503,-1.0,2172.7678749494503,0.3465860105453052,0.0,-1.0,-1.0,0.26276609831544734
