target_id,prot_ps,prot_acf,prot_cs,e_prot_ps,E_prot_ps,e_prot_acf,E_prot_acf,e_prot_cs,E_prot_cs,sph_ps,sph_acf,sph_cs,h_ps,fa_prob_ps,hacf,gacf,hcs
8167763,32.46642414842808,31.937906858045608,32.4344375504614,1.6525626064758434,1.8402634775582456,-1.0,-1.0,0.8825269203959262,0.8825269203959262,1266.330457953433,1276.1014833498782,1266.3865444353805,0.18515478110995606,0.0,0.2333175593729466,0.7536930130201048,0.9628680150870427
