target_id,prot_ps,prot_acf,prot_cs,e_prot_ps,E_prot_ps,e_prot_acf,E_prot_acf,e_prot_cs,E_prot_cs,sph_ps,sph_acf,sph_cs,h_ps,fa_prob_ps,hacf,gacf,hcs
8177701,15.880313328114234,15.917865860275924,15.375350663112474,1.9782140777536164,2.6258864138791367,-1.0,-1.0,1.032108343636548,1.032108343636548,1239.4460932698564,1238.107415081983,1221.1026466566866,0.07518972595194308,0.0,0.19008983737195664,0.5765875934581328,0.8893898952908211
