target_id,prot_ps,prot_acf,prot_cs,e_prot_ps,E_prot_ps,e_prot_acf,E_prot_acf,e_prot_cs,E_prot_cs,sph_ps,sph_acf,sph_cs,h_ps,fa_prob_ps,hacf,gacf,hcs
8148903,45.358318288709015,45.44555686414242,45.79669936688262,8.339534439748789,13.113316635926012,-1.0,-1.0,5.8483534819266385,5.8483534819266385,504.3450939911412,504.0261244592172,503.2073197067734,0.15078899688935699,0.0,0.19919626825299164,0.5316874600635249,0.9991466662488999
