target_id,prot_ps,prot_acf,prot_cs,e_prot_ps,E_prot_ps,e_prot_acf,E_prot_acf,e_prot_cs,E_prot_cs,sph_ps,sph_acf,sph_cs,h_ps,fa_prob_ps,hacf,gacf,hcs
8174293,17.187877156319832,16.612626259680837,17.301206973381635,1.67335455197974,2.0729491032474456,-1.0,-1.0,1.2118094168730529,1.2118094168730529,445.15104898707574,439.2340759842724,444.5962904045538,0.05993186829188951,0.0,0.15688035195464126,0.34538862568905865,0.7983985797288945
