target_id,prot_ps,prot_acf,prot_cs,e_prot_ps,E_prot_ps,e_prot_acf,E_prot_acf,e_prot_cs,E_prot_cs,sph_ps,sph_acf,sph_cs,h_ps,fa_prob_ps,hacf,gacf,hcs
8174332,8.543811972835728,8.602598165161908,8.52146467129898,0.4346934722755442,0.48338953781367877,-1.0,-1.0,0.3006232480430751,0.3006232480430751,2793.064296268135,2781.0940292901705,2794.401963296655,0.06314249519921072,0.0,0.44725946201685113,0.815022656385368,0.8863025173591917
