target_id,prot_ps,prot_acf,prot_cs,e_prot_ps,E_prot_ps,e_prot_acf,E_prot_acf,e_prot_cs,E_prot_cs,sph_ps,sph_acf,sph_cs,h_ps,fa_prob_ps,hacf,gacf,hcs
8197798,11.23838842930844,11.013767658732831,11.207434740220021,0.14229227018879698,0.1459810042870977,-1.0,-1.0,0.11948805740986995,0.11948805740986995,2162.3721359920582,2203.0557315052674,2179.1104217259517,0.15019727753206316,0.0,0.4854625262515921,0.6942210061152851,0.8927239287855723
