target_id,prot_ps,prot_acf,prot_cs,e_prot_ps,E_prot_ps,e_prot_acf,E_prot_acf,e_prot_cs,E_prot_cs,sph_ps,sph_acf,sph_cs,h_ps,fa_prob_ps,hacf,gacf,hcs
8110178,73.04944708625666,-1.0,73.5103510914812,16.842762401678947,31.525671138666183,-1.0,-1.0,2.9257299847077918,2.9257299847077918,530.5288831541558,-1.0,529.8912690716085,0.13842988427611724,0.0,-1.0,-1.0,0.48889056850371715
