target_id,prot_ps,prot_acf,prot_cs,e_prot_ps,E_prot_ps,e_prot_acf,E_prot_acf,e_prot_cs,E_prot_cs,sph_ps,sph_acf,sph_cs,h_ps,fa_prob_ps,hacf,gacf,hcs
8198066,416.3503280476984,-1.0,10.91761571371462,82.93640434183311,136.95214196264016,-1.0,-1.0,0.7245591406837085,0.7245591406837085,1202.5700007245978,-1.0,638.6097222048481,0.11470790098986602,0.0,-1.0,-1.0,0.03936437258284212
