target_id,prot_ps,prot_acf,prot_cs,e_prot_ps,E_prot_ps,e_prot_acf,E_prot_acf,e_prot_cs,E_prot_cs,sph_ps,sph_acf,sph_cs,h_ps,fa_prob_ps,hacf,gacf,hcs
8265761,73.04848677040745,-1.0,73.80175213906912,22.260729493730388,57.90625387122631,-1.0,-1.0,3.8393435924915957,3.8393435924915957,904.6306152613063,-1.0,906.041679137014,0.17872672161714973,0.0,-1.0,-1.0,0.38875011058788445
