target_id,prot_ps,prot_acf,prot_cs,e_prot_ps,E_prot_ps,e_prot_acf,E_prot_acf,e_prot_cs,E_prot_cs,sph_ps,sph_acf,sph_cs,h_ps,fa_prob_ps,hacf,gacf,hcs
8256543,30.436878487452827,29.935432840138674,30.548160242958073,1.8740874198698982,2.134309657494015,-1.0,-1.0,0.751781028486515,0.751781028486515,799.3491653402423,813.4183031433056,795.4723282929233,0.22779912573254973,0.0,-0.05610378312579386,0.31693569549797274,0.9980896684866315
