target_id,prot_ps,prot_acf,prot_cs,e_prot_ps,E_prot_ps,e_prot_acf,E_prot_acf,e_prot_cs,E_prot_cs,sph_ps,sph_acf,sph_cs,h_ps,fa_prob_ps,hacf,gacf,hcs
8230345,52.17814143521287,61.566755472216755,61.56328174223657,14.269271307072316,31.11993925449198,-1.0,-1.0,11.361739445315827,11.361739445315827,1406.4006888905462,1452.9184252043874,1452.8765615365778,0.08056622758462617,0.0,0.24642305863520994,0.5823783232254792,0.4938993915832698
