target_id,prot_ps,prot_acf,prot_cs,e_prot_ps,E_prot_ps,e_prot_acf,E_prot_acf,e_prot_cs,E_prot_cs,sph_ps,sph_acf,sph_cs,h_ps,fa_prob_ps,hacf,gacf,hcs
8280711,123.98866299782948,-1.0,8.107341741034721,1.227593254900171,1.2523929415560104,-1.0,-1.0,0.0629636202151868,0.0629636202151868,732.8144414685836,-1.0,520.7042921476062,0.09248651142552551,0.0,-1.0,-1.0,0.004427036016663378
