target_id,prot_ps,prot_acf,prot_cs,e_prot_ps,E_prot_ps,e_prot_acf,E_prot_acf,e_prot_cs,E_prot_cs,sph_ps,sph_acf,sph_cs,h_ps,fa_prob_ps,hacf,gacf,hcs
8230865,73.04911851152596,-1.0,73.8034239047393,26.951208443998674,100.00962323744814,-1.0,-1.0,3.7893317128829356,3.7893317128829356,486.9723787509889,-1.0,485.9725148601484,0.1050078377181888,0.0,-1.0,-1.0,0.059770090125972584
