target_id,prot_ps,prot_acf,prot_cs,e_prot_ps,E_prot_ps,e_prot_acf,E_prot_acf,e_prot_cs,E_prot_cs,sph_ps,sph_acf,sph_cs,h_ps,fa_prob_ps,hacf,gacf,hcs
8229922,73.04934461415318,66.47079638252035,73.5881508222655,24.716029400360384,78.08210286002641,-1.0,-1.0,3.9604730294833725,3.9604730294833725,1307.1849762162478,1341.5598254446163,1307.9385794326408,0.10619460195830638,0.0,0.26437442780591774,0.5573048712589448,0.8831834430531158
