target_id,prot_ps,prot_acf,prot_cs,e_prot_ps,E_prot_ps,e_prot_acf,E_prot_acf,e_prot_cs,E_prot_cs,sph_ps,sph_acf,sph_cs,h_ps,fa_prob_ps,hacf,gacf,hcs
8283255,32.46643400839442,29.322349063586444,16.180215249136086,14.23628227492329,108.02642170243291,-1.0,-1.0,4.607110786131842,4.607110786131842,966.3906313512497,961.7347292778861,932.7426809707192,0.041963399366486326,0.0,-0.03390802529016113,0.2735188080056139,4.231680716202596
