target_id,prot_ps,prot_acf,prot_cs,e_prot_ps,E_prot_ps,e_prot_acf,E_prot_acf,e_prot_cs,E_prot_cs,sph_ps,sph_acf,sph_cs,h_ps,fa_prob_ps,hacf,gacf,hcs
8249914,11.410494180212714,12.505447022616863,11.516045478768644,2.7859588313168473,5.393208736084418,-1.0,-1.0,0.8194789438722722,0.8194789438722722,952.4742726608886,952.3811780246637,953.7629028475851,0.032731688539748616,0.0,0.16584406482368647,0.3457345036490698,0.7884743176471657
