target_id,prot_ps,prot_acf,prot_cs,e_prot_ps,E_prot_ps,e_prot_acf,E_prot_acf,e_prot_cs,E_prot_cs,sph_ps,sph_acf,sph_cs,h_ps,fa_prob_ps,hacf,gacf,hcs
8222748,36.79893943714511,39.94806136935949,41.61198496900499,7.065604783485032,11.399284674192543,-1.0,-1.0,4.164934753002454,4.164934753002454,236.7184999489964,241.95102293960713,244.00295291779204,0.07968166802503654,0.0,0.13439155618315674,0.5584688372769866,0.7504376968036733
