target_id,prot_ps,prot_acf,prot_cs,e_prot_ps,E_prot_ps,e_prot_acf,E_prot_acf,e_prot_cs,E_prot_cs,sph_ps,sph_acf,sph_cs,h_ps,fa_prob_ps,hacf,gacf,hcs
8219599,12.381233343176692,12.219335441477597,12.387328606814144,0.29114750136072054,0.305666910929725,-1.0,-1.0,0.0874514450946098,0.0874514450946098,8154.736759732422,8214.99221857001,8150.9343572734715,0.23942591571002736,0.0,0.46271201066459156,0.9510596021721485,0.80797056649163
