target_id,prot_ps,prot_acf,prot_cs,e_prot_ps,E_prot_ps,e_prot_acf,E_prot_acf,e_prot_cs,E_prot_cs,sph_ps,sph_acf,sph_cs,h_ps,fa_prob_ps,hacf,gacf,hcs
8250986,45.92232481959131,-1.0,94.45115331081725,0.45662722881854023,0.4658720888456642,-1.0,-1.0,16.36128825604488,16.36128825604488,460.43249654161275,-1.0,463.70895014491185,0.03537350391635474,0.0,-1.0,-1.0,0.14109469987140574
