target_id,prot_ps,prot_acf,prot_cs,e_prot_ps,E_prot_ps,e_prot_acf,E_prot_acf,e_prot_cs,E_prot_cs,sph_ps,sph_acf,sph_cs,h_ps,fa_prob_ps,hacf,gacf,hcs
8230787,52.17798911771328,60.852995791472495,59.04681839120108,10.00937518640049,16.139626998889064,-1.0,-1.0,7.780025871510376,7.780025871510376,469.1439233148976,482.3830644914448,488.3368763124772,0.0327393665215123,0.0,0.12602764322908436,0.3598090578817226,0.5899816507920183
