target_id,prot_ps,prot_acf,prot_cs,e_prot_ps,E_prot_ps,e_prot_acf,E_prot_acf,e_prot_cs,E_prot_cs,sph_ps,sph_acf,sph_cs,h_ps,fa_prob_ps,hacf,gacf,hcs
8257671,73.04846491324678,-1.0,73.80173363864421,3.46370589899297,3.82258872872481,-1.0,-1.0,4.70920787183417,4.70920787183417,838.4308600838951,-1.0,839.1111883759986,0.08868649186005317,0.0,-1.0,-1.0,0.3070294603601089
