target_id,prot_ps,prot_acf,prot_cs,e_prot_ps,E_prot_ps,e_prot_acf,E_prot_acf,e_prot_cs,E_prot_cs,sph_ps,sph_acf,sph_cs,h_ps,fa_prob_ps,hacf,gacf,hcs
8282492,10.013416504785459,9.808181002736092,9.963608222224416,0.29183838342185453,0.31005945649167543,-1.0,-1.0,0.28668315380662523,0.28668315380662523,1442.2293381269951,1445.7222194043038,1417.9424587950232,0.10024649384090996,0.0,0.39432902045535145,0.7152854341435899,0.9842579549326137
