target_id,prot_ps,prot_acf,prot_cs,e_prot_ps,E_prot_ps,e_prot_acf,E_prot_acf,e_prot_cs,E_prot_cs,sph_ps,sph_acf,sph_cs,h_ps,fa_prob_ps,hacf,gacf,hcs
8216813,39.4860937885006,-1.0,92.1659565792974,0.3860948555245969,0.3938454228806805,-1.0,-1.0,5.694082620872544,5.694082620872544,906.4864130012855,-1.0,933.9163182003728,0.08252982619756224,0.0,-1.0,-1.0,0.1780426807151479
