target_id,prot_ps,prot_acf,prot_cs,e_prot_ps,E_prot_ps,e_prot_acf,E_prot_acf,e_prot_cs,E_prot_cs,sph_ps,sph_acf,sph_cs,h_ps,fa_prob_ps,hacf,gacf,hcs
8227929,106.89401570730641,34.737279219552875,42.90646560730879,1.566340425764679,1.6140967406721671,-1.0,-1.0,15.341327994726852,15.341327994726852,89.90637278515533,88.62832985747195,90.1502327205014,0.02439452351885549,0.0,-0.12352461745781958,0.025324811052334875,0.38032157061489236
