target_id,prot_ps,prot_acf,prot_cs,e_prot_ps,E_prot_ps,e_prot_acf,E_prot_acf,e_prot_cs,E_prot_cs,sph_ps,sph_acf,sph_cs,h_ps,fa_prob_ps,hacf,gacf,hcs
8264218,83.27031512679451,-1.0,12.481661859517924,0.8240119917179669,0.8406541214202576,-1.0,-1.0,0.809776580757584,0.809776580757584,2171.964698429361,-1.0,1630.6626853462528,0.05780068293318556,0.0,-1.0,-1.0,0.04904668955547856
