target_id,prot_ps,prot_acf,prot_cs,e_prot_ps,E_prot_ps,e_prot_acf,E_prot_acf,e_prot_cs,E_prot_cs,sph_ps,sph_acf,sph_cs,h_ps,fa_prob_ps,hacf,gacf,hcs
8282874,45.65577766983784,-1.0,73.80148640569298,2.1934312209390328,2.427823811636955,-1.0,-1.0,6.009428594489334,6.009428594489334,356.68285760170767,-1.0,360.7365217698444,0.048769187763991986,0.0,-1.0,-1.0,0.1186080846871043
