target_id,prot_ps,prot_acf,prot_cs,e_prot_ps,E_prot_ps,e_prot_acf,E_prot_acf,e_prot_cs,E_prot_cs,sph_ps,sph_acf,sph_cs,h_ps,fa_prob_ps,hacf,gacf,hcs
8212656,91.31178142960896,-1.0,92.31383596901341,0.8934238533094288,0.9113646392322323,-1.0,-1.0,4.139680130475287,4.139680130475287,824.0075599861733,-1.0,820.7555555712411,0.0982352699117522,0.0,-1.0,-1.0,0.16714937368090335
