target_id,prot_ps,prot_acf,prot_cs,e_prot_ps,E_prot_ps,e_prot_acf,E_prot_acf,e_prot_cs,E_prot_cs,sph_ps,sph_acf,sph_cs,h_ps,fa_prob_ps,hacf,gacf,hcs
8283672,59.97670202246772,-1.0,59.5579092844175,15.368615273191985,31.8593840461536,-1.0,-1.0,9.015711842535515,9.015711842535515,1110.0021372205904,-1.0,1110.0021372205904,0.3981981255076844,0.0,-1.0,-1.0,0.4323324903682061
