target_id,prot_ps,prot_acf,prot_cs,e_prot_ps,E_prot_ps,e_prot_acf,E_prot_acf,e_prot_cs,E_prot_cs,sph_ps,sph_acf,sph_cs,h_ps,fa_prob_ps,hacf,gacf,hcs
8243448,50.37830893997201,-1.0,92.39673249280216,0.5000869380630277,0.5102029763272711,-1.0,-1.0,6.358444651985587,6.358444651985587,1081.6625965662497,-1.0,1118.8988967601758,0.030260831943509852,0.0,-1.0,-1.0,0.07060417715253244
