target_id,prot_ps,prot_acf,prot_cs,e_prot_ps,E_prot_ps,e_prot_acf,E_prot_acf,e_prot_cs,E_prot_cs,sph_ps,sph_acf,sph_cs,h_ps,fa_prob_ps,hacf,gacf,hcs
8284909,74.87848553153074,-1.0,88.92042011765896,1.3517597379844801,1.4018686494832338,-1.0,-1.0,3.7392303351609644,3.7392303351609644,595.9346714174926,-1.0,599.0519921231125,0.03143048055834355,0.0,-1.0,-1.0,0.01898293912108303
