target_id,prot_ps,prot_acf,prot_cs,e_prot_ps,E_prot_ps,e_prot_acf,E_prot_acf,e_prot_cs,E_prot_cs,sph_ps,sph_acf,sph_cs,h_ps,fa_prob_ps,hacf,gacf,hcs
8374436,70.09307029530254,-1.0,69.49516364519133,2.5400836351805225,2.7407096921214844,-1.0,-1.0,3.3695114984171743,3.3695114984171743,282.77903074862013,-1.0,283.2266496793535,0.0368502248480243,0.0,-1.0,-1.0,0.28172845805914176
