target_id,prot_ps,prot_acf,prot_cs,e_prot_ps,E_prot_ps,e_prot_acf,E_prot_acf,e_prot_cs,E_prot_cs,sph_ps,sph_acf,sph_cs,h_ps,fa_prob_ps,hacf,gacf,hcs
8388487,91.3106799374961,-1.0,91.08872497025304,0.8933086682767737,0.911245999283878,-1.0,-1.0,4.4645408137395295,4.4645408137395295,382.57464265749564,-1.0,382.6407606508944,0.08199421996558609,0.0,-1.0,-1.0,0.846965557250386
