target_id,prot_ps,prot_acf,prot_cs,e_prot_ps,E_prot_ps,e_prot_acf,E_prot_acf,e_prot_cs,E_prot_cs,sph_ps,sph_acf,sph_cs,h_ps,fa_prob_ps,hacf,gacf,hcs
8395942,9.913127245529983,9.80828382074833,9.8736173921408,0.4454410782043432,0.4896539660894508,-1.0,-1.0,0.33875148443099534,0.33875148443099534,1543.3929658633804,1527.942948645374,1557.250838512518,0.05405286880503306,0.0,0.4147937036265173,0.410725403114072,0.9866774690871528
