target_id,prot_ps,prot_acf,prot_cs,e_prot_ps,E_prot_ps,e_prot_acf,E_prot_acf,e_prot_cs,E_prot_cs,sph_ps,sph_acf,sph_cs,h_ps,fa_prob_ps,hacf,gacf,hcs
8321314,26.56308835014826,86.18950644694269,98.3610667448209,3.1173093626007713,4.0609147165151995,-1.0,-1.0,15.037632733260542,15.037632733260542,1193.3200164506836,1215.6769653175947,1220.8734682359948,0.11093387640788308,0.0,0.2883556810326609,0.47192407455374197,0.26416355201022995
