target_id,prot_ps,prot_acf,prot_cs,e_prot_ps,E_prot_ps,e_prot_acf,E_prot_acf,e_prot_cs,E_prot_cs,sph_ps,sph_acf,sph_cs,h_ps,fa_prob_ps,hacf,gacf,hcs
8311996,121.74897483357742,53.35239481180906,27.304125055298204,1.2050119486937945,1.229351283652207,-1.0,-1.0,11.631339634055704,11.631339634055704,439.07335338697396,433.03528063726935,434.0524687255554,0.014084506356222834,1.7983273276875228e-215,-0.029027170234591743,0.25594815264629783,4.715967095252163
