target_id,prot_ps,prot_acf,prot_cs,e_prot_ps,E_prot_ps,e_prot_acf,E_prot_acf,e_prot_cs,E_prot_cs,sph_ps,sph_acf,sph_cs,h_ps,fa_prob_ps,hacf,gacf,hcs
8311255,0.28953385186850855,0.5925773996859789,98.78416553738334,0.002873354272551143,0.002931470475313669,-1.0,-1.0,5.166747558863239,5.166747558863239,137052.10824272482,137621.454809351,146470.90497631326,0.35438753076016144,0.0,0.7747317625386618,0.03576871612556465,0.005193043432276791
