target_id,prot_ps,prot_acf,prot_cs,e_prot_ps,E_prot_ps,e_prot_acf,E_prot_acf,e_prot_cs,E_prot_cs,sph_ps,sph_acf,sph_cs,h_ps,fa_prob_ps,hacf,gacf,hcs
8360433,8.445009067071226,8.21434166841209,51.97737728212778,0.12036657655996308,0.12387555358211699,-1.0,-1.0,1.0852485785986858,1.0852485785986858,4328.47945487103,4272.726602503091,4606.589274990534,0.12353039952836194,0.0,0.5340959487603258,0.5961439875187143,0.37279795733083554
