target_id,prot_ps,prot_acf,prot_cs,e_prot_ps,E_prot_ps,e_prot_acf,E_prot_acf,e_prot_cs,E_prot_cs,sph_ps,sph_acf,sph_cs,h_ps,fa_prob_ps,hacf,gacf,hcs
8312970,73.04941079399217,22.72224560007453,42.16345614978577,8.348853453744866,10.790747683598681,-1.0,-1.0,4.911991442753192,4.911991442753192,3280.685253988264,3201.803182731509,3251.322565348233,0.06502197592639705,0.0,-0.28612887314747126,0.036360448241595233,0.3979627326028334
