target_id,prot_ps,prot_acf,prot_cs,e_prot_ps,E_prot_ps,e_prot_acf,E_prot_acf,e_prot_cs,E_prot_cs,sph_ps,sph_acf,sph_cs,h_ps,fa_prob_ps,hacf,gacf,hcs
8322336,13.281708448909919,13.016270276159048,13.189548097103836,1.8648315097307862,2.5828829824334196,-1.0,-1.0,1.0492221137546716,1.0492221137546716,1167.1464018861986,1162.8119012830225,1167.7732449314392,0.03352481642155742,0.0,0.20267649725680956,0.3796126011951507,0.6714833331272844
