target_id,prot_ps,prot_acf,prot_cs,e_prot_ps,E_prot_ps,e_prot_acf,E_prot_acf,e_prot_cs,E_prot_cs,sph_ps,sph_acf,sph_cs,h_ps,fa_prob_ps,hacf,gacf,hcs
8358462,73.04943826295357,-1.0,91.32852112200486,27.390850940464304,112.91734650321283,-1.0,-1.0,4.877297281207123,4.877297281207123,911.7048668163823,-1.0,923.3681804874409,0.09891697871287275,0.0,-1.0,-1.0,0.4071767055538421
