target_id,prot_ps,prot_acf,prot_cs,e_prot_ps,E_prot_ps,e_prot_acf,E_prot_acf,e_prot_cs,E_prot_cs,sph_ps,sph_acf,sph_cs,h_ps,fa_prob_ps,hacf,gacf,hcs
8360515,21.484874058174288,22.12976335734129,21.49794095244373,1.8425312575298491,2.2193923752567457,-1.0,-1.0,0.21476507104181725,0.21476507104181725,2505.6164419547636,2482.352646909187,2505.6700464843284,0.15606406726508812,0.0,0.08632813324349486,0.48004670832211044,0.8704775176993746
