target_id,prot_ps,prot_acf,prot_cs,e_prot_ps,E_prot_ps,e_prot_acf,E_prot_acf,e_prot_cs,E_prot_cs,sph_ps,sph_acf,sph_cs,h_ps,fa_prob_ps,hacf,gacf,hcs
8373723,19.742804538883462,20.413272525183856,19.794859580239613,0.5573525537177595,0.590351253609704,-1.0,-1.0,0.271484246129669,0.271484246129669,5482.539954088815,5238.58142917287,5502.5541674893475,0.2639511790590089,0.0,0.3346589195824059,0.8758755329579915,0.8879021438300131
