target_id,prot_ps,prot_acf,prot_cs,e_prot_ps,E_prot_ps,e_prot_acf,E_prot_acf,e_prot_cs,E_prot_cs,sph_ps,sph_acf,sph_cs,h_ps,fa_prob_ps,hacf,gacf,hcs
8396660,20.4439366430852,42.134572063572705,20.43523368548517,0.6156041395296548,0.6553274680419072,-1.0,-1.0,0.5637981229075438,0.5637981229075438,319.0995809312603,321.88187825513967,319.0925907895849,0.08767222146894957,0.0,-0.11017473948347468,0.19813789815332705,0.6244949897381911
