target_id,prot_ps,prot_acf,prot_cs,e_prot_ps,E_prot_ps,e_prot_acf,E_prot_acf,e_prot_cs,E_prot_cs,sph_ps,sph_acf,sph_cs,h_ps,fa_prob_ps,hacf,gacf,hcs
8349776,73.04927350860262,-1.0,73.17271307256642,17.86701480231983,35.31511053558084,-1.0,-1.0,5.012898524390618,5.012898524390618,832.4115787161345,-1.0,832.6243292801558,0.03509380758501487,0.0,-1.0,-1.0,0.21445429107287606
