target_id,prot_ps,prot_acf,prot_cs,e_prot_ps,E_prot_ps,e_prot_acf,E_prot_acf,e_prot_cs,E_prot_cs,sph_ps,sph_acf,sph_cs,h_ps,fa_prob_ps,hacf,gacf,hcs
8366044,23.80486165603869,21.925620610825717,23.587717517505922,5.391625459536407,9.775501958395012,-1.0,-1.0,2.9836941965258146,2.9836941965258146,487.4985171246035,482.98390414367987,488.40862275705996,0.18428710643855986,8.190970900572872e-254,0.2289728397211455,0.29451178882210893,0.897959343678305
