target_id,prot_ps,prot_acf,prot_cs,e_prot_ps,E_prot_ps,e_prot_acf,E_prot_acf,e_prot_cs,E_prot_cs,sph_ps,sph_acf,sph_cs,h_ps,fa_prob_ps,hacf,gacf,hcs
8398332,73.04944415854106,-1.0,73.8016865466535,9.151283408580966,12.251630811143258,-1.0,-1.0,3.9157859368951824,3.9157859368951824,1250.2310788436184,-1.0,1251.5735102158337,0.12990657418576626,0.0,-1.0,-1.0,0.5499349048213263
