target_id,prot_ps,prot_acf,prot_cs,e_prot_ps,E_prot_ps,e_prot_acf,E_prot_acf,e_prot_cs,E_prot_cs,sph_ps,sph_acf,sph_cs,h_ps,fa_prob_ps,hacf,gacf,hcs
8489820,73.04939373515525,68.37117481790483,73.09035791925255,28.625188685379968,137.32971792242716,-1.0,-1.0,4.346935120616863,4.346935120616863,1125.0629169686022,1143.9659100894642,1125.1353571682212,0.07741023447419922,0.0,0.19231034526791135,0.43986012178207895,0.9762697710660998
