target_id,prot_ps,prot_acf,prot_cs,e_prot_ps,E_prot_ps,e_prot_acf,E_prot_acf,e_prot_cs,E_prot_cs,sph_ps,sph_acf,sph_cs,h_ps,fa_prob_ps,hacf,gacf,hcs
8446150,37.461217833856246,-1.0,8.894993416285141,17.747618500974646,286.4569312659869,-1.0,-1.0,1.546587675599035,1.546587675599035,755.8141188496523,-1.0,719.0830921921308,0.03753490766705583,0.0,-1.0,-1.0,0.06760350730362219
