target_id,prot_ps,prot_acf,prot_cs,e_prot_ps,E_prot_ps,e_prot_acf,E_prot_acf,e_prot_cs,E_prot_cs,sph_ps,sph_acf,sph_cs,h_ps,fa_prob_ps,hacf,gacf,hcs
8460357,8.083496193561833,7.907831696793437,8.031046748813244,0.1700528315778289,0.17759990778042045,-1.0,-1.0,0.20926051370739215,0.20926051370739215,5746.310652644856,5692.043959967213,5715.695942049768,0.11375469478954651,0.0,0.6166139276837405,0.9327319395093079,0.9087867793080845
