target_id,prot_ps,prot_acf,prot_cs,e_prot_ps,E_prot_ps,e_prot_acf,E_prot_acf,e_prot_cs,E_prot_cs,sph_ps,sph_acf,sph_cs,h_ps,fa_prob_ps,hacf,gacf,hcs
8429409,73.59780447287886,-1.0,73.6740862098565,0.7285259341845176,0.7432419361955738,-1.0,-1.0,2.345436111083831,2.345436111083831,161.73067844172414,-1.0,161.74548272825558,0.061232475699156554,0.0,-1.0,-1.0,0.25186054427018517
