target_id,prot_ps,prot_acf,prot_cs,e_prot_ps,E_prot_ps,e_prot_acf,E_prot_acf,e_prot_cs,E_prot_cs,sph_ps,sph_acf,sph_cs,h_ps,fa_prob_ps,hacf,gacf,hcs
8490107,53.90871962015611,60.76998635940254,73.36401451464916,16.383506266216912,41.13830768988688,-1.0,-1.0,4.561035141120587,4.561035141120587,796.6433140271496,810.66387225867,827.1722237556072,0.14171919730211976,0.0,0.15082713922896074,0.4364163246432871,0.6114084373851173
