target_id,prot_ps,prot_acf,prot_cs,e_prot_ps,E_prot_ps,e_prot_acf,E_prot_acf,e_prot_cs,E_prot_cs,sph_ps,sph_acf,sph_cs,h_ps,fa_prob_ps,hacf,gacf,hcs
8425175,26.56341746084465,82.67477352824062,90.38481938777493,1.5854661864979462,1.7979444433393326,-1.0,-1.0,16.441838194926508,16.441838194926508,2460.969074091425,2537.8126462435926,2528.9306449285523,0.054545250944767226,0.0,0.3177405101837709,0.5431984410744236,0.5235175975180167
