target_id,prot_ps,prot_acf,prot_cs,e_prot_ps,E_prot_ps,e_prot_acf,E_prot_acf,e_prot_cs,E_prot_cs,sph_ps,sph_acf,sph_cs,h_ps,fa_prob_ps,hacf,gacf,hcs
8478250,53.4469032578315,-1.0,93.59791073795606,19.451174188174647,69.6152656556871,-1.0,-1.0,5.564812629112901,5.564812629112901,320.18886696019547,-1.0,324.110619775893,0.10164605463068158,0.0,-1.0,-1.0,0.10156309174593914
