target_id,prot_ps,prot_acf,prot_cs,e_prot_ps,E_prot_ps,e_prot_acf,E_prot_acf,e_prot_cs,E_prot_cs,sph_ps,sph_acf,sph_cs,h_ps,fa_prob_ps,hacf,gacf,hcs
8424372,52.69241536694281,-1.0,95.64999978353204,19.2709204822522,69.8563462215015,-1.0,-1.0,5.198969602515606,5.198969602515606,1473.3800004930642,-1.0,1476.8028428321559,0.11233469775611087,0.0,-1.0,-1.0,0.25560505137027234
