target_id,prot_ps,prot_acf,prot_cs,e_prot_ps,E_prot_ps,e_prot_acf,E_prot_acf,e_prot_cs,E_prot_cs,sph_ps,sph_acf,sph_cs,h_ps,fa_prob_ps,hacf,gacf,hcs
8463121,45.85607326769151,-1.0,92.70638836161672,6.034487703186265,8.16089546711553,-1.0,-1.0,13.441279062955529,13.441279062955529,1789.4857784767019,-1.0,1806.169016152681,0.2584102451305345,0.0,-1.0,-1.0,0.5843659495187973
