target_id,prot_ps,prot_acf,prot_cs,e_prot_ps,E_prot_ps,e_prot_acf,E_prot_acf,e_prot_cs,E_prot_cs,sph_ps,sph_acf,sph_cs,h_ps,fa_prob_ps,hacf,gacf,hcs
8474978,73.59872735494507,63.46709444746375,66.19049893811346,28.83142243365328,138.15488653071498,-1.0,-1.0,6.320273901707431,6.320273901707431,289.96296898413885,284.7819840802911,285.7879516651559,0.09846671085908078,0.0,0.07650146610723317,0.41247135693444714,0.49766789450720905
