target_id,prot_ps,prot_acf,prot_cs,e_prot_ps,E_prot_ps,e_prot_acf,E_prot_acf,e_prot_cs,E_prot_cs,sph_ps,sph_acf,sph_cs,h_ps,fa_prob_ps,hacf,gacf,hcs
8491752,73.04906159250372,-1.0,73.39146189869166,1.7628134290558393,1.8512692648239835,-1.0,-1.0,3.352837354763647,3.352837354763647,454.9889247653219,-1.0,455.6707308726783,0.07985823252387475,0.0,-1.0,-1.0,0.14937353452149396
