target_id,prot_ps,prot_acf,prot_cs,e_prot_ps,E_prot_ps,e_prot_acf,E_prot_acf,e_prot_cs,E_prot_cs,sph_ps,sph_acf,sph_cs,h_ps,fa_prob_ps,hacf,gacf,hcs
8416925,11.413950193264238,11.606326095759869,11.51600926240906,0.5899722117908421,0.6572361371503526,-1.0,-1.0,0.48253987917993685,0.48253987917993685,2138.4499759524933,2165.444189625206,2176.857098294778,0.10868637323514979,0.0,0.4246645597582818,0.780898521885806,0.9605902403169637
