target_id,prot_ps,prot_acf,prot_cs,e_prot_ps,E_prot_ps,e_prot_acf,E_prot_acf,e_prot_cs,E_prot_cs,sph_ps,sph_acf,sph_cs,h_ps,fa_prob_ps,hacf,gacf,hcs
8453152,73.5980281735082,-1.0,74.07828479060437,1.955489459957434,2.064077103094391,-1.0,-1.0,3.1031217335866015,3.1031217335866015,340.41848760897307,-1.0,340.996797922281,0.19871623476426775,0.0,-1.0,-1.0,0.624292638203606
