target_id,prot_ps,prot_acf,prot_cs,e_prot_ps,E_prot_ps,e_prot_acf,E_prot_acf,e_prot_cs,E_prot_cs,sph_ps,sph_acf,sph_cs,h_ps,fa_prob_ps,hacf,gacf,hcs
8522066,73.04848887787207,-1.0,73.64278838716704,21.59549441705883,53.61041954995305,-1.0,-1.0,4.007202125582339,4.007202125582339,544.7915371927819,-1.0,545.1678413056675,0.13989659556956682,0.0,-1.0,-1.0,0.36962705523167844
