target_id,prot_ps,prot_acf,prot_cs,e_prot_ps,E_prot_ps,e_prot_acf,E_prot_acf,e_prot_cs,E_prot_cs,sph_ps,sph_acf,sph_cs,h_ps,fa_prob_ps,hacf,gacf,hcs
8565924,73.04929119691654,-1.0,73.19125591707576,8.224199294036254,10.645112680807316,-1.0,-1.0,2.718407682947309,2.718407682947309,1404.6192935229212,-1.0,1406.759569283482,0.11397943374229155,0.0,-1.0,-1.0,0.3786221617682468
