target_id,prot_ps,prot_acf,prot_cs,e_prot_ps,E_prot_ps,e_prot_acf,E_prot_acf,e_prot_cs,E_prot_cs,sph_ps,sph_acf,sph_cs,h_ps,fa_prob_ps,hacf,gacf,hcs
8582254,73.04845705963868,-1.0,90.77242928051831,3.453330223896643,3.809955531751399,-1.0,-1.0,5.030433589861419,5.030433589861419,440.78076743924544,-1.0,442.87768725508386,0.09740605503999665,0.0,-1.0,-1.0,0.6159964463575288
