target_id,prot_ps,prot_acf,prot_cs,e_prot_ps,E_prot_ps,e_prot_acf,E_prot_acf,e_prot_cs,E_prot_cs,sph_ps,sph_acf,sph_cs,h_ps,fa_prob_ps,hacf,gacf,hcs
8500560,72.9353066423293,-1.0,72.48562395431924,10.063784110436075,13.95275678798366,-1.0,-1.0,3.518133314149377,3.518133314149377,893.7875969842895,-1.0,884.2651558148847,0.07879938095698688,0.0,-1.0,-1.0,0.39981312727438373
