target_id,prot_ps,prot_acf,prot_cs,e_prot_ps,E_prot_ps,e_prot_acf,E_prot_acf,e_prot_cs,E_prot_cs,sph_ps,sph_acf,sph_cs,h_ps,fa_prob_ps,hacf,gacf,hcs
8542705,45.99912764413854,-1.0,87.44339939921628,1.4675800873932516,1.5666744585673058,-1.0,-1.0,9.001036400269248,9.001036400269248,137.89748997819675,-1.0,138.895555968904,0.087281796989522,0.0,-1.0,-1.0,0.1745142406597857
