target_id,prot_ps,prot_acf,prot_cs,e_prot_ps,E_prot_ps,e_prot_acf,E_prot_acf,e_prot_cs,E_prot_cs,sph_ps,sph_acf,sph_cs,h_ps,fa_prob_ps,hacf,gacf,hcs
8556367,52.17813096160269,59.76857574423775,53.90512299227137,14.789570233779116,33.70602681159805,-1.0,-1.0,2.6344862200830326,2.6344862200830326,729.3441048716754,744.5501592553873,716.7908726938645,0.0988071961272046,0.0,0.2085049090679257,0.5778358547889693,0.6502768587458676
