target_id,prot_ps,prot_acf,prot_cs,e_prot_ps,E_prot_ps,e_prot_acf,E_prot_acf,e_prot_cs,E_prot_cs,sph_ps,sph_acf,sph_cs,h_ps,fa_prob_ps,hacf,gacf,hcs
8509203,10.332517917190707,10.216872207820415,10.334250362939539,0.330240429548196,0.3525510296059835,-1.0,-1.0,0.08856325934956534,0.08856325934956534,1101.084532238302,1107.8934225672185,1101.084532238302,0.15141602708853108,0.0,0.48558388646296297,0.7177817357577597,0.8585712039478098
