target_id,prot_ps,prot_acf,prot_cs,e_prot_ps,E_prot_ps,e_prot_acf,E_prot_acf,e_prot_cs,E_prot_cs,sph_ps,sph_acf,sph_cs,h_ps,fa_prob_ps,hacf,gacf,hcs
8544049,61.99510991401981,-1.0,75.82445098873227,22.933490694874138,85.71661916628938,-1.0,-1.0,4.563060860132173,4.563060860132173,457.6647821896429,-1.0,462.7292578734203,0.045604027098900386,0.0,-1.0,-1.0,0.016256278443982666
