target_id,prot_ps,prot_acf,prot_cs,e_prot_ps,E_prot_ps,e_prot_acf,E_prot_acf,e_prot_cs,E_prot_cs,sph_ps,sph_acf,sph_cs,h_ps,fa_prob_ps,hacf,gacf,hcs
8543435,61.85991165788342,58.66352618671954,61.807737033391874,7.807417576690831,10.479006150183189,-1.0,-1.0,1.9869337635892421,1.9869337635892421,565.4209280612998,590.3822956877804,565.2740540820453,0.04106635459698058,0.0,0.16237198121115456,0.4806476439750835,0.9121683424446125
