target_id,prot_ps,prot_acf,prot_cs,e_prot_ps,E_prot_ps,e_prot_acf,E_prot_acf,e_prot_cs,E_prot_cs,sph_ps,sph_acf,sph_cs,h_ps,fa_prob_ps,hacf,gacf,hcs
8575213,73.59783871088648,-1.0,73.60239241577216,1.5636630595302563,1.633780017318088,-1.0,-1.0,2.890003435329529,2.890003435329529,121.40532833617962,-1.0,121.40647165997115,0.1469827711935402,0.0,-1.0,-1.0,0.48693391082905035
