target_id,prot_ps,prot_acf,prot_cs,e_prot_ps,E_prot_ps,e_prot_acf,E_prot_acf,e_prot_cs,E_prot_cs,sph_ps,sph_acf,sph_cs,h_ps,fa_prob_ps,hacf,gacf,hcs
8621836,17.392688747406645,36.33107669092715,35.084622428752475,0.17350298721486368,0.17702148494579362,-1.0,-1.0,2.482798272588343,2.482798272588343,3047.216775806376,3087.7953357098313,3057.2584086800043,0.11552689287662667,0.0,0.257081117453572,0.7254087317531598,0.8327034629912184
