target_id,prot_ps,prot_acf,prot_cs,e_prot_ps,E_prot_ps,e_prot_acf,E_prot_acf,e_prot_cs,E_prot_cs,sph_ps,sph_acf,sph_cs,h_ps,fa_prob_ps,hacf,gacf,hcs
8686690,91.31174391555845,-1.0,64.19664196876853,1.10610933938203,1.133371586975997,-1.0,-1.0,3.0267031325274205,3.0267031325274205,914.1594186555967,-1.0,903.9263514370296,0.1149310227795018,0.0,-1.0,-1.0,0.07787544794623763
