target_id,prot_ps,prot_acf,prot_cs,e_prot_ps,E_prot_ps,e_prot_acf,E_prot_acf,e_prot_cs,E_prot_cs,sph_ps,sph_acf,sph_cs,h_ps,fa_prob_ps,hacf,gacf,hcs
8673011,91.31160336644601,-1.0,92.02660265059662,1.005116416198092,1.0276042057358552,-1.0,-1.0,4.3832911293282,4.3832911293282,679.9925777012322,-1.0,679.2168406168531,0.06106464063119289,0.0,-1.0,-1.0,0.6888791571187763
