target_id,prot_ps,prot_acf,prot_cs,e_prot_ps,E_prot_ps,e_prot_acf,E_prot_acf,e_prot_cs,E_prot_cs,sph_ps,sph_acf,sph_cs,h_ps,fa_prob_ps,hacf,gacf,hcs
8652095,73.04845356739202,-1.0,73.80171850193291,23.365787321430773,66.02953475287417,-1.0,-1.0,3.602977244118733,3.602977244118733,809.1687026141294,-1.0,810.2160576485942,0.15706222205956882,0.0,-1.0,-1.0,0.40917903076009204
