target_id,prot_ps,prot_acf,prot_cs,e_prot_ps,E_prot_ps,e_prot_acf,E_prot_acf,e_prot_cs,E_prot_cs,sph_ps,sph_acf,sph_cs,h_ps,fa_prob_ps,hacf,gacf,hcs
8686941,54.110597374708206,-1.0,90.38470610048623,22.05826525181397,114.38038844571375,-1.0,-1.0,12.943852420126257,12.943852420126257,904.602407712728,-1.0,905.7344332719346,0.06619928539142454,0.0,-1.0,-1.0,0.12492187733602506
