target_id,prot_ps,prot_acf,prot_cs,e_prot_ps,E_prot_ps,e_prot_acf,E_prot_acf,e_prot_cs,E_prot_cs,sph_ps,sph_acf,sph_cs,h_ps,fa_prob_ps,hacf,gacf,hcs
8638728,0.4895099143493601,0.8990860246121883,50.76494672854206,0.038086192218074466,0.045021980893202584,-1.0,-1.0,1.8382294959830519,1.8382294959830519,209.16807476462876,211.73666307975185,230.7199439667166,0.13429901808244318,0.0,0.8050519134707013,0.05326154869174038,0.03318929375502672
