target_id,prot_ps,prot_acf,prot_cs,e_prot_ps,E_prot_ps,e_prot_acf,E_prot_acf,e_prot_cs,E_prot_cs,sph_ps,sph_acf,sph_cs,h_ps,fa_prob_ps,hacf,gacf,hcs
8631645,15.498772116269244,15.815714213065803,15.557787511021884,1.2307825359060818,1.4604101199244184,-1.0,-1.0,0.20320702722736664,0.20320702722736664,1921.1948295678458,1936.186226647985,1922.22401961078,0.10546506446861341,0.0,0.22024641228960049,0.457444387689618,0.9614635191801842
