target_id,prot_ps,prot_acf,prot_cs,e_prot_ps,E_prot_ps,e_prot_acf,E_prot_acf,e_prot_cs,E_prot_cs,sph_ps,sph_acf,sph_cs,h_ps,fa_prob_ps,hacf,gacf,hcs
8620814,61.856279520720825,-1.0,62.00377278238168,0.6125341247435614,0.6249095330510173,-1.0,-1.0,1.752772344589706,1.752772344589706,1099.6567439765768,-1.0,1099.180103749056,0.09019549681208891,0.0,-1.0,-1.0,0.13931445823279853
