target_id,prot_ps,prot_acf,prot_cs,e_prot_ps,E_prot_ps,e_prot_acf,E_prot_acf,e_prot_cs,E_prot_cs,sph_ps,sph_acf,sph_cs,h_ps,fa_prob_ps,hacf,gacf,hcs
8630445,63.52039120320826,66.47090999223292,64.40990141472574,24.470685540910885,103.15521413030139,-1.0,-1.0,2.1382423018383636,2.1382423018383636,466.8242302693737,469.34181458875923,467.42639915806865,0.035968692126839105,0.0,0.019516419459756865,0.33160108599336524,0.7045901573860043
