target_id,prot_ps,prot_acf,prot_cs,e_prot_ps,E_prot_ps,e_prot_acf,E_prot_acf,e_prot_cs,E_prot_cs,sph_ps,sph_acf,sph_cs,h_ps,fa_prob_ps,hacf,gacf,hcs
8629307,12.074279947555546,12.015018168836832,12.073287504882451,0.15250472071085852,0.15646515053257026,-1.0,-1.0,0.07814425685242718,0.07814425685242718,3708.5898775889923,3699.610010050214,3708.5898775889923,0.33463967040814796,0.0,0.3602174211955558,0.7318612182252425,0.5734161078329496
