target_id,prot_ps,prot_acf,prot_cs,e_prot_ps,E_prot_ps,e_prot_acf,E_prot_acf,e_prot_cs,E_prot_cs,sph_ps,sph_acf,sph_cs,h_ps,fa_prob_ps,hacf,gacf,hcs
8655337,73.59783481631312,-1.0,73.87225395698128,9.015812839590978,11.924198668866282,-1.0,-1.0,2.9397412092527873,2.9397412092527873,552.9707829571374,-1.0,552.886848968953,0.11822997012418651,0.0,-1.0,-1.0,0.49296827902402346
