target_id,prot_ps,prot_acf,prot_cs,e_prot_ps,E_prot_ps,e_prot_acf,E_prot_acf,e_prot_cs,E_prot_cs,sph_ps,sph_acf,sph_cs,h_ps,fa_prob_ps,hacf,gacf,hcs
8677240,23.950629586692468,23.31486518587917,23.6885977750551,1.8711736603856082,2.221808584989965,-1.0,-1.0,0.7293807340445525,0.7293807340445525,4405.0487786692765,4231.724495574011,4445.6407284358,0.0926934996907808,0.0,0.2513428864246106,0.7228509839959623,0.9662005670556462
