target_id,prot_ps,prot_acf,prot_cs,e_prot_ps,E_prot_ps,e_prot_acf,E_prot_acf,e_prot_cs,E_prot_cs,sph_ps,sph_acf,sph_cs,h_ps,fa_prob_ps,hacf,gacf,hcs
8625369,73.04941650387218,-1.0,91.32566570750679,25.439755789038024,81.94293821882653,-1.0,-1.0,4.237706344852389,4.237706344852389,860.383411361673,-1.0,860.2293401812212,0.10521773508511402,0.0,-1.0,-1.0,0.3030585473621168
