target_id,prot_ps,prot_acf,prot_cs,e_prot_ps,E_prot_ps,e_prot_acf,E_prot_acf,e_prot_cs,E_prot_cs,sph_ps,sph_acf,sph_cs,h_ps,fa_prob_ps,hacf,gacf,hcs
8686086,7.434116793960405,7.417453617788851,7.401830564311216,0.184905040237898,0.19460658511736284,-1.0,-1.0,0.3291126474573015,0.3291126474573015,4818.364554233873,4806.862769487283,4800.734834164461,0.09167687842216472,0.0,0.6378862943134235,0.9692638761270507,0.6072724007411454
