target_id,prot_ps,prot_acf,prot_cs,e_prot_ps,E_prot_ps,e_prot_acf,E_prot_acf,e_prot_cs,E_prot_cs,sph_ps,sph_acf,sph_cs,h_ps,fa_prob_ps,hacf,gacf,hcs
8676967,91.3107457867394,-1.0,91.61481140502451,1.2848014810022335,1.3223592809851397,-1.0,-1.0,5.732797142829423,5.732797142829423,496.021703030198,-1.0,495.57804925322336,0.0347852308845875,0.0,-1.0,-1.0,0.2655132845511829
