target_id,prot_ps,prot_acf,prot_cs,e_prot_ps,E_prot_ps,e_prot_acf,E_prot_acf,e_prot_cs,E_prot_cs,sph_ps,sph_acf,sph_cs,h_ps,fa_prob_ps,hacf,gacf,hcs
8781470,61.33176211569763,64.46870604297146,61.50725988062344,20.101529918294126,57.260579940600785,-1.0,-1.0,1.751293238652385,1.751293238652385,226.71114801795588,226.36214332161535,226.7710819212055,0.0979610097474796,0.0,0.1541990446503083,0.44604141492024163,0.929900105555875
