target_id,prot_ps,prot_acf,prot_cs,e_prot_ps,E_prot_ps,e_prot_acf,E_prot_acf,e_prot_cs,E_prot_cs,sph_ps,sph_acf,sph_cs,h_ps,fa_prob_ps,hacf,gacf,hcs
8701922,3.7557529594397607,3.8006690992042422,3.8386757901962842,0.12878675769443593,0.13816768713812388,-1.0,-1.0,0.35032788448183527,0.35032788448183527,2275.535999116216,2282.4091467202365,2281.684176249568,0.05742899268877649,0.0,0.6765085495255744,0.999088146636328,0.08220258391859417
