target_id,prot_ps,prot_acf,prot_cs,e_prot_ps,E_prot_ps,e_prot_acf,E_prot_acf,e_prot_cs,E_prot_cs,sph_ps,sph_acf,sph_cs,h_ps,fa_prob_ps,hacf,gacf,hcs
8758345,72.93523606144707,-1.0,89.39601483822543,14.145297118407228,22.963429694422672,-1.0,-1.0,12.435292555882484,12.435292555882484,873.2040346057869,-1.0,892.3642674286801,0.04405649648652861,0.0,-1.0,-1.0,0.5448025410956084
