target_id,prot_ps,prot_acf,prot_cs,e_prot_ps,E_prot_ps,e_prot_acf,E_prot_acf,e_prot_cs,E_prot_cs,sph_ps,sph_acf,sph_cs,h_ps,fa_prob_ps,hacf,gacf,hcs
8741009,12.928966276201368,13.118467502295971,12.907012178021999,0.8253421720704353,0.9447561456102811,-1.0,-1.0,0.282217660876005,0.282217660876005,2590.727031506339,2628.09702922068,2595.355571895519,0.12750695245028287,0.0,0.3724625896986829,0.7755288177858295,0.8704442535812803
