target_id,prot_ps,prot_acf,prot_cs,e_prot_ps,E_prot_ps,e_prot_acf,E_prot_acf,e_prot_cs,E_prot_cs,sph_ps,sph_acf,sph_cs,h_ps,fa_prob_ps,hacf,gacf,hcs
8718946,73.5980715493861,-1.0,91.54824443342444,0.7285239758749213,0.7432398911461036,-1.0,-1.0,5.477312929214587,5.477312929214587,259.0540128331463,-1.0,262.77060745453167,0.0463947394492057,0.0,-1.0,-1.0,0.1879195422640479
