target_id,prot_ps,prot_acf,prot_cs,e_prot_ps,E_prot_ps,e_prot_acf,E_prot_acf,e_prot_cs,E_prot_cs,sph_ps,sph_acf,sph_cs,h_ps,fa_prob_ps,hacf,gacf,hcs
8703914,44.60472183959684,60.85175465978682,55.103736330103125,0.44196707245894373,0.4508991491232095,-1.0,-1.0,6.15498551495225,6.15498551495225,568.3268580525449,590.8277353655114,602.3696462601575,0.04297078881311032,0.0,0.2519419448063625,0.5584173253494046,0.60683331539401
