target_id,prot_ps,prot_acf,prot_cs,e_prot_ps,E_prot_ps,e_prot_acf,E_prot_acf,e_prot_cs,E_prot_cs,sph_ps,sph_acf,sph_cs,h_ps,fa_prob_ps,hacf,gacf,hcs
8759094,23.564301933027117,22.517924253828824,23.307070975432936,2.534388648708667,3.237822040854521,-1.0,-1.0,0.5174997948955482,0.5174997948955482,3702.992296137343,3666.1299273523905,3640.0288492846903,0.15799726844650303,0.0,0.5191740317941049,1.098677058086647,0.9669158700417388
