target_id,prot_ps,prot_acf,prot_cs,e_prot_ps,E_prot_ps,e_prot_acf,E_prot_acf,e_prot_cs,E_prot_cs,sph_ps,sph_acf,sph_cs,h_ps,fa_prob_ps,hacf,gacf,hcs
8760104,10.876334653309213,10.605113351717591,10.916425585234727,0.3948283292749455,0.42565002724114365,-1.0,-1.0,0.20010849813528594,0.20010849813528594,3224.445507908538,3222.1444362063803,3227.844362659103,0.1189679758070792,0.0,0.37171137370018453,0.5859431891456011,0.7497315561310979
