target_id,prot_ps,prot_acf,prot_cs,e_prot_ps,E_prot_ps,e_prot_acf,E_prot_acf,e_prot_cs,E_prot_cs,sph_ps,sph_acf,sph_cs,h_ps,fa_prob_ps,hacf,gacf,hcs
8827587,73.04931221184702,-1.0,73.80155367996542,18.85132572709042,39.379204514162396,-1.0,-1.0,11.009563397080955,11.009563397080955,658.381824148946,-1.0,656.9219616320162,0.04425601241678361,0.0,-1.0,-1.0,0.3212954877941098
