target_id,prot_ps,prot_acf,prot_cs,e_prot_ps,E_prot_ps,e_prot_acf,E_prot_acf,e_prot_cs,E_prot_cs,sph_ps,sph_acf,sph_cs,h_ps,fa_prob_ps,hacf,gacf,hcs
8888595,73.04932156878267,-1.0,73.40989521180163,1.061061528135511,1.0925292709152927,-1.0,-1.0,3.002216120950235,3.002216120950235,801.8606619993325,-1.0,801.8555081181136,0.10371444730152975,0.0,-1.0,-1.0,0.13015384867271265
