target_id,prot_ps,prot_acf,prot_cs,e_prot_ps,E_prot_ps,e_prot_acf,E_prot_acf,e_prot_cs,E_prot_cs,sph_ps,sph_acf,sph_cs,h_ps,fa_prob_ps,hacf,gacf,hcs
8866936,91.31154928932592,-1.0,92.21057570327612,0.9043992878686282,0.9226733092515502,-1.0,-1.0,4.0026311883101915,4.0026311883101915,396.6656329415253,-1.0,395.7562676256085,0.09256766915227897,0.0,-1.0,-1.0,0.3589468884121776
