target_id,prot_ps,prot_acf,prot_cs,e_prot_ps,E_prot_ps,e_prot_acf,E_prot_acf,e_prot_cs,E_prot_cs,sph_ps,sph_acf,sph_cs,h_ps,fa_prob_ps,hacf,gacf,hcs
8803045,91.31155748453104,-1.0,91.62224091858933,0.9041195560862434,0.9223850562880216,-1.0,-1.0,3.7767781623141934,3.7767781623141934,1142.6219521012424,-1.0,1141.4638215638024,0.08456738586438615,0.0,-1.0,-1.0,0.5134088743680062
