target_id,prot_ps,prot_acf,prot_cs,e_prot_ps,E_prot_ps,e_prot_acf,E_prot_acf,e_prot_cs,E_prot_cs,sph_ps,sph_acf,sph_cs,h_ps,fa_prob_ps,hacf,gacf,hcs
8890417,33.204287062768984,-1.0,93.92377355726347,0.3266420479206147,0.33321931375373737,-1.0,-1.0,5.05924438838982,5.05924438838982,499.8671885306469,-1.0,503.97476197264615,0.04502294360974225,0.0,-1.0,-1.0,0.03729358033338327
