target_id,prot_ps,prot_acf,prot_cs,e_prot_ps,E_prot_ps,e_prot_acf,E_prot_acf,e_prot_cs,E_prot_cs,sph_ps,sph_acf,sph_cs,h_ps,fa_prob_ps,hacf,gacf,hcs
8894479,4.794702179787745,5.006254946347326,4.849937189859337,0.2795170675741083,0.31599138067423027,-1.0,-1.0,0.4184750364135466,0.4184750364135466,1166.1284521383309,1167.5091275367122,1167.5596771173482,0.03109107046725294,0.0,0.5772207452873559,0.6604678629543639,0.5847621063217417
