target_id,prot_ps,prot_acf,prot_cs,e_prot_ps,E_prot_ps,e_prot_acf,E_prot_acf,e_prot_cs,E_prot_cs,sph_ps,sph_acf,sph_cs,h_ps,fa_prob_ps,hacf,gacf,hcs
8805437,44.271824153828334,-1.0,85.0241916883411,18.600308383092365,110.63360950543759,-1.0,-1.0,6.114406039343338,6.114406039343338,318.23685356778776,-1.0,312.8286830437991,0.029593382005365824,0.0,-1.0,-1.0,0.20548989701204953
