target_id,prot_ps,prot_acf,prot_cs,e_prot_ps,E_prot_ps,e_prot_acf,E_prot_acf,e_prot_cs,E_prot_cs,sph_ps,sph_acf,sph_cs,h_ps,fa_prob_ps,hacf,gacf,hcs
8815478,73.04930833599686,-1.0,73.11483574063361,26.775978238104464,103.15283142897192,-1.0,-1.0,2.4993353537564884,2.4993353537564884,784.667303737919,-1.0,784.7911790545462,0.10872958227986018,0.0,-1.0,-1.0,0.22261653576707077
