target_id,prot_ps,prot_acf,prot_cs,e_prot_ps,E_prot_ps,e_prot_acf,E_prot_acf,e_prot_cs,E_prot_cs,sph_ps,sph_acf,sph_cs,h_ps,fa_prob_ps,hacf,gacf,hcs
8867584,91.99833842195196,-1.0,92.50916184550407,1.292493269147684,1.329586106796853,-1.0,-1.0,4.0756924030032256,4.0756924030032256,164.84670673516277,-1.0,164.86270929314898,0.16850839991828406,0.0,-1.0,-1.0,0.7674255661732955
