target_id,prot_ps,prot_acf,prot_cs,e_prot_ps,E_prot_ps,e_prot_acf,E_prot_acf,e_prot_cs,E_prot_cs,sph_ps,sph_acf,sph_cs,h_ps,fa_prob_ps,hacf,gacf,hcs
8867609,7.19697113733124,7.008747501298785,7.154927754521073,0.4190120865330771,0.4748580756219489,-1.0,-1.0,0.15547295100149627,0.15547295100149627,9744.30753777735,9720.163655040165,9721.977304905415,0.1096324518308543,0.0,0.6553415374722655,1.1456388909669517,0.5502777291714384
