target_id,prot_ps,prot_acf,prot_cs,e_prot_ps,E_prot_ps,e_prot_acf,E_prot_acf,e_prot_cs,E_prot_cs,sph_ps,sph_acf,sph_cs,h_ps,fa_prob_ps,hacf,gacf,hcs
8803050,91.3116306700953,-1.0,91.29374100215743,0.9030485707572495,0.9212814548367447,-1.0,-1.0,4.3315093813582095,4.3315093813582095,272.41365793405964,-1.0,272.3135753836647,0.036500109429923516,0.0,-1.0,-1.0,0.5081339433823342
