target_id,prot_ps,prot_acf,prot_cs,e_prot_ps,E_prot_ps,e_prot_acf,E_prot_acf,e_prot_cs,E_prot_cs,sph_ps,sph_acf,sph_cs,h_ps,fa_prob_ps,hacf,gacf,hcs
8814123,10.075768489367888,10.319010359235108,52.047693840860184,0.5056490278520442,0.5614365209897176,-1.0,-1.0,1.3211059888317995,1.3211059888317995,1500.1183365593226,1497.2001967990047,1545.5152455705138,0.043843900530300545,0.0,0.22408319488619263,0.3597596274351261,0.6535766171270319
