target_id,prot_ps,prot_acf,prot_cs,e_prot_ps,E_prot_ps,e_prot_acf,E_prot_acf,e_prot_cs,E_prot_cs,sph_ps,sph_acf,sph_cs,h_ps,fa_prob_ps,hacf,gacf,hcs
8819602,91.31186789521546,-1.0,92.01072873670606,1.3323129791479573,1.3719892850255775,-1.0,-1.0,4.840658542025103,4.840658542025103,641.9735175828956,-1.0,640.8671123973344,0.08168125551883995,0.0,-1.0,-1.0,0.2880676381658629
