target_id,prot_ps,prot_acf,prot_cs,e_prot_ps,E_prot_ps,e_prot_acf,E_prot_acf,e_prot_cs,E_prot_cs,sph_ps,sph_acf,sph_cs,h_ps,fa_prob_ps,hacf,gacf,hcs
8871919,52.17753690954317,47.75368355261162,46.105496939281,13.085398933231225,26.520219925407744,-1.0,-1.0,6.46665981226411,6.46665981226411,1088.6563059171035,1068.4293583275967,1031.3619701106202,0.07604262550866026,0.0,0.2821544306171324,0.7259388489215405,0.7847501203559238
