target_id,prot_ps,prot_acf,prot_cs,e_prot_ps,E_prot_ps,e_prot_acf,E_prot_acf,e_prot_cs,E_prot_cs,sph_ps,sph_acf,sph_cs,h_ps,fa_prob_ps,hacf,gacf,hcs
8846848,73.04850588244771,-1.0,73.80177063949405,3.5498955066783964,3.9278353674279174,-1.0,-1.0,4.990002037956962,4.990002037956962,735.4908944657377,-1.0,735.5853544703971,0.1304347394583785,0.0,-1.0,-1.0,0.4920900643359213
