target_id,prot_ps,prot_acf,prot_cs,e_prot_ps,E_prot_ps,e_prot_acf,E_prot_acf,e_prot_cs,E_prot_cs,sph_ps,sph_acf,sph_cs,h_ps,fa_prob_ps,hacf,gacf,hcs
8889270,73.59775759450703,-1.0,73.38078724018375,22.131592163332044,56.37681218029428,-1.0,-1.0,2.6669270068201985,2.6669270068201985,418.18270855072865,-1.0,418.501610491618,0.13208254326573093,0.0,-1.0,-1.0,0.42318018827011494
