target_id,prot_ps,prot_acf,prot_cs,e_prot_ps,E_prot_ps,e_prot_acf,E_prot_acf,e_prot_cs,E_prot_cs,sph_ps,sph_acf,sph_cs,h_ps,fa_prob_ps,hacf,gacf,hcs
8889293,72.93538596119956,-1.0,73.69855841073672,3.5803493772123858,3.966100993045046,-1.0,-1.0,4.3555602476608035,4.3555602476608035,758.0221978376131,-1.0,757.3689989053327,0.047841986434996764,0.0,-1.0,-1.0,0.39685514884254663
