target_id,prot_ps,prot_acf,prot_cs,e_prot_ps,E_prot_ps,e_prot_acf,E_prot_acf,e_prot_cs,E_prot_cs,sph_ps,sph_acf,sph_cs,h_ps,fa_prob_ps,hacf,gacf,hcs
8938937,85.94049439642457,-1.0,99.00255978746372,23.90924622970519,53.23218897860801,-1.0,-1.0,15.117864822391967,15.117864822391967,1073.1558419831301,-1.0,1053.5278542737924,0.018099546571715464,9.224750224516024e-279,-1.0,-1.0,0.2695027720690712
