target_id,prot_ps,prot_acf,prot_cs,e_prot_ps,E_prot_ps,e_prot_acf,E_prot_acf,e_prot_cs,E_prot_cs,sph_ps,sph_acf,sph_cs,h_ps,fa_prob_ps,hacf,gacf,hcs
8914009,73.59786184960471,92.58532126620412,74.4003054505214,2.7078822345045808,2.9206518224984137,-1.0,-1.0,4.3047719416564005,4.3047719416564005,396.08977800182504,398.7559442465361,396.1748910350907,0.15374274347086808,0.0,1.0,0.9229099636780487,0.7176349982880567
