target_id,prot_ps,prot_acf,prot_cs,e_prot_ps,E_prot_ps,e_prot_acf,E_prot_acf,e_prot_cs,E_prot_cs,sph_ps,sph_acf,sph_cs,h_ps,fa_prob_ps,hacf,gacf,hcs
8977910,10.664151093291311,10.707266945391893,10.802488059829923,0.10748433126502732,0.10967546501011327,-1.0,-1.0,0.2206521591367607,0.2206521591367607,8087.084548400092,8039.350453278223,8020.656027431285,0.2765929467856683,0.0,0.5836035495901531,1.052873216590968,0.6047522166714194
