target_id,prot_ps,prot_acf,prot_cs,e_prot_ps,E_prot_ps,e_prot_acf,E_prot_acf,e_prot_cs,E_prot_cs,sph_ps,sph_acf,sph_cs,h_ps,fa_prob_ps,hacf,gacf,hcs
8938922,13.381579104636321,13.404526866972446,13.383277659826112,0.7850748174137241,0.8882577526486184,-1.0,-1.0,0.11911238708384818,0.11911238708384818,1400.6494064545295,1401.5965105817977,1400.6494064545295,0.13709366915511717,0.0,0.2101685466609957,0.5630165605208661,0.8633090340158605
