target_id,prot_ps,prot_acf,prot_cs,e_prot_ps,E_prot_ps,e_prot_acf,E_prot_acf,e_prot_cs,E_prot_cs,sph_ps,sph_acf,sph_cs,h_ps,fa_prob_ps,hacf,gacf,hcs
8939718,60.87445387398202,-1.0,61.460046708704894,13.600150757854934,24.38867497308007,-1.0,-1.0,6.463275565544502,6.463275565544502,474.62996110910126,-1.0,474.3746530033617,0.03192380863268093,0.0,-1.0,-1.0,0.18215653720398228
