target_id,prot_ps,prot_acf,prot_cs,e_prot_ps,E_prot_ps,e_prot_acf,E_prot_acf,e_prot_cs,E_prot_cs,sph_ps,sph_acf,sph_cs,h_ps,fa_prob_ps,hacf,gacf,hcs
8943453,93.24255925102618,14.507342260330915,14.919920972823745,0.9241051757267371,0.9427833206886618,-1.0,-1.0,1.47970381626104,1.47970381626104,947.2590178724819,626.6450717975414,592.7262268218768,0.044479055560508095,0.0,0.4222492975716672,0.49894400955800067,0.6555941832831085
