target_id,prot_ps,prot_acf,prot_cs,e_prot_ps,E_prot_ps,e_prot_acf,E_prot_acf,e_prot_cs,E_prot_cs,sph_ps,sph_acf,sph_cs,h_ps,fa_prob_ps,hacf,gacf,hcs
9025803,93.53685325932607,-1.0,87.61346375954804,8.661066377429862,10.605455424391693,-1.0,-1.0,21.27449393248262,21.27449393248262,339.2866887651107,-1.0,339.2866887651107,0.44795472040581746,0.0,-1.0,-1.0,0.17772529569934864
