target_id,prot_ps,prot_acf,prot_cs,e_prot_ps,E_prot_ps,e_prot_acf,E_prot_acf,e_prot_cs,E_prot_cs,sph_ps,sph_acf,sph_cs,h_ps,fa_prob_ps,hacf,gacf,hcs
9039904,73.59781996105156,-1.0,74.31771076013798,3.134035980473996,3.422613195937757,-1.0,-1.0,3.9127693701204054,3.9127693701204054,383.635658981532,-1.0,382.9409882621777,0.21841635838124934,0.0,-1.0,-1.0,0.42681311984456227
