target_id,prot_ps,prot_acf,prot_cs,e_prot_ps,E_prot_ps,e_prot_acf,E_prot_acf,e_prot_cs,E_prot_cs,sph_ps,sph_acf,sph_cs,h_ps,fa_prob_ps,hacf,gacf,hcs
9075103,37.742938697770896,45.54673534166068,46.97259949246422,12.54306194529915,36.676781815235756,-1.0,-1.0,6.5751703867623545,6.5751703867623545,188.46501954124054,185.8581787814901,192.36073908503235,0.06322156800855855,0.0,0.17200380037212415,0.5031106949412185,0.5846052446824958
