target_id,prot_ps,prot_acf,prot_cs,e_prot_ps,E_prot_ps,e_prot_acf,E_prot_acf,e_prot_cs,E_prot_cs,sph_ps,sph_acf,sph_cs,h_ps,fa_prob_ps,hacf,gacf,hcs
9071421,29.21969398470678,28.831894444767386,29.12891540558075,0.9379747319138723,1.002947972921831,-1.0,-1.0,0.5252954916489173,0.5252954916489173,1423.8889380391242,1430.7082058495475,1424.8223543489094,0.24817179149841734,0.0,0.4367932466811969,1.047850959201154,0.9938408944177061
