target_id,prot_ps,prot_acf,prot_cs,e_prot_ps,E_prot_ps,e_prot_acf,E_prot_acf,e_prot_cs,E_prot_cs,sph_ps,sph_acf,sph_cs,h_ps,fa_prob_ps,hacf,gacf,hcs
9016493,56.19166459563659,63.46855525486171,56.034380265574214,19.185682283759085,59.22185311689971,-1.0,-1.0,1.8128974535292814,1.8128974535292814,271.4783024727875,247.44615823051495,272.04786049633674,0.051701362102916565,0.0,0.11625477487198951,0.3980195232514412,0.6131402293582571
