target_id,prot_ps,prot_acf,prot_cs,e_prot_ps,E_prot_ps,e_prot_acf,E_prot_acf,e_prot_cs,E_prot_cs,sph_ps,sph_acf,sph_cs,h_ps,fa_prob_ps,hacf,gacf,hcs
9087548,52.177582594605745,67.86055799201131,72.34045824319125,19.07502658463548,69.07396112593274,-1.0,-1.0,10.079909640333398,10.079909640333398,294.20595885564165,304.22276363866285,298.9146718457528,0.06628521313772834,0.0,0.22035603802306294,0.5471859206042744,0.7728603461589434
