target_id,prot_ps,prot_acf,prot_cs,e_prot_ps,E_prot_ps,e_prot_acf,E_prot_acf,e_prot_cs,E_prot_cs,sph_ps,sph_acf,sph_cs,h_ps,fa_prob_ps,hacf,gacf,hcs
9092559,19.83735455738697,19.820894240401685,20.019103182805697,1.4257708672936538,1.6623355217376066,-1.0,-1.0,2.0786535431932727,2.0786535431932727,601.9955835711756,602.1833349811412,601.4106543972107,0.4298627936637059,0.0,0.41359308321473487,0.5973624680181394,0.9943562292169003
