target_id,prot_ps,prot_acf,prot_cs,e_prot_ps,E_prot_ps,e_prot_acf,E_prot_acf,e_prot_cs,E_prot_cs,sph_ps,sph_acf,sph_cs,h_ps,fa_prob_ps,hacf,gacf,hcs
9004915,47.12858720372832,61.26017589494586,61.46001729596406,17.40030258796845,64.6933140629296,-1.0,-1.0,7.6884291305993,7.6884291305993,257.4545959948851,256.38997069478097,256.39588024643933,0.044454900114050434,0.0,0.10518145352466765,0.3637676058433108,0.6156640180554576
