target_id,prot_ps,prot_acf,prot_cs,e_prot_ps,E_prot_ps,e_prot_acf,E_prot_acf,e_prot_cs,E_prot_cs,sph_ps,sph_acf,sph_cs,h_ps,fa_prob_ps,hacf,gacf,hcs
9088259,73.04927668622004,71.76305362954736,73.39341168336009,25.815934124224974,90.2266502289355,-1.0,-1.0,4.032886877147189,4.032886877147189,915.4587869432717,913.8817645126911,915.3489220391436,0.08201395674999723,0.0,0.21745547946456587,0.46994238758735035,0.9927529562527037
