target_id,prot_ps,prot_acf,prot_cs,e_prot_ps,E_prot_ps,e_prot_acf,E_prot_acf,e_prot_cs,E_prot_cs,sph_ps,sph_acf,sph_cs,h_ps,fa_prob_ps,hacf,gacf,hcs
9092571,73.04941095506356,-1.0,73.80165459137409,16.59099704799562,30.654970608475708,-1.0,-1.0,4.437630304891358,4.437630304891358,460.40501030755934,-1.0,460.22477206303466,0.06009928957977306,0.0,-1.0,-1.0,0.4476348381315544
