target_id,prot_ps,prot_acf,prot_cs,e_prot_ps,E_prot_ps,e_prot_acf,E_prot_acf,e_prot_cs,E_prot_cs,sph_ps,sph_acf,sph_cs,h_ps,fa_prob_ps,hacf,gacf,hcs
9021394,85.94834077406789,20.515477523207664,21.731898217387496,7.958283660498296,9.74486590212112,-1.0,-1.0,5.775604556276476,5.775604556276476,345.9227511656871,345.9227511656871,345.9227511656871,0.15933021224854857,5.922471374872735e-155,0.39996294576794705,0.328996140814747,0.6810606456295984
