target_id,prot_ps,prot_acf,prot_cs,e_prot_ps,E_prot_ps,e_prot_acf,E_prot_acf,e_prot_cs,E_prot_cs,sph_ps,sph_acf,sph_cs,h_ps,fa_prob_ps,hacf,gacf,hcs
9041967,73.04845593057422,16.020042844116688,76.10296832623892,4.946065943140226,5.71181849035456,-1.0,-1.0,4.8368674143900385,4.8368674143900385,802.5755614473943,795.419904148952,802.5660951518644,0.0486938289002074,0.0,0.012918219781864214,0.1934652768357535,9.376376928721873
