target_id,prot_ps,prot_acf,prot_cs,e_prot_ps,E_prot_ps,e_prot_acf,E_prot_acf,e_prot_cs,E_prot_cs,sph_ps,sph_acf,sph_cs,h_ps,fa_prob_ps,hacf,gacf,hcs
9026586,73.0493388372453,68.96370038157329,72.34016315225513,28.180977620653472,127.67501294479709,-1.0,-1.0,6.029578819683503,6.029578819683503,490.7991878503111,487.68902128587257,488.79194603252483,0.028514661504990154,0.0,0.053699074992589295,0.3216266909768275,0.8855868718501677
