target_id,prot_ps,prot_acf,prot_cs,e_prot_ps,E_prot_ps,e_prot_acf,E_prot_acf,e_prot_cs,E_prot_cs,sph_ps,sph_acf,sph_cs,h_ps,fa_prob_ps,hacf,gacf,hcs
9099455,61.99492856307813,-1.0,62.06688246584831,16.21337899518366,33.62546967366094,-1.0,-1.0,1.994557797900317,1.994557797900317,1144.1695097518007,-1.0,1144.3057318383603,0.1870825389060959,0.0,-1.0,-1.0,0.1642318515427473
