target_id,prot_ps,prot_acf,prot_cs,e_prot_ps,E_prot_ps,e_prot_acf,E_prot_acf,e_prot_cs,E_prot_cs,sph_ps,sph_acf,sph_cs,h_ps,fa_prob_ps,hacf,gacf,hcs
9017696,54.51689638899171,61.36261558625847,55.008141384382995,1.5460935471379287,1.6400468994822006,-1.0,-1.0,2.436716899507501,2.436716899507501,214.10480119288573,212.887161536136,213.96221794226275,0.07807587151942329,0.0,0.18308175805416005,0.5789644133533336,0.5622886869095601
