target_id,prot_ps,prot_acf,prot_cs,e_prot_ps,E_prot_ps,e_prot_acf,E_prot_acf,e_prot_cs,E_prot_cs,sph_ps,sph_acf,sph_cs,h_ps,fa_prob_ps,hacf,gacf,hcs
9173741,20.577296927226865,-1.0,73.80164786394684,0.3210825370171122,0.3313605210085626,-1.0,-1.0,4.153700705629228,4.153700705629228,1418.7190335161906,-1.0,1448.6950211324365,0.17248654916358228,0.0,-1.0,-1.0,0.35768322299185856
