target_id,prot_ps,prot_acf,prot_cs,e_prot_ps,E_prot_ps,e_prot_acf,E_prot_acf,e_prot_cs,E_prot_cs,sph_ps,sph_acf,sph_cs,h_ps,fa_prob_ps,hacf,gacf,hcs
9160324,73.0485033064964,-1.0,91.69244870534878,1.196730015401954,1.2376888615588086,-1.0,-1.0,4.127428763676475,4.127428763676475,430.98451830261206,-1.0,430.97109861031043,0.030086051303103836,0.0,-1.0,-1.0,0.6308703762183433
