target_id,prot_ps,prot_acf,prot_cs,e_prot_ps,E_prot_ps,e_prot_acf,E_prot_acf,e_prot_cs,E_prot_cs,sph_ps,sph_acf,sph_cs,h_ps,fa_prob_ps,hacf,gacf,hcs
9151799,26.56343456767326,25.133430026471615,26.257691262289885,8.75300220427448,25.18386656322799,-1.0,-1.0,2.3255547962959655,2.3255547962959655,2638.566791241167,2631.508713588541,2639.9727988555082,0.054371046436556214,0.0,0.12363829686366042,0.47377130705757814,0.8352834643236079
