target_id,prot_ps,prot_acf,prot_cs,e_prot_ps,E_prot_ps,e_prot_acf,E_prot_acf,e_prot_cs,E_prot_cs,sph_ps,sph_acf,sph_cs,h_ps,fa_prob_ps,hacf,gacf,hcs
9156522,73.04912725955788,-1.0,91.84420207548213,3.527741880779274,3.900727959775949,-1.0,-1.0,4.100092005015961,4.100092005015961,965.4106037317515,-1.0,962.5836711758797,0.0616754945866074,0.0,-1.0,-1.0,0.17138248726088046
