target_id,prot_ps,prot_acf,prot_cs,e_prot_ps,E_prot_ps,e_prot_acf,E_prot_acf,e_prot_cs,E_prot_cs,sph_ps,sph_acf,sph_cs,h_ps,fa_prob_ps,hacf,gacf,hcs
9118981,1.4953815326413682,1.593828795477748,1.5065768857765938,0.015104863966074467,0.015413126495994467,-1.0,-1.0,0.07541750692580035,0.07541750692580035,8471.489913749825,8482.629275533334,8472.056509951753,0.16142055621471493,0.0,0.7853158135697239,1.3133467579583566,0.07474689045958918
