target_id,prot_ps,prot_acf,prot_cs,e_prot_ps,E_prot_ps,e_prot_acf,E_prot_acf,e_prot_cs,E_prot_cs,sph_ps,sph_acf,sph_cs,h_ps,fa_prob_ps,hacf,gacf,hcs
9107329,72.93523597282106,91.78830670379102,73.69853153865317,3.6532752581313446,4.0578661700703265,-1.0,-1.0,5.105607373028374,5.105607373028374,1201.6852442962024,1218.1037972562674,1199.2092257894876,0.0898211318067517,0.0,1.0,0.9213580818922023,0.7192493474025958
