target_id,prot_ps,prot_acf,prot_cs,e_prot_ps,E_prot_ps,e_prot_acf,E_prot_acf,e_prot_cs,E_prot_cs,sph_ps,sph_acf,sph_cs,h_ps,fa_prob_ps,hacf,gacf,hcs
9151070,89.48307481807167,21.51580759556964,22.594396136012215,8.285641725216735,10.145731215741733,-1.0,-1.0,3.0404606953795605,3.0404606953795605,4144.434168366278,4144.434168366278,4144.434168366278,0.3670060917681621,0.0,0.25701722639206354,0.37682350836779205,0.8119270419321302
