target_id,prot_ps,prot_acf,prot_cs,e_prot_ps,E_prot_ps,e_prot_acf,E_prot_acf,e_prot_cs,E_prot_cs,sph_ps,sph_acf,sph_cs,h_ps,fa_prob_ps,hacf,gacf,hcs
9158504,73.04939797068147,-1.0,73.80164113651959,3.661570916376462,4.065009637644593,-1.0,-1.0,4.285467290259349,4.285467290259349,835.2680232801742,-1.0,837.838759143816,0.10721435202297666,0.0,-1.0,-1.0,0.482768560350743
