target_id,prot_ps,prot_acf,prot_cs,e_prot_ps,E_prot_ps,e_prot_acf,E_prot_acf,e_prot_cs,E_prot_cs,sph_ps,sph_acf,sph_cs,h_ps,fa_prob_ps,hacf,gacf,hcs
9182213,79.3003305413795,-1.0,73.77636141569803,17.80092617338049,32.56897140130127,-1.0,-1.0,13.399041609335592,13.399041609335592,3635.7707326059763,-1.0,3635.7707326059763,0.1849461463831586,0.0,-1.0,-1.0,0.6435623982713534
