target_id,prot_ps,prot_acf,prot_cs,e_prot_ps,E_prot_ps,e_prot_acf,E_prot_acf,e_prot_cs,E_prot_cs,sph_ps,sph_acf,sph_cs,h_ps,fa_prob_ps,hacf,gacf,hcs
9142334,21.173483597028728,21.414566099643707,21.44296900696949,2.5469328794023625,3.343185435589909,-1.0,-1.0,1.2124286053926054,1.2124286053926054,1053.0064637099508,1051.6341634124435,1050.9114648413183,0.10661888378908635,0.0,0.15054181855807103,0.5921688931791171,0.8800614339013687
