target_id,prot_ps,prot_acf,prot_cs,e_prot_ps,E_prot_ps,e_prot_acf,E_prot_acf,e_prot_cs,E_prot_cs,sph_ps,sph_acf,sph_cs,h_ps,fa_prob_ps,hacf,gacf,hcs
9159416,26.08904143374979,26.134679895360023,26.031112221308636,0.7367611311960012,0.7806921159839746,-1.0,-1.0,0.41845318287728933,0.41845318287728933,2954.303935329836,2952.5218546767173,2957.674459018214,0.2832246311381077,0.0,0.5372650187199061,1.194820216118917,0.916665950585057
