target_id,prot_ps,prot_acf,prot_cs,e_prot_ps,E_prot_ps,e_prot_acf,E_prot_acf,e_prot_cs,E_prot_cs,sph_ps,sph_acf,sph_cs,h_ps,fa_prob_ps,hacf,gacf,hcs
9164429,91.3117291597626,-1.0,92.31394451180006,32.22957988518882,112.29171105080185,-1.0,-1.0,6.190780637331392,6.190780637331392,427.3278245936922,-1.0,426.672757904191,0.05873589844507556,0.0,-1.0,-1.0,0.2569633706198041
