target_id,prot_ps,prot_acf,prot_cs,e_prot_ps,E_prot_ps,e_prot_acf,E_prot_acf,e_prot_cs,E_prot_cs,sph_ps,sph_acf,sph_cs,h_ps,fa_prob_ps,hacf,gacf,hcs
9164664,72.93520207129727,-1.0,96.35908342810812,19.766716628887245,42.65719062908218,-1.0,-1.0,16.729665747585493,16.729665747585493,2932.834633574314,-1.0,2523.925765190049,0.2166366729974746,0.0,-1.0,-1.0,0.3514990643584804
