target_id,prot_ps,prot_acf,prot_cs,e_prot_ps,E_prot_ps,e_prot_acf,E_prot_acf,e_prot_cs,E_prot_cs,sph_ps,sph_acf,sph_cs,h_ps,fa_prob_ps,hacf,gacf,hcs
9143683,91.30940908789574,-1.0,92.21083627503283,2.894806166307845,3.088690891030609,-1.0,-1.0,5.01392984273105,5.01392984273105,834.7860735078151,-1.0,831.7043166662976,0.16025551547594177,0.0,-1.0,-1.0,0.2584798170248354
