target_id,prot_ps,prot_acf,prot_cs,e_prot_ps,E_prot_ps,e_prot_acf,E_prot_acf,e_prot_cs,E_prot_cs,sph_ps,sph_acf,sph_cs,h_ps,fa_prob_ps,hacf,gacf,hcs
9228855,61.994923548726604,-1.0,94.34984015833656,22.491182609793896,79.84816435151936,-1.0,-1.0,12.76714286332867,12.76714286332867,838.2347694315348,-1.0,854.5164598852598,0.08785904120390935,0.0,-1.0,-1.0,0.46889103834638896
