target_id,prot_ps,prot_acf,prot_cs,e_prot_ps,E_prot_ps,e_prot_acf,E_prot_acf,e_prot_cs,E_prot_cs,sph_ps,sph_acf,sph_cs,h_ps,fa_prob_ps,hacf,gacf,hcs
9269843,38.73574253622713,42.951771872118115,39.12984065853058,11.536044402699062,28.114176026690302,-1.0,-1.0,5.2694674462838,5.2694674462838,368.2564503075585,372.5964883051446,363.2368610069124,0.062181012687978196,0.0,0.19529777279648677,0.5464082333889839,0.7482410900829143
