target_id,prot_ps,prot_acf,prot_cs,e_prot_ps,E_prot_ps,e_prot_acf,E_prot_acf,e_prot_cs,E_prot_cs,sph_ps,sph_acf,sph_cs,h_ps,fa_prob_ps,hacf,gacf,hcs
9241844,61.99509515851245,-1.0,62.24285322471927,20.335526976203184,58.01469478577646,-1.0,-1.0,2.219202683123231,2.219202683123231,1432.9171881227771,-1.0,1433.5996478739694,0.09845352401674504,0.0,-1.0,-1.0,0.12935083901868913
