target_id,prot_ps,prot_acf,prot_cs,e_prot_ps,E_prot_ps,e_prot_acf,E_prot_acf,e_prot_cs,E_prot_cs,sph_ps,sph_acf,sph_cs,h_ps,fa_prob_ps,hacf,gacf,hcs
9287446,14.908015327762493,14.916579714044929,14.906605888971626,0.30135087386245907,0.31402917577563727,-1.0,-1.0,0.11015420852185286,0.11015420852185286,3333.824788637813,3334.376587397327,3333.824788637813,0.3542060313866491,0.0,0.4155981224784909,0.9273606680066053,0.9477903490260011
