target_id,prot_ps,prot_acf,prot_cs,e_prot_ps,E_prot_ps,e_prot_acf,E_prot_acf,e_prot_cs,E_prot_cs,sph_ps,sph_acf,sph_cs,h_ps,fa_prob_ps,hacf,gacf,hcs
9279846,3.232268512021314,3.208086029626429,3.2016682628600055,0.031792856248989754,0.032432995597382774,-1.0,-1.0,0.06184870037466223,0.06184870037466223,12987.395674551515,12993.236385532182,12978.038574880784,0.505899311980843,0.0,0.8285519391958589,1.4846014737775568,0.03892227621718623
