target_id,prot_ps,prot_acf,prot_cs,e_prot_ps,E_prot_ps,e_prot_acf,E_prot_acf,e_prot_cs,E_prot_cs,sph_ps,sph_acf,sph_cs,h_ps,fa_prob_ps,hacf,gacf,hcs
9203304,10.744320347767715,10.319021176546812,10.656043849679282,0.46911474568437583,0.5140268679456081,-1.0,-1.0,0.6232100352181711,0.6232100352181711,1244.2767172721583,1267.0830227560832,1244.5492601129317,0.047138286212483275,0.0,0.33356893258457476,0.40220243776442444,0.7022120955889257
