target_id,prot_ps,prot_acf,prot_cs,e_prot_ps,E_prot_ps,e_prot_acf,E_prot_acf,e_prot_cs,E_prot_cs,sph_ps,sph_acf,sph_cs,h_ps,fa_prob_ps,hacf,gacf,hcs
9238346,17.115962068288738,16.224370881915092,16.95221986278892,3.252932025102938,5.239487071803456,-1.0,-1.0,0.9847942154573383,0.9847942154573383,864.4470092316028,862.9597724375558,868.0339658754141,0.046884347258485,0.0,0.09653874580845669,0.2926342002510329,0.8590191506136325
