target_id,prot_ps,prot_acf,prot_cs,e_prot_ps,E_prot_ps,e_prot_acf,E_prot_acf,e_prot_cs,E_prot_cs,sph_ps,sph_acf,sph_cs,h_ps,fa_prob_ps,hacf,gacf,hcs
9210192,18.03687273981143,18.615089408122003,18.00563610241651,1.3796263594921818,1.625860797201021,-1.0,-1.0,0.23275915523574744,0.23275915523574744,2116.179872991072,2168.2871931849604,2117.0468997236003,0.11856586939059015,0.0,0.25796076680015634,0.6301101456518572,0.937242352696633
