target_id,prot_ps,prot_acf,prot_cs,e_prot_ps,E_prot_ps,e_prot_acf,E_prot_acf,e_prot_cs,E_prot_cs,sph_ps,sph_acf,sph_cs,h_ps,fa_prob_ps,hacf,gacf,hcs
9209156,7.23249619536435,7.315250160172582,7.2003705240608245,0.18505449058542922,0.19501324864021807,-1.0,-1.0,0.07971686883420412,0.07971686883420412,6088.735244050063,6024.574611757071,6020.967987480974,0.19638484956981286,0.0,0.6761804147860123,1.0961336728936004,0.7218747926091443
