target_id,prot_ps,prot_acf,prot_cs,e_prot_ps,E_prot_ps,e_prot_acf,E_prot_acf,e_prot_cs,E_prot_cs,sph_ps,sph_acf,sph_cs,h_ps,fa_prob_ps,hacf,gacf,hcs
9239542,73.04944274428622,-1.0,90.75992791469118,3.1625546727037204,3.4590689009851303,-1.0,-1.0,4.982343433406112,4.982343433406112,1108.1505632041078,-1.0,1110.4394821773449,0.10258488295788781,0.0,-1.0,-1.0,0.5387126573857866
