target_id,prot_ps,prot_acf,prot_cs,e_prot_ps,E_prot_ps,e_prot_acf,E_prot_acf,e_prot_cs,E_prot_cs,sph_ps,sph_acf,sph_cs,h_ps,fa_prob_ps,hacf,gacf,hcs
9335072,32.46636745691528,33.12300383346155,32.68066675812629,2.4014862025786776,2.8135519601176355,-1.0,-1.0,2.198402334416796,2.198402334416796,2517.312692351211,2553.6839366763015,2531.678897994566,0.18606133700785168,0.0,0.4831922648880162,1.0981826077771544,0.9475777735104697
