target_id,prot_ps,prot_acf,prot_cs,e_prot_ps,E_prot_ps,e_prot_acf,E_prot_acf,e_prot_cs,E_prot_cs,sph_ps,sph_acf,sph_cs,h_ps,fa_prob_ps,hacf,gacf,hcs
9395821,11.590344697792858,11.320286924950778,11.64947530325621,1.5703966129531715,2.1572564969628676,-1.0,-1.0,0.4974721354796004,0.4974721354796004,739.5139861217814,729.5425954532121,738.1354781907198,0.04512868550976189,0.0,0.23020070591601,0.4572747913320294,0.9361480289890151
