target_id,prot_ps,prot_acf,prot_cs,e_prot_ps,E_prot_ps,e_prot_acf,E_prot_acf,e_prot_cs,E_prot_cs,sph_ps,sph_acf,sph_cs,h_ps,fa_prob_ps,hacf,gacf,hcs
9340674,73.0493330886409,-1.0,91.88154357119313,1.144169092876325,1.180810595661356,-1.0,-1.0,4.834683351876316,4.834683351876316,867.5636231954954,-1.0,872.116842775555,0.11155948829871652,0.0,-1.0,-1.0,0.2492514453451155
