target_id,prot_ps,prot_acf,prot_cs,e_prot_ps,E_prot_ps,e_prot_acf,E_prot_acf,e_prot_cs,E_prot_cs,sph_ps,sph_acf,sph_cs,h_ps,fa_prob_ps,hacf,gacf,hcs
9338939,46.76833881449905,51.0433039451018,50.439284703861915,14.537728196892846,39.0702449436757,-1.0,-1.0,7.3302415943276085,7.3302415943276085,430.21967858391633,430.21967858391633,430.21967858391633,0.3875654480744989,0.0,0.24539914040608468,0.6242266091256865,0.9255855177200789
