target_id,prot_ps,prot_acf,prot_cs,e_prot_ps,E_prot_ps,e_prot_acf,E_prot_acf,e_prot_cs,E_prot_cs,sph_ps,sph_acf,sph_cs,h_ps,fa_prob_ps,hacf,gacf,hcs
9395164,11.503841241048207,11.810660131275654,11.555308200847444,0.4988696019329595,0.5457277818456756,-1.0,-1.0,0.12154242021244441,0.12154242021244441,1987.382548285305,1975.5036750862334,1991.436537321007,0.10555647987992237,0.0,0.42259621539327435,0.8050371982190335,0.9878785410790752
