target_id,prot_ps,prot_acf,prot_cs,e_prot_ps,E_prot_ps,e_prot_acf,E_prot_acf,e_prot_cs,E_prot_cs,sph_ps,sph_acf,sph_cs,h_ps,fa_prob_ps,hacf,gacf,hcs
9306231,16.602131828957756,16.122189440298826,16.58878157976123,0.8968097478057206,1.00421578573879,-1.0,-1.0,0.7385639497668018,0.7385639497668018,2497.6360112334887,2520.4851269181822,2499.2745975635266,0.08437468228217476,0.0,0.12569990384086913,0.41925545005444687,0.9297754480931385
