target_id,prot_ps,prot_acf,prot_cs,e_prot_ps,E_prot_ps,e_prot_acf,E_prot_acf,e_prot_cs,E_prot_cs,sph_ps,sph_acf,sph_cs,h_ps,fa_prob_ps,hacf,gacf,hcs
9394768,73.04919278151432,-1.0,73.80143426813184,3.473436600593004,3.834439816760522,-1.0,-1.0,4.1366649885467,4.1366649885467,1149.5638221277554,-1.0,1146.7678811552055,0.18254982086735463,0.0,-1.0,-1.0,0.5099322075689876
