target_id,prot_ps,prot_acf,prot_cs,e_prot_ps,E_prot_ps,e_prot_acf,E_prot_acf,e_prot_cs,E_prot_cs,sph_ps,sph_acf,sph_cs,h_ps,fa_prob_ps,hacf,gacf,hcs
9328245,73.59858322927711,-1.0,92.09893677393859,1.815173458058652,1.9099256424720892,-1.0,-1.0,4.0045052715419125,4.0045052715419125,208.6150300946962,-1.0,209.28235360524067,0.04289497119236663,0.0,-1.0,-1.0,0.4079276836575532
