target_id,prot_ps,prot_acf,prot_cs,e_prot_ps,E_prot_ps,e_prot_acf,E_prot_acf,e_prot_cs,E_prot_cs,sph_ps,sph_acf,sph_cs,h_ps,fa_prob_ps,hacf,gacf,hcs
9335389,91.31157378968157,-1.0,92.21059881728743,1.2185746912004163,1.2522684024212651,-1.0,-1.0,4.562197735038952,4.562197735038952,408.66545623174005,-1.0,407.5552166944867,0.09029868405159204,0.0,-1.0,-1.0,0.2040227188998779
