target_id,prot_ps,prot_acf,prot_cs,e_prot_ps,E_prot_ps,e_prot_acf,E_prot_acf,e_prot_cs,E_prot_cs,sph_ps,sph_acf,sph_cs,h_ps,fa_prob_ps,hacf,gacf,hcs
9397805,121.74762459218434,-1.0,11.330316752800716,1.2058323864658433,1.230196845540945,-1.0,-1.0,2.5272299389146493,2.5272299389146493,892.534260078142,-1.0,832.1969688247002,0.07061589246671779,0.0,-1.0,-1.0,0.006497756878165796
