target_id,prot_ps,prot_acf,prot_cs,e_prot_ps,E_prot_ps,e_prot_acf,E_prot_acf,e_prot_cs,E_prot_cs,sph_ps,sph_acf,sph_cs,h_ps,fa_prob_ps,hacf,gacf,hcs
9306085,0.22856501358192216,2.309008067473769,96.90113364788671,0.006303171283827569,0.0066672198470254795,-1.0,-1.0,0.8931986279083222,0.8931986279083222,35267.8106288662,35607.887512157184,37132.6384500725,0.5016680635629819,0.0,0.45279940693085663,0.025922141427816875,0.0015856612389893194
