target_id,prot_ps,prot_acf,prot_cs,e_prot_ps,E_prot_ps,e_prot_acf,E_prot_acf,e_prot_cs,E_prot_cs,sph_ps,sph_acf,sph_cs,h_ps,fa_prob_ps,hacf,gacf,hcs
9469105,91.99729337461179,-1.0,91.07294169296512,27.141758383807442,67.17527757035981,-1.0,-1.0,5.907821034437267,5.907821034437267,182.58469610132627,-1.0,182.6794018302562,0.0284611862253639,0.0,-1.0,-1.0,0.75477786570649
