target_id,prot_ps,prot_acf,prot_cs,e_prot_ps,E_prot_ps,e_prot_acf,E_prot_acf,e_prot_cs,E_prot_cs,sph_ps,sph_acf,sph_cs,h_ps,fa_prob_ps,hacf,gacf,hcs
9411071,3.7080857713765787,3.8006636425852776,3.7179621408244765,0.04606002196280068,0.04722452036143743,-1.0,-1.0,0.06071842860972685,0.06071842860972685,5231.176941675413,5278.667018985356,5223.172223173336,0.19958989085661238,0.0,0.7828359432204239,1.2744320437642447,0.5295999699632189
