target_id,prot_ps,prot_acf,prot_cs,e_prot_ps,E_prot_ps,e_prot_acf,E_prot_acf,e_prot_cs,E_prot_cs,sph_ps,sph_acf,sph_cs,h_ps,fa_prob_ps,hacf,gacf,hcs
9418153,91.31140569874084,-1.0,91.85258171524612,4.533137982401783,5.038401643199791,-1.0,-1.0,4.418193139149617,4.418193139149617,623.535845734331,-1.0,623.0792843426037,0.040631024162710014,0.0,-1.0,-1.0,0.2885043224103663
