target_id,prot_ps,prot_acf,prot_cs,e_prot_ps,E_prot_ps,e_prot_acf,E_prot_acf,e_prot_cs,E_prot_cs,sph_ps,sph_acf,sph_cs,h_ps,fa_prob_ps,hacf,gacf,hcs
9449234,1.9274100854508396,2.002487877383828,1.9061722288132175,0.030789955112451306,0.03179565378830618,-1.0,-1.0,0.06868592625019673,0.06868592625019673,1616.6195948869804,1614.1106965376935,1612.5210062906024,0.05063275527076011,0.0,0.7313210428877865,1.1126083984226476,0.09691817927004417
