target_id,prot_ps,prot_acf,prot_cs,e_prot_ps,E_prot_ps,e_prot_acf,E_prot_acf,e_prot_cs,E_prot_cs,sph_ps,sph_acf,sph_cs,h_ps,fa_prob_ps,hacf,gacf,hcs
9472604,73.04928969500293,-1.0,73.40291138944268,6.719694193780043,8.25329466005968,-1.0,-1.0,3.6489178980593153,3.6489178980593153,552.369400221225,-1.0,551.9093207611327,0.08877087068332645,0.0,-1.0,-1.0,0.41673491380599004
