target_id,prot_ps,prot_acf,prot_cs,e_prot_ps,E_prot_ps,e_prot_acf,E_prot_acf,e_prot_cs,E_prot_cs,sph_ps,sph_acf,sph_cs,h_ps,fa_prob_ps,hacf,gacf,hcs
9405029,93.04993311604338,-1.0,93.61893847310711,16.95545181442887,26.831731151786485,-1.0,-1.0,4.5626444084274995,4.5626444084274995,711.852745175077,-1.0,712.1121278395484,0.12178550555706129,0.0,-1.0,-1.0,0.4373601642304659
