target_id,prot_ps,prot_acf,prot_cs,e_prot_ps,E_prot_ps,e_prot_acf,E_prot_acf,e_prot_cs,E_prot_cs,sph_ps,sph_acf,sph_cs,h_ps,fa_prob_ps,hacf,gacf,hcs
9519469,61.994922583807416,-1.0,61.33548645816744,11.076837641435162,17.332476248667675,-1.0,-1.0,8.040418509505809,8.040418509505809,1197.8933048248866,-1.0,1200.9346067046033,0.07996560773932353,0.0,-1.0,-1.0,0.48436844119465455
