target_id,prot_ps,prot_acf,prot_cs,e_prot_ps,E_prot_ps,e_prot_acf,E_prot_acf,e_prot_cs,E_prot_cs,sph_ps,sph_acf,sph_cs,h_ps,fa_prob_ps,hacf,gacf,hcs
9521119,73.04926836419355,68.57539309188724,73.80150826983153,23.072884049692263,63.741569643849516,-1.0,-1.0,3.6771143899167207,3.6771143899167207,968.3668778584506,977.3548427253836,967.165263920722,0.10892026362954499,0.0,0.22909082246501797,0.5179075033852257,0.9377511948263553
