target_id,prot_ps,prot_acf,prot_cs,e_prot_ps,E_prot_ps,e_prot_acf,E_prot_acf,e_prot_cs,E_prot_cs,sph_ps,sph_acf,sph_cs,h_ps,fa_prob_ps,hacf,gacf,hcs
9597468,91.31166631109562,-1.0,92.21069127978755,0.9039715540343138,0.9222325357399228,-1.0,-1.0,69.90911546150971,69.90911546150971,403.44532121064736,-1.0,400.62048611530963,0.0629953367169236,0.0,-1.0,-1.0,0.05027461256492238
