target_id,prot_ps,prot_acf,prot_cs,e_prot_ps,E_prot_ps,e_prot_acf,E_prot_acf,e_prot_cs,E_prot_cs,sph_ps,sph_acf,sph_cs,h_ps,fa_prob_ps,hacf,gacf,hcs
9527121,73.04944507763169,-1.0,73.68118329706543,11.848209761283606,17.453222970671874,-1.0,-1.0,4.060769867221878,4.060769867221878,527.0768729333992,-1.0,527.4480465848916,0.07843176061554044,0.0,-1.0,-1.0,0.4840591159709577
