target_id,prot_ps,prot_acf,prot_cs,e_prot_ps,E_prot_ps,e_prot_acf,E_prot_acf,e_prot_cs,E_prot_cs,sph_ps,sph_acf,sph_cs,h_ps,fa_prob_ps,hacf,gacf,hcs
9592928,81.7754212481902,-1.0,82.59364689378998,0.8119526003088566,0.8283792657587981,-1.0,-1.0,10.776516583434605,10.776516583434605,178.72330325996262,-1.0,179.64851682601147,0.03583488816352535,0.0,-1.0,-1.0,0.2357348550343548
