target_id,prot_ps,prot_acf,prot_cs,e_prot_ps,E_prot_ps,e_prot_acf,E_prot_acf,e_prot_cs,E_prot_cs,sph_ps,sph_acf,sph_cs,h_ps,fa_prob_ps,hacf,gacf,hcs
9527952,60.87438097086294,-1.0,60.76235222740445,11.077178075602603,17.31610683103326,-1.0,-1.0,2.463089562446732,2.463089562446732,2131.48837339949,-1.0,2130.5682642400707,0.2598139060561835,0.0,-1.0,-1.0,0.301826325167086
