target_id,prot_ps,prot_acf,prot_cs,e_prot_ps,E_prot_ps,e_prot_acf,E_prot_acf,e_prot_cs,E_prot_cs,sph_ps,sph_acf,sph_cs,h_ps,fa_prob_ps,hacf,gacf,hcs
9527819,58.878262115401164,-1.0,69.3666254397249,17.584033877661668,43.027293345838345,-1.0,-1.0,11.274603031171395,11.274603031171395,128.52976885707966,-1.0,128.83230727013557,0.06553739786431795,0.0,-1.0,-1.0,0.23685298795589044
