target_id,prot_ps,prot_acf,prot_cs,e_prot_ps,E_prot_ps,e_prot_acf,E_prot_acf,e_prot_cs,E_prot_cs,sph_ps,sph_acf,sph_cs,h_ps,fa_prob_ps,hacf,gacf,hcs
9574280,27.05528110493396,-1.0,92.21059881905093,0.2702864455548699,0.27577168231957927,-1.0,-1.0,4.695523167624342,4.695523167624342,519.5591677338554,-1.0,519.8509162048894,0.0253660326866079,0.0,-1.0,-1.0,0.07072834182784174
