target_id,prot_ps,prot_acf,prot_cs,e_prot_ps,E_prot_ps,e_prot_acf,E_prot_acf,e_prot_cs,E_prot_cs,sph_ps,sph_acf,sph_cs,h_ps,fa_prob_ps,hacf,gacf,hcs
9574706,27.895931490402038,28.13711345102638,28.012498912194612,0.43856407542704545,0.45268253218283405,-1.0,-1.0,0.6343852081751382,0.6343852081751382,5573.5235283847605,5562.928665020938,5569.684484931746,0.3493844108810404,0.0,0.6866142183120199,1.443435761987808,0.9672939129297032
