target_id,prot_ps,prot_acf,prot_cs,e_prot_ps,E_prot_ps,e_prot_acf,E_prot_acf,e_prot_cs,E_prot_cs,sph_ps,sph_acf,sph_cs,h_ps,fa_prob_ps,hacf,gacf,hcs
9570164,72.74035413467531,-1.0,77.53519910763016,13.582002795416166,21.54859402495319,-1.0,-1.0,11.835162888232658,11.835162888232658,912.3064801349674,-1.0,912.3064801349674,0.1809986228598054,0.0,-1.0,-1.0,0.34128641394332654
