target_id,prot_ps,prot_acf,prot_cs,e_prot_ps,E_prot_ps,e_prot_acf,E_prot_acf,e_prot_cs,E_prot_cs,sph_ps,sph_acf,sph_cs,h_ps,fa_prob_ps,hacf,gacf,hcs
9511303,37.46119407217734,-1.0,92.16555438364412,0.36731701598510114,0.3747010624165412,-1.0,-1.0,4.573459755009397,4.573459755009397,562.0592449721387,-1.0,575.043468081737,0.031136921466541057,0.0,-1.0,-1.0,0.4002199917810361
