target_id,prot_ps,prot_acf,prot_cs,e_prot_ps,E_prot_ps,e_prot_acf,E_prot_acf,e_prot_cs,E_prot_cs,sph_ps,sph_acf,sph_cs,h_ps,fa_prob_ps,hacf,gacf,hcs
9520102,59.97675083659785,-1.0,16.243661849661486,22.700808952770004,90.59200573326655,-1.0,-1.0,3.6617163360583427,3.6617163360583427,2526.741096581504,-1.0,2452.7308378045104,0.22947045359369242,0.0,-1.0,-1.0,0.09353009618940346
