target_id,prot_ps,prot_acf,prot_cs,e_prot_ps,E_prot_ps,e_prot_acf,E_prot_acf,e_prot_cs,E_prot_cs,sph_ps,sph_acf,sph_cs,h_ps,fa_prob_ps,hacf,gacf,hcs
9593432,1.2085878859265735,1.2055906732566655,1.2066674386771203,0.011951475114161836,0.012192768039736679,-1.0,-1.0,0.03840499647979081,0.03840499647979081,1320.3664041839104,1320.3664041839104,1320.3664041839104,0.08841351908414675,0.0,0.6569033564246752,0.6955932586031364,0.5704533117831396
