target_id,prot_ps,prot_acf,prot_cs,e_prot_ps,E_prot_ps,e_prot_acf,E_prot_acf,e_prot_cs,E_prot_cs,sph_ps,sph_acf,sph_cs,h_ps,fa_prob_ps,hacf,gacf,hcs
9597853,88.56418367893166,86.08727105520666,88.53024430315173,0.876569750686798,0.8942751207713826,-1.0,-1.0,4.567480572713405,4.567480572713405,1134.9602052837884,1139.062166128559,1134.9601094659556,0.03818532923819659,0.0,0.6725875331079109,0.7389836464334345,0.9840364500674675
