target_id,prot_ps,prot_acf,prot_cs,e_prot_ps,E_prot_ps,e_prot_acf,E_prot_acf,e_prot_cs,E_prot_cs,sph_ps,sph_acf,sph_cs,h_ps,fa_prob_ps,hacf,gacf,hcs
9532280,75.18669681460268,-1.0,75.88861569724429,14.75235716313643,24.124677348954037,-1.0,-1.0,4.553029323195267,4.553029323195267,978.8980305908239,-1.0,977.7071637883737,0.2083537375641963,0.0,-1.0,-1.0,0.39229945453113496
