target_id,prot_ps,prot_acf,prot_cs,e_prot_ps,E_prot_ps,e_prot_acf,E_prot_acf,e_prot_cs,E_prot_cs,sph_ps,sph_acf,sph_cs,h_ps,fa_prob_ps,hacf,gacf,hcs
9697140,122.6641841567331,-1.0,18.42893382262853,1.9034191906821434,1.9649489317543072,-1.0,-1.0,2.4162061999017994,2.4162061999017994,184.06630172527534,-1.0,190.19146418723045,0.04047601431012209,0.0,-1.0,-1.0,0.008500172704696168
