target_id,prot_ps,prot_acf,prot_cs,e_prot_ps,E_prot_ps,e_prot_acf,E_prot_acf,e_prot_cs,E_prot_cs,sph_ps,sph_acf,sph_cs,h_ps,fa_prob_ps,hacf,gacf,hcs
9653422,24.762472104831755,24.92908524349332,25.00609081813902,0.5285653336082383,0.5518903898062177,-1.0,-1.0,0.5823658451659468,0.5823658451659468,2020.9197495492883,2021.2247870603687,2019.101652048429,0.20135534017230558,0.0,0.3394900040784763,0.7898168925572235,0.9446209623317101
