target_id,prot_ps,prot_acf,prot_cs,e_prot_ps,E_prot_ps,e_prot_acf,E_prot_acf,e_prot_cs,E_prot_cs,sph_ps,sph_acf,sph_cs,h_ps,fa_prob_ps,hacf,gacf,hcs
9662554,51.6622445892538,56.94950366998091,52.46261023049242,21.192725677703276,112.86501746935063,-1.0,-1.0,2.8108477686020064,2.8108477686020064,421.5752990283846,420.3966366646103,423.4589402007524,0.036658607615063274,0.0,0.07741346860071716,0.3915115270467272,0.5642463062871431
