target_id,prot_ps,prot_acf,prot_cs,e_prot_ps,E_prot_ps,e_prot_acf,E_prot_acf,e_prot_cs,E_prot_cs,sph_ps,sph_acf,sph_cs,h_ps,fa_prob_ps,hacf,gacf,hcs
9664547,94.8459134337143,-1.0,93.84480705590454,6.442210254242966,7.4666691797465035,-1.0,-1.0,22.748938557748172,22.748938557748172,927.1790272043958,-1.0,923.7728400172626,0.042657965047807216,0.0,-1.0,-1.0,0.46531164170982015
