target_id,prot_ps,prot_acf,prot_cs,e_prot_ps,E_prot_ps,e_prot_acf,E_prot_acf,e_prot_cs,E_prot_cs,sph_ps,sph_acf,sph_cs,h_ps,fa_prob_ps,hacf,gacf,hcs
9642710,54.11058286423004,63.67132994905114,72.34011204712094,16.359589932108335,40.75894204264868,-1.0,-1.0,13.650335477159086,13.650335477159086,1076.4976366037545,1057.0163532531872,1061.462519924271,0.0578893982784901,0.0,0.13723687068797988,0.4438807800913551,0.43500041458699207
