target_id,prot_ps,prot_acf,prot_cs,e_prot_ps,E_prot_ps,e_prot_acf,E_prot_acf,e_prot_cs,E_prot_cs,sph_ps,sph_acf,sph_cs,h_ps,fa_prob_ps,hacf,gacf,hcs
9642494,73.0492912263363,-1.0,91.62042188122626,23.89273828010969,67.80242444834342,-1.0,-1.0,3.92941832818359,3.92941832818359,483.5774507838832,-1.0,486.09356719565795,0.1282533961786376,0.0,-1.0,-1.0,0.30780799055329444
