target_id,prot_ps,prot_acf,prot_cs,e_prot_ps,E_prot_ps,e_prot_acf,E_prot_acf,e_prot_cs,E_prot_cs,sph_ps,sph_acf,sph_cs,h_ps,fa_prob_ps,hacf,gacf,hcs
9664247,47.12848754644245,91.48267429880798,90.3857812998444,0.4681846174703068,0.47765899009433355,-1.0,-1.0,17.944161081855544,17.944161081855544,422.09826252663765,437.7309636055779,438.30650710737615,0.06600978555584067,0.0,0.6976708407848157,0.7310146978078795,0.6227006913551439
