target_id,prot_ps,prot_acf,prot_cs,e_prot_ps,E_prot_ps,e_prot_acf,E_prot_acf,e_prot_cs,E_prot_cs,sph_ps,sph_acf,sph_cs,h_ps,fa_prob_ps,hacf,gacf,hcs
9630806,52.17806520421675,-1.0,61.46000188929028,20.098296904010127,84.68490759414831,-1.0,-1.0,9.243901335982367,9.243901335982367,666.1835356495071,-1.0,670.7074450720633,0.06154032120245773,0.0,-1.0,-1.0,0.16460304259469802
