target_id,prot_ps,prot_acf,prot_cs,e_prot_ps,E_prot_ps,e_prot_acf,E_prot_acf,e_prot_cs,E_prot_cs,sph_ps,sph_acf,sph_cs,h_ps,fa_prob_ps,hacf,gacf,hcs
9652354,24.95958092226827,26.829382300842553,36.1700123369135,4.58893347105769,7.21566821154784,-1.0,-1.0,8.933559850369232,8.933559850369232,1492.5951630325676,1464.576009335469,1487.6142553258412,0.045636733916416455,0.0,-0.03441885856306037,0.3047066308438052,3.100560971874094
