target_id,prot_ps,prot_acf,prot_cs,e_prot_ps,E_prot_ps,e_prot_acf,E_prot_acf,e_prot_cs,E_prot_cs,sph_ps,sph_acf,sph_cs,h_ps,fa_prob_ps,hacf,gacf,hcs
9636421,45.89331121505153,54.45563847664744,7.039796085543931,15.342469159628656,45.382315463426906,-1.0,-1.0,0.8445554579801046,0.8445554579801046,246.99641637455315,247.20708266950768,228.88741012765232,0.0815920008699342,0.0,0.08569177274106096,0.3517686184503726,0.25041413885306213
