target_id,prot_ps,prot_acf,prot_cs,e_prot_ps,E_prot_ps,e_prot_acf,E_prot_acf,e_prot_cs,E_prot_cs,sph_ps,sph_acf,sph_cs,h_ps,fa_prob_ps,hacf,gacf,hcs
9642474,56.61429477968361,-1.0,56.72623429971257,1.7790111081794606,1.8995877806864172,-1.0,-1.0,1.8584364808964848,1.8584364808964848,272.8149743416263,-1.0,272.61222104072976,0.1014553800032128,0.0,-1.0,-1.0,0.11124649434549627
