target_id,prot_ps,prot_acf,prot_cs,e_prot_ps,E_prot_ps,e_prot_acf,E_prot_acf,e_prot_cs,E_prot_cs,sph_ps,sph_acf,sph_cs,h_ps,fa_prob_ps,hacf,gacf,hcs
9655067,12.810905230923465,12.403179125394672,12.809329448777694,0.1274847305305684,0.13006680933381354,-1.0,-1.0,0.12477097715584451,0.12477097715584451,2663.697924414081,2684.275314354221,2663.697924414081,0.17194534813393136,0.0,0.3987700272469748,0.5169688933276524,0.9818843325976808
