target_id,prot_ps,prot_acf,prot_cs,e_prot_ps,E_prot_ps,e_prot_acf,E_prot_acf,e_prot_cs,E_prot_cs,sph_ps,sph_acf,sph_cs,h_ps,fa_prob_ps,hacf,gacf,hcs
9674763,73.0494279830282,-1.0,73.79945246282323,1.9222518792189334,2.027911144597496,-1.0,-1.0,3.3959976627824857,3.3959976627824857,1878.52563747612,-1.0,1876.0212402156562,0.10157906618415233,0.0,-1.0,-1.0,0.5884691607574565
