target_id,prot_ps,prot_acf,prot_cs,e_prot_ps,E_prot_ps,e_prot_acf,E_prot_acf,e_prot_cs,E_prot_cs,sph_ps,sph_acf,sph_cs,h_ps,fa_prob_ps,hacf,gacf,hcs
9644020,73.04928260780936,-1.0,91.30657548511056,22.883777958133173,60.262421954514224,-1.0,-1.0,4.427003238824803,4.427003238824803,483.22644112665364,-1.0,489.1007439924452,0.10955423212478138,0.0,-1.0,-1.0,0.4443054551520762
