target_id,prot_ps,prot_acf,prot_cs,e_prot_ps,E_prot_ps,e_prot_acf,E_prot_acf,e_prot_cs,E_prot_cs,sph_ps,sph_acf,sph_cs,h_ps,fa_prob_ps,hacf,gacf,hcs
9697961,61.99499934503864,-1.0,73.30044483968095,20.570896416423658,59.97250096893166,-1.0,-1.0,3.087015034000847,3.087015034000847,726.7349821218144,-1.0,741.9894000073115,0.11721102539817674,0.0,-1.0,-1.0,0.12524795891346308
