target_id,prot_ps,prot_acf,prot_cs,e_prot_ps,E_prot_ps,e_prot_acf,E_prot_acf,e_prot_cs,E_prot_cs,sph_ps,sph_acf,sph_cs,h_ps,fa_prob_ps,hacf,gacf,hcs
9636465,3.858188118344385,3.9028138760477304,3.921434781341833,0.04644374107501026,0.04757888964628343,-1.0,-1.0,0.07851597730906333,0.07851597730906333,3633.1517183723568,3676.9034638724393,3691.3553918334437,0.1452263106699892,0.0,0.7854950134259047,1.2668569803384138,0.29318207160908843
