target_id,prot_ps,prot_acf,prot_cs,e_prot_ps,E_prot_ps,e_prot_acf,E_prot_acf,e_prot_cs,E_prot_cs,sph_ps,sph_acf,sph_cs,h_ps,fa_prob_ps,hacf,gacf,hcs
9755050,58.439498255735906,-1.0,58.781351231787326,2.839432550168368,3.1484423028950843,-1.0,-1.0,3.6941841238993294,3.6941841238993294,329.31696152544407,-1.0,329.1405588798099,0.030168164251394167,0.0,-1.0,-1.0,0.10173673782146657
