target_id,prot_ps,prot_acf,prot_cs,e_prot_ps,E_prot_ps,e_prot_acf,E_prot_acf,e_prot_cs,E_prot_cs,sph_ps,sph_acf,sph_cs,h_ps,fa_prob_ps,hacf,gacf,hcs
9715765,79.30038937597287,-1.0,99.001506162202,19.64775411390292,38.5682674366025,-1.0,-1.0,21.078095757374214,21.078095757374214,1003.8965834450235,-1.0,1003.8965834450235,0.10617339653053062,0.0,-1.0,-1.0,0.8581930470191343
