target_id,prot_ps,prot_acf,prot_cs,e_prot_ps,E_prot_ps,e_prot_acf,E_prot_acf,e_prot_cs,E_prot_cs,sph_ps,sph_acf,sph_cs,h_ps,fa_prob_ps,hacf,gacf,hcs
9786453,67.74416890291019,-1.0,74.1210234756768,27.571523857169332,142.0112246325226,-1.0,-1.0,8.255517445875938,8.255517445875938,1170.4614914323342,-1.0,1144.9026293235493,0.04184083781902778,0.0,-1.0,-1.0,0.07230634295379677
