target_id,prot_ps,prot_acf,prot_cs,e_prot_ps,E_prot_ps,e_prot_acf,E_prot_acf,e_prot_cs,E_prot_cs,sph_ps,sph_acf,sph_cs,h_ps,fa_prob_ps,hacf,gacf,hcs
9704715,91.3116496570169,-1.0,91.81107637643598,0.9033146559761747,0.921555637886172,-1.0,-1.0,3.8673271757260816,3.8673271757260816,846.7716252525715,-1.0,846.2205902575735,0.08656929328979367,0.0,-1.0,-1.0,0.1718602405531077
