target_id,prot_ps,prot_acf,prot_cs,e_prot_ps,E_prot_ps,e_prot_acf,E_prot_acf,e_prot_cs,E_prot_cs,sph_ps,sph_acf,sph_cs,h_ps,fa_prob_ps,hacf,gacf,hcs
9777281,11.385853376423027,11.218071742448956,11.287954812319951,0.25149437640438776,0.2632397130686286,-1.0,-1.0,0.3639250534796045,0.3639250534796045,6539.566479531152,6429.621559872238,6397.2540296747175,0.11787466749810882,0.0,0.5353926630058906,1.0742341047115915,0.8690483437384159
