target_id,prot_ps,prot_acf,prot_cs,e_prot_ps,E_prot_ps,e_prot_acf,E_prot_acf,e_prot_cs,E_prot_cs,sph_ps,sph_acf,sph_cs,h_ps,fa_prob_ps,hacf,gacf,hcs
9766728,93.53663561798467,-1.0,81.2575764390644,8.661044660321181,10.605428437449518,-1.0,-1.0,20.826902120381085,20.826902120381085,315.127459135202,-1.0,315.127459135202,0.19510279960114374,4.7314435150600396e-212,-1.0,-1.0,0.2941098197842297
