target_id,prot_ps,prot_acf,prot_cs,e_prot_ps,E_prot_ps,e_prot_acf,E_prot_acf,e_prot_cs,E_prot_cs,sph_ps,sph_acf,sph_cs,h_ps,fa_prob_ps,hacf,gacf,hcs
9723890,63.520992701367966,59.46270575746894,63.2729141101541,0.930058609571148,0.9583725149301259,-1.0,-1.0,2.9920172108424214,2.9920172108424214,389.0874864415646,392.29710824298525,388.887469638752,0.0335709397322213,0.0,0.0965623692166858,0.3349961494589779,0.8918017059374674
