target_id,prot_ps,prot_acf,prot_cs,e_prot_ps,E_prot_ps,e_prot_acf,E_prot_acf,e_prot_cs,E_prot_cs,sph_ps,sph_acf,sph_cs,h_ps,fa_prob_ps,hacf,gacf,hcs
9722938,28.646750702003995,29.42487359046936,28.914229430034755,3.4939123888641994,4.61935213955984,-1.0,-1.0,3.00766860270399,3.00766860270399,1478.141831925933,1491.8460711080593,1480.1811232149525,0.03986406629997409,0.0,0.15520128890485757,0.5578959288326927,0.9412896589655675
