target_id,prot_ps,prot_acf,prot_cs,e_prot_ps,E_prot_ps,e_prot_acf,E_prot_acf,e_prot_cs,E_prot_cs,sph_ps,sph_acf,sph_cs,h_ps,fa_prob_ps,hacf,gacf,hcs
9714312,60.874478962838715,-1.0,73.80161590866743,24.132340365146824,112.20544683678501,-1.0,-1.0,4.582026468787099,4.582026468787099,317.8273060407074,-1.0,318.04494971641714,0.06744939765935913,0.0,-1.0,-1.0,0.17640107438981822
