target_id,prot_ps,prot_acf,prot_cs,e_prot_ps,E_prot_ps,e_prot_acf,E_prot_acf,e_prot_cs,E_prot_cs,sph_ps,sph_acf,sph_cs,h_ps,fa_prob_ps,hacf,gacf,hcs
9712943,19.223529199627844,18.12470031855628,19.035839424761946,7.214369579386673,28.08087719332367,-1.0,-1.0,1.500073109474338,1.500073109474338,1024.9010600121862,1029.2372392013524,1018.764277402774,0.04238716633964748,0.0,0.11682113293440194,0.4041558449161483,0.8839033355280701
