target_id,prot_ps,prot_acf,prot_cs,e_prot_ps,E_prot_ps,e_prot_acf,E_prot_acf,e_prot_cs,E_prot_cs,sph_ps,sph_acf,sph_cs,h_ps,fa_prob_ps,hacf,gacf,hcs
9752723,29.81604418793675,-1.0,91.5401206507884,0.5564233284680888,0.5780518910568091,-1.0,-1.0,4.737578340480768,4.737578340480768,1041.5914077914997,-1.0,1066.5128572567457,0.060119450161862174,0.0,-1.0,-1.0,0.425212421290705
