target_id,prot_ps,prot_acf,prot_cs,e_prot_ps,E_prot_ps,e_prot_acf,E_prot_acf,e_prot_cs,E_prot_cs,sph_ps,sph_acf,sph_cs,h_ps,fa_prob_ps,hacf,gacf,hcs
9837432,139.23078424968878,-1.0,99.00504722086912,43.6394751925869,118.9520757750883,-1.0,-1.0,9.119273136783885,9.119273136783885,586.3979863006145,-1.0,550.739013327828,0.0532032680206356,3.363e-319,-1.0,-1.0,0.01687196399551696
