target_id,prot_ps,prot_acf,prot_cs,e_prot_ps,E_prot_ps,e_prot_acf,E_prot_acf,e_prot_cs,E_prot_cs,sph_ps,sph_acf,sph_cs,h_ps,fa_prob_ps,hacf,gacf,hcs
9827596,11.595119878017808,11.504153799731284,11.546564028505415,1.1301284811720453,1.4003765482588815,-1.0,-1.0,0.34756572324195945,0.34756572324195945,1236.2208863230603,1240.3059366910334,1238.0503695945274,0.0502857885056063,0.0,0.295028070813348,0.49175544084287315,0.8812558642681269
