target_id,prot_ps,prot_acf,prot_cs,e_prot_ps,E_prot_ps,e_prot_acf,E_prot_acf,e_prot_cs,E_prot_cs,sph_ps,sph_acf,sph_cs,h_ps,fa_prob_ps,hacf,gacf,hcs
9893302,35.63381627084459,32.83693074295297,45.69728203184386,15.266102873057736,100.6096334069676,-1.0,-1.0,0.9190600922894177,0.9190600922894177,1038.0451961827553,1036.262696137297,1040.0351889741037,0.049930555112209216,0.0,-0.046828279687588736,0.29310671908573327,4.492825656542542
