target_id,prot_ps,prot_acf,prot_cs,e_prot_ps,E_prot_ps,e_prot_acf,E_prot_acf,e_prot_cs,E_prot_cs,sph_ps,sph_acf,sph_cs,h_ps,fa_prob_ps,hacf,gacf,hcs
9835385,31.179006568807726,-1.0,70.52925297514903,17.211979248254206,-185.00711226587663,-1.0,-1.0,22.064140365125507,22.064140365125507,1687.6449261019948,-1.0,1687.6449261019948,0.10441256194522582,4.2160519668027873e-106,-1.0,-1.0,0.2047319624603342
