target_id,prot_ps,prot_acf,prot_cs,e_prot_ps,E_prot_ps,e_prot_acf,E_prot_acf,e_prot_cs,E_prot_cs,sph_ps,sph_acf,sph_cs,h_ps,fa_prob_ps,hacf,gacf,hcs
9833842,73.04930648968383,-1.0,73.56617751964262,2.5763514761016353,2.7697699264487596,-1.0,-1.0,3.0963890564467995,3.0963890564467995,436.1541022850308,-1.0,436.11862034713346,0.11028849435185983,0.0,-1.0,-1.0,0.5653868162312256
