target_id,prot_ps,prot_acf,prot_cs,e_prot_ps,E_prot_ps,e_prot_acf,E_prot_acf,e_prot_cs,E_prot_cs,sph_ps,sph_acf,sph_cs,h_ps,fa_prob_ps,hacf,gacf,hcs
9815249,18.730629874224057,18.819424997549504,18.693095235662952,1.1500926258569386,1.3102790397359598,-1.0,-1.0,0.6916317796933039,0.6916317796933039,4354.226101189136,4369.523872222415,4350.255012836834,0.08103082287712339,0.0,0.1502730760205903,0.5345527155371412,0.9776098774035399
