target_id,prot_ps,prot_acf,prot_cs,e_prot_ps,E_prot_ps,e_prot_acf,E_prot_acf,e_prot_cs,E_prot_cs,sph_ps,sph_acf,sph_cs,h_ps,fa_prob_ps,hacf,gacf,hcs
9883500,8.963140158780641,9.317778535187244,8.89500476787798,0.997156168445315,1.278858696038851,-1.0,-1.0,0.6784299174663575,0.6784299174663575,2410.502809986369,2393.6015521086597,2395.3472818144737,0.038573351776748,0.0,0.4137447774749866,0.6060684147731508,0.7910452794369626
