target_id,prot_ps,prot_acf,prot_cs,e_prot_ps,E_prot_ps,e_prot_acf,E_prot_acf,e_prot_cs,E_prot_cs,sph_ps,sph_acf,sph_cs,h_ps,fa_prob_ps,hacf,gacf,hcs
9844393,72.93510645230121,-1.0,96.33990973322962,22.79070802532779,59.77246779911556,-1.0,-1.0,17.572417595339424,17.572417595339424,723.9055891612156,-1.0,702.9300505795799,0.038028107055534645,0.0,-1.0,-1.0,0.2953556580205027
