target_id,prot_ps,prot_acf,prot_cs,e_prot_ps,E_prot_ps,e_prot_acf,E_prot_acf,e_prot_cs,E_prot_cs,sph_ps,sph_acf,sph_cs,h_ps,fa_prob_ps,hacf,gacf,hcs
9822061,28.64685354880721,57.56171241262928,60.243021572297444,0.29755854950479943,0.3039182398010247,-1.0,-1.0,7.199343022486893,7.199343022486893,530.5764464989426,537.6364026415774,539.8253926807522,0.06201980293528451,0.0,0.21496532121032777,0.6300375958009878,0.781786528054266
