target_id,prot_ps,prot_acf,prot_cs,e_prot_ps,E_prot_ps,e_prot_acf,E_prot_acf,e_prot_cs,E_prot_cs,sph_ps,sph_acf,sph_cs,h_ps,fa_prob_ps,hacf,gacf,hcs
9839079,73.04934021908916,-1.0,73.21613667736385,3.0650117867341464,3.3451678480178515,-1.0,-1.0,2.744549852381407,2.744549852381407,1476.9707548684914,-1.0,1476.688617584885,0.16768040139656765,0.0,-1.0,-1.0,0.48873997360332133
