target_id,prot_ps,prot_acf,prot_cs,e_prot_ps,E_prot_ps,e_prot_acf,E_prot_acf,e_prot_cs,E_prot_cs,sph_ps,sph_acf,sph_cs,h_ps,fa_prob_ps,hacf,gacf,hcs
9887144,73.04939369520253,63.36480605835095,72.34009061593564,1.1793598777928764,1.2183048035261237,-1.0,-1.0,10.914457606764014,10.914457606764014,627.1963248984164,622.0916224755075,625.9973169374656,0.04524326767676051,0.0,0.13050223164214703,0.433956305038399,0.5355570602262295
