target_id,prot_ps,prot_acf,prot_cs,e_prot_ps,E_prot_ps,e_prot_acf,E_prot_acf,e_prot_cs,E_prot_cs,sph_ps,sph_acf,sph_cs,h_ps,fa_prob_ps,hacf,gacf,hcs
9826375,33.53436552469323,31.937807145528495,33.19631612961677,7.391980230011448,13.325332332069422,-1.0,-1.0,5.532575273855602,5.532575273855602,3785.5240369540875,3785.5240369540875,3785.5240369540875,0.5379805017321511,0.0,0.4594812228187752,0.7750638739432572,0.9592446962139688
