target_id,prot_ps,prot_acf,prot_cs,e_prot_ps,E_prot_ps,e_prot_acf,E_prot_acf,e_prot_cs,E_prot_cs,sph_ps,sph_acf,sph_cs,h_ps,fa_prob_ps,hacf,gacf,hcs
9851638,72.93498987803169,-1.0,73.27958103486094,6.081751728407099,7.305745579672546,-1.0,-1.0,2.9587942841283597,2.9587942841283597,2702.183774555712,-1.0,2695.9185660153053,0.21938965594811694,0.0,-1.0,-1.0,0.4163353446527382
