target_id,prot_ps,prot_acf,prot_cs,e_prot_ps,E_prot_ps,e_prot_acf,E_prot_acf,e_prot_cs,E_prot_cs,sph_ps,sph_acf,sph_cs,h_ps,fa_prob_ps,hacf,gacf,hcs
9875737,3.7195263346530596,3.003802801016718,3.722505626211979,0.056531147800455095,0.05828980081858992,-1.0,-1.0,0.10685254669150607,0.10685254669150607,2464.397811763975,2458.448202965169,2464.397811763975,0.3460913927636292,0.0,0.4409400527481847,0.1505785389824714,0.8063150100697415
