target_id,prot_ps,prot_acf,prot_cs,e_prot_ps,E_prot_ps,e_prot_acf,E_prot_acf,e_prot_cs,E_prot_cs,sph_ps,sph_acf,sph_cs,h_ps,fa_prob_ps,hacf,gacf,hcs
9825625,54.11066448860042,68.16672126576304,93.12914806024106,22.06282303012577,114.50244956802317,-1.0,-1.0,3.4370570782677676,3.4370570782677676,600.0699845593603,599.3230121461157,599.3320303919724,0.06871417642012209,0.0,0.0013215893341232746,0.29469661472316244,9.279761122364443
