target_id,prot_ps,prot_acf,prot_cs,e_prot_ps,E_prot_ps,e_prot_acf,E_prot_acf,e_prot_cs,E_prot_cs,sph_ps,sph_acf,sph_cs,h_ps,fa_prob_ps,hacf,gacf,hcs
9945811,136.0747560165415,-1.0,19.269420594363847,56.41522445664894,347.11010111108453,-1.0,-1.0,1.5085165458981225,1.5085165458981225,472.5006046470291,-1.0,454.23561760576916,0.23406360363925696,0.0,-1.0,-1.0,0.006604341654983192
