target_id,prot_ps,prot_acf,prot_cs,e_prot_ps,E_prot_ps,e_prot_acf,E_prot_acf,e_prot_cs,E_prot_cs,sph_ps,sph_acf,sph_cs,h_ps,fa_prob_ps,hacf,gacf,hcs
9974707,73.59841768739172,93.19920243369415,73.68799672985958,0.7272232596292412,0.7418995482358781,-1.0,-1.0,2.6055946148899967,2.6055946148899967,262.98939183789537,261.9719825491645,262.9673867155814,0.08104900470864479,0.0,0.6117473544944302,0.7023815818926152,0.6862510542726951
