target_id,prot_ps,prot_acf,prot_cs,e_prot_ps,E_prot_ps,e_prot_acf,E_prot_acf,e_prot_cs,E_prot_cs,sph_ps,sph_acf,sph_cs,h_ps,fa_prob_ps,hacf,gacf,hcs
9907661,73.04914758914047,-1.0,73.80241815436631,6.805898253934913,8.34541070021558,-1.0,-1.0,9.442184906426162,9.442184906426162,530.9034212558756,-1.0,530.4140786351197,0.04728600415793327,0.0,-1.0,-1.0,0.34489865745377196
