target_id,prot_ps,prot_acf,prot_cs,e_prot_ps,E_prot_ps,e_prot_acf,E_prot_acf,e_prot_cs,E_prot_cs,sph_ps,sph_acf,sph_cs,h_ps,fa_prob_ps,hacf,gacf,hcs
9935172,17.622334150313144,52.943265919107944,49.737245686491946,0.30973020046462096,0.32089759272101404,-1.0,-1.0,6.668082469663328,6.668082469663328,1420.126797372901,1435.1331805016898,1446.9464552904062,0.13373611906351987,0.0,0.3941642163765064,0.7998242187544674,0.34176905487458903
