target_id,prot_ps,prot_acf,prot_cs,e_prot_ps,E_prot_ps,e_prot_acf,E_prot_acf,e_prot_cs,E_prot_cs,sph_ps,sph_acf,sph_cs,h_ps,fa_prob_ps,hacf,gacf,hcs
9911138,74.8785874551173,-1.0,75.09017359414096,0.842644396621111,0.8621738195817841,-1.0,-1.0,2.954278225899323,2.954278225899323,733.6211904673283,-1.0,732.8942711825056,0.04847276604577473,0.0,-1.0,-1.0,0.2536310922728699
