target_id,prot_ps,prot_acf,prot_cs,e_prot_ps,E_prot_ps,e_prot_acf,E_prot_acf,e_prot_cs,E_prot_cs,sph_ps,sph_acf,sph_cs,h_ps,fa_prob_ps,hacf,gacf,hcs
10058570,28.30719051111807,28.21893673017621,28.065945913682203,2.0591497583356393,2.4108644809523554,-1.0,-1.0,1.790014652665812,1.790014652665812,2549.5581776847507,2440.39043921879,2442.775942395681,0.1411421533538784,0.0,0.4604520416804902,1.0977195294691118,0.9825185893896501
