target_id,prot_ps,prot_acf,prot_cs,e_prot_ps,E_prot_ps,e_prot_acf,E_prot_acf,e_prot_cs,E_prot_cs,sph_ps,sph_acf,sph_cs,h_ps,fa_prob_ps,hacf,gacf,hcs
10098876,15.91281752608403,-1.0,21.732391976402138,7.167209594998974,66.24132040800757,-1.0,-1.0,4.861021764535186,4.861021764535186,490.4245617067249,-1.0,490.4245617067249,0.31152569308455597,5.12612209504515e-123,-1.0,-1.0,0.29552222833583985
