target_id,prot_ps,prot_acf,prot_cs,e_prot_ps,E_prot_ps,e_prot_acf,E_prot_acf,e_prot_cs,E_prot_cs,sph_ps,sph_acf,sph_cs,h_ps,fa_prob_ps,hacf,gacf,hcs
10074605,97.39923220922006,-1.0,96.43343359563501,32.20321229593213,96.96105089089147,-1.0,-1.0,8.132277931643005,8.132277931643005,676.0167602653779,-1.0,674.7858024132903,0.026133520977344532,0.0,-1.0,-1.0,0.3384660185723663
