target_id,prot_ps,prot_acf,prot_cs,e_prot_ps,E_prot_ps,e_prot_acf,E_prot_acf,e_prot_cs,E_prot_cs,sph_ps,sph_acf,sph_cs,h_ps,fa_prob_ps,hacf,gacf,hcs
10005956,54.110010638942676,58.56311282981187,54.19526099358194,17.625017827570176,49.63909570560406,-1.0,-1.0,2.415075657714258,2.415075657714258,199.72197817756495,191.88375357610425,199.62392871946614,0.08592938917338917,0.0,0.14862692845069084,0.5064266955069244,0.7670878487256082
