target_id,prot_ps,prot_acf,prot_cs,e_prot_ps,E_prot_ps,e_prot_acf,E_prot_acf,e_prot_cs,E_prot_cs,sph_ps,sph_acf,sph_cs,h_ps,fa_prob_ps,hacf,gacf,hcs
10088895,60.87426589036865,-1.0,8.90741484862231,0.6026676621165237,0.6148422758714105,-1.0,-1.0,0.4645627938545155,0.4645627938545155,525.5284789889458,-1.0,475.79400285677343,0.0342476612684511,0.0,-1.0,-1.0,0.02673752810710631
