target_id,prot_ps,prot_acf,prot_cs,e_prot_ps,E_prot_ps,e_prot_acf,E_prot_acf,e_prot_cs,E_prot_cs,sph_ps,sph_acf,sph_cs,h_ps,fa_prob_ps,hacf,gacf,hcs
10029699,73.04906101275827,-1.0,73.80233574338256,13.143266999879458,20.64753330320707,-1.0,-1.0,9.226355312651966,9.226355312651966,893.5829537095578,-1.0,891.1362126059889,0.11780475150981008,0.0,-1.0,-1.0,0.5227332053017087
