target_id,prot_ps,prot_acf,prot_cs,e_prot_ps,E_prot_ps,e_prot_acf,E_prot_acf,e_prot_cs,E_prot_cs,sph_ps,sph_acf,sph_cs,h_ps,fa_prob_ps,hacf,gacf,hcs
10005151,54.11067472368087,57.56165994191542,54.22375553147428,8.430606306746697,12.191589356166169,-1.0,-1.0,1.2969381483071902,1.2969381483071902,668.8042899583322,673.4148159336338,668.4023752600851,0.10464964171867781,0.0,0.18390050344099462,0.5643048273124858,0.8582143403040119
