target_id,prot_ps,prot_acf,prot_cs,e_prot_ps,E_prot_ps,e_prot_acf,E_prot_acf,e_prot_cs,E_prot_cs,sph_ps,sph_acf,sph_cs,h_ps,fa_prob_ps,hacf,gacf,hcs
10031526,91.31136331264877,-1.0,90.45752573080101,4.198572402721297,4.6284706815562515,-1.0,-1.0,5.314055206396916,5.314055206396916,845.5249877318474,-1.0,834.7874849071869,0.049725163471700105,0.0,-1.0,-1.0,0.38187560245017266
