target_id,prot_ps,prot_acf,prot_cs,e_prot_ps,E_prot_ps,e_prot_acf,E_prot_acf,e_prot_cs,E_prot_cs,sph_ps,sph_acf,sph_cs,h_ps,fa_prob_ps,hacf,gacf,hcs
10006576,27.5532888557856,28.627630258910358,27.90264216355979,2.7358624242511986,3.4053600410159284,-1.0,-1.0,1.2075972985877783,1.2075972985877783,1943.5500707835463,1898.0857170041038,1927.0259907018294,0.08742815043627955,0.0,0.13676803775665838,0.5489513681599736,0.9272151576199505
