target_id,prot_ps,prot_acf,prot_cs,e_prot_ps,E_prot_ps,e_prot_acf,E_prot_acf,e_prot_cs,E_prot_cs,sph_ps,sph_acf,sph_cs,h_ps,fa_prob_ps,hacf,gacf,hcs
10081565,21.48511409446876,21.128448391333222,21.53274958942981,3.861000697263126,5.9936449660840445,-1.0,-1.0,0.3421428235287874,0.3421428235287874,1608.6924728053746,1617.166029487637,1608.7774378034876,0.09193793526053429,0.0,0.17070281215108432,0.5117281468605835,0.931805245220961
