target_id,prot_ps,prot_acf,prot_cs,e_prot_ps,E_prot_ps,e_prot_acf,E_prot_acf,e_prot_cs,E_prot_cs,sph_ps,sph_acf,sph_cs,h_ps,fa_prob_ps,hacf,gacf,hcs
10007286,72.93521306629309,-1.0,62.57459860272705,1.2625644108756973,1.3083131755712003,-1.0,-1.0,8.151784048530281,8.151784048530281,607.3840426947332,-1.0,597.6129483559642,0.06420766661098248,0.0,-1.0,-1.0,0.08509847745995563
