target_id,prot_ps,prot_acf,prot_cs,e_prot_ps,E_prot_ps,e_prot_acf,E_prot_acf,e_prot_cs,E_prot_cs,sph_ps,sph_acf,sph_cs,h_ps,fa_prob_ps,hacf,gacf,hcs
10082384,9.748161814331132,9.808182120323181,10.013639113907114,0.3522169252502092,0.37935630975924006,-1.0,-1.0,0.6316664558767705,0.6316664558767705,3473.9479331556126,3438.888532045596,3481.6082981100412,0.05827075661125238,0.0,0.38871030587653754,0.6384981119721453,0.47404001778375515
