target_id,prot_ps,prot_acf,prot_cs,e_prot_ps,E_prot_ps,e_prot_acf,E_prot_acf,e_prot_cs,E_prot_cs,sph_ps,sph_acf,sph_cs,h_ps,fa_prob_ps,hacf,gacf,hcs
10086883,35.63381335847628,34.839916119817644,35.2804724850895,5.114425864812361,7.2026578337787655,-1.0,-1.0,2.620521579802639,2.620521579802639,3324.0205778021495,3285.5719862012866,3308.4722791344884,0.1224177776237262,0.0,0.38037796325755585,0.8964037179645145,0.9853249202311603
