target_id,prot_ps,prot_acf,prot_cs,e_prot_ps,E_prot_ps,e_prot_acf,E_prot_acf,e_prot_cs,E_prot_cs,sph_ps,sph_acf,sph_cs,h_ps,fa_prob_ps,hacf,gacf,hcs
10094286,73.04875703930331,-1.0,72.97233626050827,4.847735834807565,5.59819188896995,-1.0,-1.0,4.742845838816218,4.742845838816218,400.92901339640827,-1.0,400.88439840606145,0.05866780919591974,0.0,-1.0,-1.0,0.4179579712559831
