target_id,prot_ps,prot_acf,prot_cs,e_prot_ps,E_prot_ps,e_prot_acf,E_prot_acf,e_prot_cs,E_prot_cs,sph_ps,sph_acf,sph_cs,h_ps,fa_prob_ps,hacf,gacf,hcs
10063306,52.17816086782296,-1.0,73.535752210736,19.65482365307664,77.33243156095483,-1.0,-1.0,11.964644192578021,11.964644192578021,440.5198057013649,-1.0,441.88324328956645,0.024083978430550233,0.0,-1.0,-1.0,0.060712289850492894
