target_id,prot_ps,prot_acf,prot_cs,e_prot_ps,E_prot_ps,e_prot_acf,E_prot_acf,e_prot_cs,E_prot_cs,sph_ps,sph_acf,sph_cs,h_ps,fa_prob_ps,hacf,gacf,hcs
10081982,54.11066514575197,53.94498322159052,54.58161838074733,6.569233291886768,8.703685088783232,-1.0,-1.0,1.9124027261292922,1.9124027261292922,405.86601590916604,379.4629583238466,404.404867530617,0.17247129941476147,0.0,0.5983186631674167,1.2347890195724756,0.98936975283497
