target_id,prot_ps,prot_acf,prot_cs,e_prot_ps,E_prot_ps,e_prot_acf,E_prot_acf,e_prot_cs,E_prot_cs,sph_ps,sph_acf,sph_cs,h_ps,fa_prob_ps,hacf,gacf,hcs
10087053,91.31140821714628,-1.0,90.38575040331122,3.55350696982255,3.8566849562643455,-1.0,-1.0,6.7224714037237,6.7224714037237,474.5931649095394,-1.0,473.6663660866757,0.052117455658389385,0.0,-1.0,-1.0,0.26693565781937595
