target_id,prot_ps,prot_acf,prot_cs,e_prot_ps,E_prot_ps,e_prot_acf,E_prot_acf,e_prot_cs,E_prot_cs,sph_ps,sph_acf,sph_cs,h_ps,fa_prob_ps,hacf,gacf,hcs
10053675,8.087762108889649,8.112185256090015,8.099938216236295,0.2865689194560135,0.3084611449410577,-1.0,-1.0,0.08099412103487182,0.08099412103487182,4385.2462292908795,4391.738667180275,4390.8702709734425,0.11547972240623677,0.0,0.5697075791954324,0.9909257484156692,0.6634475040272043
