target_id,prot_ps,prot_acf,prot_cs,e_prot_ps,E_prot_ps,e_prot_acf,E_prot_acf,e_prot_cs,E_prot_cs,sph_ps,sph_acf,sph_cs,h_ps,fa_prob_ps,hacf,gacf,hcs
10030232,52.17801552201976,-1.0,73.80236601680515,0.7078653229390284,0.7274174206151329,-1.0,-1.0,8.47484464541788,8.47484464541788,724.0012604360978,-1.0,724.1775334319839,0.032995410819631844,0.0,-1.0,-1.0,0.2641935951617699
