target_id,prot_ps,prot_acf,prot_cs,e_prot_ps,E_prot_ps,e_prot_acf,E_prot_acf,e_prot_cs,E_prot_cs,sph_ps,sph_acf,sph_cs,h_ps,fa_prob_ps,hacf,gacf,hcs
10063218,63.52110594775416,68.26889116875827,46.808769668827054,2.5416642325157213,2.760874630463988,-1.0,-1.0,1.4570032032826468,1.4570032032826468,863.4689101912791,867.8175504779051,862.2895099693964,0.03592500886139936,0.0,-0.009993877015324362,0.31318907039081073,18.074002177647163
