target_id,prot_ps,prot_acf,prot_cs,e_prot_ps,E_prot_ps,e_prot_acf,E_prot_acf,e_prot_cs,E_prot_cs,sph_ps,sph_acf,sph_cs,h_ps,fa_prob_ps,hacf,gacf,hcs
10068307,19.116530396074804,75.66711258189753,98.35848989957742,0.18967249956065046,0.19350837450484804,-1.0,-1.0,4.011345692235334,4.011345692235334,152.88209578833414,154.8718322112719,155.2887270906431,0.0858448422587514,0.0,0.18511053240875422,0.5585222645311599,0.5406126172650219
