target_id,prot_ps,prot_acf,prot_cs,e_prot_ps,E_prot_ps,e_prot_acf,E_prot_acf,e_prot_cs,E_prot_cs,sph_ps,sph_acf,sph_cs,h_ps,fa_prob_ps,hacf,gacf,hcs
10030808,52.17789784573191,65.26586601790041,61.56385695513803,19.894344207559634,81.17910698548187,-1.0,-1.0,3.1183184625614704,3.1183184625614704,776.4715198489822,784.2351743519608,771.0240254207768,0.05229795420762876,0.0,0.15952567748979474,0.4529797650453907,0.5789994285650509
