target_id,prot_ps,prot_acf,prot_cs,e_prot_ps,E_prot_ps,e_prot_acf,E_prot_acf,e_prot_cs,E_prot_cs,sph_ps,sph_acf,sph_cs,h_ps,fa_prob_ps,hacf,gacf,hcs
10015745,54.719052224208,56.94864971889183,54.397549124885664,16.334187548569943,39.94176374870675,-1.0,-1.0,2.1390840883201876,2.1390840883201876,240.3323668952152,241.96075126922125,240.53617900164846,0.057586162697640254,0.0,0.16119074340914039,0.477942478909971,0.9395353268734952
