target_id,prot_ps,prot_acf,prot_cs,e_prot_ps,E_prot_ps,e_prot_acf,E_prot_acf,e_prot_cs,E_prot_cs,sph_ps,sph_acf,sph_cs,h_ps,fa_prob_ps,hacf,gacf,hcs
10020210,60.87450914790098,-1.0,60.89040438105328,2.116161583082537,2.275982509297272,-1.0,-1.0,2.694590658280003,2.694590658280003,728.8311824325172,-1.0,728.8424829379309,0.05104310204431797,0.0,-1.0,-1.0,0.2599507261200194
