target_id,prot_ps,prot_acf,prot_cs,e_prot_ps,E_prot_ps,e_prot_acf,E_prot_acf,e_prot_cs,E_prot_cs,sph_ps,sph_acf,sph_cs,h_ps,fa_prob_ps,hacf,gacf,hcs
10054402,44.977615283086415,-1.0,85.4937940136317,0.4457936827276612,0.4548044466479624,-1.0,-1.0,17.140624647549956,17.140624647549956,1411.6240512667478,-1.0,1411.6240512667478,0.17029297658673948,0.0,-1.0,-1.0,0.419298216403433
