target_id,prot_ps,prot_acf,prot_cs,e_prot_ps,E_prot_ps,e_prot_acf,E_prot_acf,e_prot_cs,E_prot_cs,sph_ps,sph_acf,sph_cs,h_ps,fa_prob_ps,hacf,gacf,hcs
10093588,91.31134464023555,-1.0,91.77394562014041,0.9039930681878303,0.9222547377425627,-1.0,-1.0,3.6494542699166126,3.6494542699166126,692.9582437364382,-1.0,693.7141635732029,0.051649722221583025,0.0,-1.0,-1.0,0.2820236615294111
