target_id,prot_ps,prot_acf,prot_cs,e_prot_ps,E_prot_ps,e_prot_acf,E_prot_acf,e_prot_cs,E_prot_cs,sph_ps,sph_acf,sph_cs,h_ps,fa_prob_ps,hacf,gacf,hcs
10004547,54.11061242860247,-1.0,63.19163162906582,8.177312524841241,11.668903765102748,-1.0,-1.0,9.065068653752391,9.065068653752391,259.6995625084696,-1.0,251.35799667946986,0.04329978986060834,0.0,-1.0,-1.0,0.13018828244677144
