target_id,prot_ps,prot_acf,prot_cs,e_prot_ps,E_prot_ps,e_prot_acf,E_prot_acf,e_prot_cs,E_prot_cs,sph_ps,sph_acf,sph_cs,h_ps,fa_prob_ps,hacf,gacf,hcs
10027386,52.178015260426534,-1.0,91.33686702811879,0.6865062455223665,0.7052368430593177,-1.0,-1.0,5.379865875475957,5.379865875475957,900.1879106582237,-1.0,881.4317104602364,0.03399848084316869,0.0,-1.0,-1.0,0.2644653562509674
