target_id,prot_ps,prot_acf,prot_cs,e_prot_ps,E_prot_ps,e_prot_acf,E_prot_acf,e_prot_cs,E_prot_cs,sph_ps,sph_acf,sph_cs,h_ps,fa_prob_ps,hacf,gacf,hcs
10199006,121.74896951904061,-1.0,99.00277148206665,1.1951788354726887,1.2192193730773795,-1.0,-1.0,3.6022294768835303,3.6022294768835303,247.43966977219435,-1.0,246.9533044514651,0.0455981665524844,0.0,-1.0,-1.0,0.006265724966864604
