target_id,prot_ps,prot_acf,prot_cs,e_prot_ps,E_prot_ps,e_prot_acf,E_prot_acf,e_prot_cs,E_prot_cs,sph_ps,sph_acf,sph_cs,h_ps,fa_prob_ps,hacf,gacf,hcs
10196507,60.87439594266919,54.35356443747878,91.50348299073086,0.717055792724345,0.7342267500944715,-1.0,-1.0,4.522855665810576,4.522855665810576,963.540853871925,972.1856464530825,974.3816732175734,0.07006631461851785,0.0,0.03971027134546214,0.315898466296619,2.470393654667147
