target_id,prot_ps,prot_acf,prot_cs,e_prot_ps,E_prot_ps,e_prot_acf,E_prot_acf,e_prot_cs,E_prot_cs,sph_ps,sph_acf,sph_cs,h_ps,fa_prob_ps,hacf,gacf,hcs
10160604,73.04922173088568,-1.0,73.64641269200261,1.1864544026899466,1.2258772168630543,-1.0,-1.0,3.100088863667445,3.100088863667445,409.4186116833547,-1.0,409.20432401280334,0.06897481184976076,0.0,-1.0,-1.0,0.30784985690438554
