target_id,prot_ps,prot_acf,prot_cs,e_prot_ps,E_prot_ps,e_prot_acf,E_prot_acf,e_prot_cs,E_prot_cs,sph_ps,sph_acf,sph_cs,h_ps,fa_prob_ps,hacf,gacf,hcs
10187728,61.85621335365911,-1.0,61.95898631405394,21.631017290013986,70.3225388647388,-1.0,-1.0,1.8965643179763443,1.8965643179763443,1048.7833440315862,-1.0,1048.6919412284167,0.061497554158290675,0.0,-1.0,-1.0,0.08385725523080842
