target_id,prot_ps,prot_acf,prot_cs,e_prot_ps,E_prot_ps,e_prot_acf,E_prot_acf,e_prot_cs,E_prot_cs,sph_ps,sph_acf,sph_cs,h_ps,fa_prob_ps,hacf,gacf,hcs
10191981,20.013560062644927,20.413263221271336,20.22527320962399,1.43918697457487,1.6781231383961277,-1.0,-1.0,1.642763769658208,1.642763769658208,2016.1401176437464,2001.5565095698487,2032.9501653654434,0.07647343939275726,0.0,0.18040743197525752,0.6089577459756382,0.9673261788416784
