target_id,prot_ps,prot_acf,prot_cs,e_prot_ps,E_prot_ps,e_prot_acf,E_prot_acf,e_prot_cs,E_prot_cs,sph_ps,sph_acf,sph_cs,h_ps,fa_prob_ps,hacf,gacf,hcs
10132417,10.288525180346003,10.012537045404315,9.803091117413713,0.8154941520644954,0.9709537921601328,-1.0,-1.0,0.9109366893575407,0.9109366893575407,2442.580379509964,2426.521701600321,2410.3489333193947,0.04455591391639138,0.0,0.4361683899864939,0.7714134119181266,0.759227739639243
