target_id,prot_ps,prot_acf,prot_cs,e_prot_ps,E_prot_ps,e_prot_acf,E_prot_acf,e_prot_cs,E_prot_cs,sph_ps,sph_acf,sph_cs,h_ps,fa_prob_ps,hacf,gacf,hcs
10158520,42.97009451167143,-1.0,81.99577563214288,9.43276272724588,16.684763648286257,-1.0,-1.0,16.541018265006606,16.541018265006606,918.1290874636096,-1.0,890.9145257422879,0.0962069763341462,0.0,-1.0,-1.0,0.09127034203609116
