target_id,prot_ps,prot_acf,prot_cs,e_prot_ps,E_prot_ps,e_prot_acf,E_prot_acf,e_prot_cs,E_prot_cs,sph_ps,sph_acf,sph_cs,h_ps,fa_prob_ps,hacf,gacf,hcs
10136999,66.40817750051686,-1.0,77.6420634362474,21.382251383590713,58.98955102338539,-1.0,-1.0,7.594510351898211,7.594510351898211,451.6467284071832,-1.0,460.55766425737147,0.03398807362670906,0.0,-1.0,-1.0,0.15118648521646993
