target_id,prot_ps,prot_acf,prot_cs,e_prot_ps,E_prot_ps,e_prot_acf,E_prot_acf,e_prot_cs,E_prot_cs,sph_ps,sph_acf,sph_cs,h_ps,fa_prob_ps,hacf,gacf,hcs
10160915,61.85513372075973,-1.0,89.77620847849174,20.843680827986113,62.633512609653806,-1.0,-1.0,10.082066611727175,10.082066611727175,772.4327616891344,-1.0,772.1456795348257,0.025391584584725204,0.0,-1.0,-1.0,0.32814188868948097
