target_id,prot_ps,prot_acf,prot_cs,e_prot_ps,E_prot_ps,e_prot_acf,E_prot_acf,e_prot_cs,E_prot_cs,sph_ps,sph_acf,sph_cs,h_ps,fa_prob_ps,hacf,gacf,hcs
10199528,40.582926865805824,47.24264267832041,47.611879076762115,14.724969937023953,52.29342286089303,-1.0,-1.0,3.5012876495926903,3.5012876495926903,646.1730529642192,648.7845542950616,649.5635577409208,0.05022104363707559,0.0,0.09967409932830207,0.4188891295969556,0.9689708324907512
