target_id,prot_ps,prot_acf,prot_cs,e_prot_ps,E_prot_ps,e_prot_acf,E_prot_acf,e_prot_cs,E_prot_cs,sph_ps,sph_acf,sph_cs,h_ps,fa_prob_ps,hacf,gacf,hcs
10192963,63.52125336983978,-1.0,64.20498780260793,16.368202767617312,34.13705356445041,-1.0,-1.0,11.614190173961497,11.614190173961497,671.200858391232,-1.0,670.8445886169172,0.05302513583964359,0.0,-1.0,-1.0,0.3559023093112115
