target_id,prot_ps,prot_acf,prot_cs,e_prot_ps,E_prot_ps,e_prot_acf,E_prot_acf,e_prot_cs,E_prot_cs,sph_ps,sph_acf,sph_cs,h_ps,fa_prob_ps,hacf,gacf,hcs
10187346,52.69236412248398,-1.0,98.39539853023206,0.5326582441650558,0.5436293837675166,-1.0,-1.0,4.639849963302351,4.639849963302351,986.1352656322906,-1.0,979.7791640598535,0.05264275080861039,0.0,-1.0,-1.0,0.010981574159195831
