target_id,prot_ps,prot_acf,prot_cs,e_prot_ps,E_prot_ps,e_prot_acf,E_prot_acf,e_prot_cs,E_prot_cs,sph_ps,sph_acf,sph_cs,h_ps,fa_prob_ps,hacf,gacf,hcs
10197488,61.856228260963746,-1.0,62.47116628071293,14.421371735750235,27.25897932745241,-1.0,-1.0,7.273901774146393,7.273901774146393,921.5064810014552,-1.0,919.6340417955962,0.07903290721272141,0.0,-1.0,-1.0,0.3703757544751624
