target_id,prot_ps,prot_acf,prot_cs,e_prot_ps,E_prot_ps,e_prot_acf,E_prot_acf,e_prot_cs,E_prot_cs,sph_ps,sph_acf,sph_cs,h_ps,fa_prob_ps,hacf,gacf,hcs
10264259,54.110620346951684,-1.0,97.09502436414883,23.74794923062711,181.25163718137313,-1.0,-1.0,4.782266641172031,4.782266641172031,558.0865411141333,-1.0,554.3217509013838,0.03878121258881017,0.0,-1.0,-1.0,0.037899553153556455
