target_id,prot_ps,prot_acf,prot_cs,e_prot_ps,E_prot_ps,e_prot_acf,E_prot_acf,e_prot_cs,E_prot_cs,sph_ps,sph_acf,sph_cs,h_ps,fa_prob_ps,hacf,gacf,hcs
10262808,61.99492260666381,-1.0,62.26796760442734,11.344755141175717,17.790947777714777,-1.0,-1.0,2.04060749026543,2.04060749026543,1059.6575670242837,-1.0,1058.4867026803458,0.2525535470734981,0.0,-1.0,-1.0,0.40927883786770836
