target_id,prot_ps,prot_acf,prot_cs,e_prot_ps,E_prot_ps,e_prot_acf,E_prot_acf,e_prot_cs,E_prot_cs,sph_ps,sph_acf,sph_cs,h_ps,fa_prob_ps,hacf,gacf,hcs
10220322,37.461087595520986,-1.0,63.517899402927625,14.682200921328338,65.55299133663242,-1.0,-1.0,6.1498116308773705,6.1498116308773705,730.6681071266678,-1.0,725.0115770527881,0.061315496913822584,0.0,-1.0,-1.0,0.07857351076217642
