target_id,prot_ps,prot_acf,prot_cs,e_prot_ps,E_prot_ps,e_prot_acf,E_prot_acf,e_prot_cs,E_prot_cs,sph_ps,sph_acf,sph_cs,h_ps,fa_prob_ps,hacf,gacf,hcs
10287194,73.0491035249318,-1.0,73.19384050583581,21.27878365029563,51.69953133880739,-1.0,-1.0,3.2651293741634535,3.2651293741634535,503.4774531300394,-1.0,503.36604173571016,0.04483836818533719,0.0,-1.0,-1.0,0.36999051732241334
