target_id,prot_ps,prot_acf,prot_cs,e_prot_ps,E_prot_ps,e_prot_acf,E_prot_acf,e_prot_cs,E_prot_cs,sph_ps,sph_acf,sph_cs,h_ps,fa_prob_ps,hacf,gacf,hcs
10253403,73.04928411786173,-1.0,73.80152508839963,12.363408630262363,18.78594731599283,-1.0,-1.0,4.151428056631843,4.151428056631843,838.5279002305565,-1.0,835.855883115288,0.231696793675482,0.0,-1.0,-1.0,0.6228073604385472
