target_id,prot_ps,prot_acf,prot_cs,e_prot_ps,E_prot_ps,e_prot_acf,E_prot_acf,e_prot_cs,E_prot_cs,sph_ps,sph_acf,sph_cs,h_ps,fa_prob_ps,hacf,gacf,hcs
10231594,11.236398998701588,11.708647082559764,11.330414870521052,0.9260785997378473,1.1066734575776618,-1.0,-1.0,1.1433497110323976,1.1433497110323976,1779.8578254779086,1806.0157086036434,1777.5066729468724,0.0474728486134526,0.0,0.29256730338255965,0.49713945292420386,0.7952581852289237
