target_id,prot_ps,prot_acf,prot_cs,e_prot_ps,E_prot_ps,e_prot_acf,E_prot_acf,e_prot_cs,E_prot_cs,sph_ps,sph_acf,sph_cs,h_ps,fa_prob_ps,hacf,gacf,hcs
10289297,60.87426323583228,-1.0,60.585867223771636,2.3378729406073475,2.5344938976541513,-1.0,-1.0,3.6014029224461415,3.6014029224461415,568.4314135863114,-1.0,568.6968482101053,0.04583039686461893,0.0,-1.0,-1.0,0.24728954691333654
