target_id,prot_ps,prot_acf,prot_cs,e_prot_ps,E_prot_ps,e_prot_acf,E_prot_acf,e_prot_cs,E_prot_cs,sph_ps,sph_acf,sph_cs,h_ps,fa_prob_ps,hacf,gacf,hcs
10207402,12.704243125351043,12.015018990263343,12.582667336435991,1.1488676444353736,1.4056388524905508,-1.0,-1.0,0.7950953485608556,0.7950953485608556,1926.2591973539718,1926.6489840621225,1935.8022834101873,0.05178327598878446,0.0,0.29178256093401594,0.5296371845588367,0.9114372488967312
