target_id,prot_ps,prot_acf,prot_cs,e_prot_ps,E_prot_ps,e_prot_acf,E_prot_acf,e_prot_cs,E_prot_cs,sph_ps,sph_acf,sph_cs,h_ps,fa_prob_ps,hacf,gacf,hcs
10255922,13.413832068506661,14.221936672925949,13.53862983047962,1.4916512470484058,1.9128169929718908,-1.0,-1.0,2.083129280620276,2.083129280620276,2910.39301902167,2910.39301902167,2910.39301902167,0.42964155718760844,0.0,0.6553839117984344,0.46579193579432443,0.9704032586606968
