target_id,prot_ps,prot_acf,prot_cs,e_prot_ps,E_prot_ps,e_prot_acf,E_prot_acf,e_prot_cs,E_prot_cs,sph_ps,sph_acf,sph_cs,h_ps,fa_prob_ps,hacf,gacf,hcs
10226382,30.43718515405833,79.67183035984635,90.38574010446669,6.0804393785782445,10.05937125636936,-1.0,-1.0,15.040905400026816,15.040905400026816,885.6232384640869,888.4214492144569,925.8386742201669,0.062494015526896575,0.0,0.24979648894508064,0.4280305329048237,0.4962587341298687
