target_id,prot_ps,prot_acf,prot_cs,e_prot_ps,E_prot_ps,e_prot_acf,E_prot_acf,e_prot_cs,E_prot_cs,sph_ps,sph_acf,sph_cs,h_ps,fa_prob_ps,hacf,gacf,hcs
10208352,47.687774638446264,-1.0,83.50185617501846,0.6752406179960815,0.6947449171875846,-1.0,-1.0,6.285107620234271,6.285107620234271,696.2026590676129,-1.0,694.2965519449763,0.0218074877045103,9.35037485836913e-286,-1.0,-1.0,0.26093751992573794
