target_id,prot_ps,prot_acf,prot_cs,e_prot_ps,E_prot_ps,e_prot_acf,E_prot_acf,e_prot_cs,E_prot_cs,sph_ps,sph_acf,sph_cs,h_ps,fa_prob_ps,hacf,gacf,hcs
10221564,69.57061105451758,-1.0,1.5065928850507884,0.6889323726958878,0.7028513720146776,-1.0,-1.0,0.0629721257953445,0.0629721257953445,325.740269657959,-1.0,263.6488599967835,0.01670939164006049,8.149890644552533e-257,-1.0,-1.0,0.0316524874901588
