target_id,prot_ps,prot_acf,prot_cs,e_prot_ps,E_prot_ps,e_prot_acf,E_prot_acf,e_prot_cs,E_prot_cs,sph_ps,sph_acf,sph_cs,h_ps,fa_prob_ps,hacf,gacf,hcs
10200957,63.5210738087307,60.56536862812936,63.57621994135843,0.64095445036358,0.6540831516649206,-1.0,-1.0,2.321271227203112,2.321271227203112,683.8660137882215,695.2537941385565,683.8424514213251,0.062410794553010275,0.0,0.1333917703811021,0.5234635726214997,0.9159309621057939
