target_id,prot_ps,prot_acf,prot_cs,e_prot_ps,E_prot_ps,e_prot_acf,E_prot_acf,e_prot_cs,E_prot_cs,sph_ps,sph_acf,sph_cs,h_ps,fa_prob_ps,hacf,gacf,hcs
10288654,91.31138528915997,-1.0,91.63862552222336,7.446882073165696,8.915653017317382,-1.0,-1.0,5.00762716898967,5.00762716898967,449.39351291391023,-1.0,448.7840360885604,0.11711345587346354,0.0,-1.0,-1.0,0.7024951554314156
