target_id,prot_ps,prot_acf,prot_cs,e_prot_ps,E_prot_ps,e_prot_acf,E_prot_acf,e_prot_cs,E_prot_cs,sph_ps,sph_acf,sph_cs,h_ps,fa_prob_ps,hacf,gacf,hcs
10221518,45.92202553094729,-1.0,73.16178059186807,0.45458897181618596,0.4637717205891363,-1.0,-1.0,3.643282665770987,3.643282665770987,598.2833025719669,-1.0,606.4531114459763,0.06732197821772848,0.0,-1.0,-1.0,0.18325783256371048
