target_id,prot_ps,prot_acf,prot_cs,e_prot_ps,E_prot_ps,e_prot_acf,E_prot_acf,e_prot_cs,E_prot_cs,sph_ps,sph_acf,sph_cs,h_ps,fa_prob_ps,hacf,gacf,hcs
10258558,91.31156896169105,-1.0,91.61827866341933,0.904222264290695,0.9224908915593772,-1.0,-1.0,4.013263709007302,4.013263709007302,628.3995951720367,-1.0,627.5503983975442,0.16149840297832987,0.0,-1.0,-1.0,0.7739178209248878
