target_id,prot_ps,prot_acf,prot_cs,e_prot_ps,E_prot_ps,e_prot_acf,E_prot_acf,e_prot_cs,E_prot_cs,sph_ps,sph_acf,sph_cs,h_ps,fa_prob_ps,hacf,gacf,hcs
10328411,60.87441191498253,-1.0,61.563194758822206,11.56430282087296,18.765270870018988,-1.0,-1.0,3.700336055027943,3.700336055027943,619.8746604210361,-1.0,620.3059590325033,0.05988028666163633,0.0,-1.0,-1.0,0.3921487691790461
