target_id,prot_ps,prot_acf,prot_cs,e_prot_ps,E_prot_ps,e_prot_acf,E_prot_acf,e_prot_cs,E_prot_cs,sph_ps,sph_acf,sph_cs,h_ps,fa_prob_ps,hacf,gacf,hcs
10387524,44.60464858772226,-1.0,91.20782081331164,0.4404846739675179,0.4493716315061391,-1.0,-1.0,6.873357885717864,6.873357885717864,418.20824415396953,-1.0,425.1613910649582,0.5166339816561482,0.0,-1.0,-1.0,0.027068346805728814
