target_id,prot_ps,prot_acf,prot_cs,e_prot_ps,E_prot_ps,e_prot_acf,E_prot_acf,e_prot_cs,E_prot_cs,sph_ps,sph_acf,sph_cs,h_ps,fa_prob_ps,hacf,gacf,hcs
10338256,14.46521865467161,14.507922497577965,14.516721792382066,0.17366821092504026,0.1779195678496457,-1.0,-1.0,0.17104403311345903,0.17104403311345903,4283.061799969162,4275.089391443696,4275.851551435436,0.2191162765025715,0.0,0.4495526919436354,0.9469981710927191,0.9157851354462153
