target_id,prot_ps,prot_acf,prot_cs,e_prot_ps,E_prot_ps,e_prot_acf,E_prot_acf,e_prot_cs,E_prot_cs,sph_ps,sph_acf,sph_cs,h_ps,fa_prob_ps,hacf,gacf,hcs
10340576,54.110250888863824,-1.0,62.83270701533184,20.673256765500362,86.63328878186974,-1.0,-1.0,10.143438726206904,10.143438726206904,382.60750791149655,-1.0,372.7074008717532,0.020004881905669344,6.99097607317446e-309,-1.0,-1.0,0.10210322247668857
