target_id,prot_ps,prot_acf,prot_cs,e_prot_ps,E_prot_ps,e_prot_acf,E_prot_acf,e_prot_cs,E_prot_cs,sph_ps,sph_acf,sph_cs,h_ps,fa_prob_ps,hacf,gacf,hcs
10329265,112.38346954395087,-1.0,12.341525314439695,5.413367421416808,5.984094825852921,-1.0,-1.0,6.343359958388371,6.343359958388371,285.10259916907944,-1.0,270.90533262386265,0.04613147895576477,0.0,-1.0,-1.0,0.004480474666812168
