target_id,prot_ps,prot_acf,prot_cs,e_prot_ps,E_prot_ps,e_prot_acf,E_prot_acf,e_prot_cs,E_prot_cs,sph_ps,sph_acf,sph_cs,h_ps,fa_prob_ps,hacf,gacf,hcs
10398907,15.061704818255423,15.223083388991654,15.112564818580674,0.8949481023691579,1.014276955975049,-1.0,-1.0,0.18240980722725533,0.18240980722725533,2412.2826626030474,2403.2011579591317,2409.5024194912153,0.16202873779899915,0.0,0.3890649731184079,0.7611562260078013,0.8405131297111725
