target_id,prot_ps,prot_acf,prot_cs,e_prot_ps,E_prot_ps,e_prot_acf,E_prot_acf,e_prot_cs,E_prot_cs,sph_ps,sph_acf,sph_cs,h_ps,fa_prob_ps,hacf,gacf,hcs
10355472,22.140951084712224,21.61914152186364,22.45448226422071,1.9642157107282436,2.3827564675108235,-1.0,-1.0,1.1222556667204848,1.1222556667204848,1415.0697019591883,1407.1667057598686,1415.1806068245237,0.07649528662317819,0.0,0.19887272375874868,0.5589217490140405,0.9696395111463902
