target_id,prot_ps,prot_acf,prot_cs,e_prot_ps,E_prot_ps,e_prot_acf,E_prot_acf,e_prot_cs,E_prot_cs,sph_ps,sph_acf,sph_cs,h_ps,fa_prob_ps,hacf,gacf,hcs
10346867,45.91292129863522,45.240142087452114,72.34009061593564,9.593380002140691,16.363014645469647,-1.0,-1.0,22.30103912841481,22.30103912841481,370.3388101971794,368.2930391877531,419.71646489382255,0.1067795605830519,0.0,-0.031170840962885218,0.14809067373703622,2.770440043529914
