target_id,prot_ps,prot_acf,prot_cs,e_prot_ps,E_prot_ps,e_prot_acf,E_prot_acf,e_prot_cs,E_prot_cs,sph_ps,sph_acf,sph_cs,h_ps,fa_prob_ps,hacf,gacf,hcs
10397249,91.99836924514335,-1.0,8.193299826718865,0.910546878357195,0.9289384017964295,-1.0,-1.0,3.6026769179803324,3.6026769179803324,247.60861262605786,-1.0,209.30616314468747,0.08183171030871286,0.0,-1.0,-1.0,0.007047581321131325
