target_id,prot_ps,prot_acf,prot_cs,e_prot_ps,E_prot_ps,e_prot_acf,E_prot_acf,e_prot_cs,E_prot_cs,sph_ps,sph_acf,sph_cs,h_ps,fa_prob_ps,hacf,gacf,hcs
10346936,74.87875014842933,-1.0,75.40028476033251,2.6578238140499906,2.860728247263552,-1.0,-1.0,4.212829996733419,4.212829996733419,407.35775088417677,-1.0,407.42418244287484,0.048830560191483484,0.0,-1.0,-1.0,0.39367057149972734
