target_id,prot_ps,prot_acf,prot_cs,e_prot_ps,E_prot_ps,e_prot_acf,E_prot_acf,e_prot_cs,E_prot_cs,sph_ps,sph_acf,sph_cs,h_ps,fa_prob_ps,hacf,gacf,hcs
10328796,60.87441747646946,-1.0,62.47127305463422,17.391891736988214,40.04472288795465,-1.0,-1.0,10.973259656073559,10.973259656073559,330.92917882316453,-1.0,330.5439853352585,0.03879860262275529,0.0,-1.0,-1.0,0.25840523673252047
