target_id,prot_ps,prot_acf,prot_cs,e_prot_ps,E_prot_ps,e_prot_acf,E_prot_acf,e_prot_cs,E_prot_cs,sph_ps,sph_acf,sph_cs,h_ps,fa_prob_ps,hacf,gacf,hcs
10319081,54.110611160028334,60.66761020384729,54.534061596575675,22.541585398287644,128.6879035784774,-1.0,-1.0,1.49835414723358,1.49835414723358,381.3360643186449,383.5152250173657,383.2526650403697,0.08917514275864614,0.0,0.08815544824656955,0.4202977292263895,0.49978308496612533
