target_id,prot_ps,prot_acf,prot_cs,e_prot_ps,E_prot_ps,e_prot_acf,E_prot_acf,e_prot_cs,E_prot_cs,sph_ps,sph_acf,sph_cs,h_ps,fa_prob_ps,hacf,gacf,hcs
10354884,52.17794475257365,57.56233943765983,52.66882539842277,16.6291192806461,45.068577880701795,-1.0,-1.0,4.535285083335884,4.535285083335884,741.8460698885842,745.445987880257,740.2860994144881,0.0620833157166251,0.0,0.18751244179638243,0.4966055828275862,0.7343404664450226
