target_id,prot_ps,prot_acf,prot_cs,e_prot_ps,E_prot_ps,e_prot_acf,E_prot_acf,e_prot_cs,E_prot_cs,sph_ps,sph_acf,sph_cs,h_ps,fa_prob_ps,hacf,gacf,hcs
10388784,6.957084939758575,7.11091648042202,6.833971781828072,0.24673403071394517,0.26536846673691894,-1.0,-1.0,0.10268488093402947,0.10268488093402947,3466.269370506089,3509.686484269102,3517.5707397977585,0.2019221151189631,0.0,0.6457741742779856,1.0266933277179426,0.1436175157595675
