target_id,prot_ps,prot_acf,prot_cs,e_prot_ps,E_prot_ps,e_prot_acf,E_prot_acf,e_prot_cs,E_prot_cs,sph_ps,sph_acf,sph_cs,h_ps,fa_prob_ps,hacf,gacf,hcs
10341822,58.87889733115656,-1.0,59.43758364915847,17.701677826231197,44.079098000058465,-1.0,-1.0,8.025675673473248,8.025675673473248,230.3263153516469,-1.0,229.88013674921694,0.03787654446603393,0.0,-1.0,-1.0,0.25447622293968847
