target_id,prot_ps,prot_acf,prot_cs,e_prot_ps,E_prot_ps,e_prot_acf,E_prot_acf,e_prot_cs,E_prot_cs,sph_ps,sph_acf,sph_cs,h_ps,fa_prob_ps,hacf,gacf,hcs
10321319,58.87820398543691,58.46097607957199,59.54090008719358,17.554243725473846,44.13419015615615,-1.0,-1.0,2.98569045410299,2.98569045410299,138.2648140175916,138.2355664927763,138.53669164028562,0.06699593642626663,0.0,0.22545979576583797,0.5852461720634765,0.9951586213165665
