target_id,prot_ps,prot_acf,prot_cs,e_prot_ps,E_prot_ps,e_prot_acf,E_prot_acf,e_prot_cs,E_prot_cs,sph_ps,sph_acf,sph_cs,h_ps,fa_prob_ps,hacf,gacf,hcs
10490558,4.0438688711832445,4.005052056163549,52.596125033955204,0.040027507247927474,0.04083603305587946,-1.0,-1.0,0.6635818943869299,0.6635818943869299,333.4112534015021,332.4646921223093,380.26454461982274,0.3835157843888995,0.0,0.7737464996308648,1.0464415988433968,0.04226799366782626
