target_id,prot_ps,prot_acf,prot_cs,e_prot_ps,E_prot_ps,e_prot_acf,E_prot_acf,e_prot_cs,E_prot_cs,sph_ps,sph_acf,sph_cs,h_ps,fa_prob_ps,hacf,gacf,hcs
10462421,6.671163559188238,6.702241133898497,6.666073552169836,0.2340674086671548,0.25163518926631845,-1.0,-1.0,0.485429585455943,0.485429585455943,3526.5807992324644,3503.2556856195747,3527.4071532170087,0.08997865797274368,0.0,0.6455487099397745,1.0844775596387248,0.24433279904167568
