target_id,prot_ps,prot_acf,prot_cs,e_prot_ps,E_prot_ps,e_prot_acf,E_prot_acf,e_prot_cs,E_prot_cs,sph_ps,sph_acf,sph_cs,h_ps,fa_prob_ps,hacf,gacf,hcs
10456424,62.033241592831715,-1.0,62.67604916689917,20.703747153779453,61.04236695198161,-1.0,-1.0,7.516576635295054,7.516576635295054,416.3726478844352,-1.0,417.68222155167155,0.03858457615410175,0.0,-1.0,-1.0,0.11933707643712
