target_id,prot_ps,prot_acf,prot_cs,e_prot_ps,E_prot_ps,e_prot_acf,E_prot_acf,e_prot_cs,E_prot_cs,sph_ps,sph_acf,sph_cs,h_ps,fa_prob_ps,hacf,gacf,hcs
10417984,3.547851915079216,3.596361391246319,3.619976073200857,0.03580618366267929,0.03653660421387972,-1.0,-1.0,0.08541475241828567,0.08541475241828567,13583.731578473506,13756.57276754842,13611.465472265601,0.16123849601006396,0.0,0.781071408297405,1.1526274920296693,0.08542381107369795
