target_id,prot_ps,prot_acf,prot_cs,e_prot_ps,E_prot_ps,e_prot_acf,E_prot_acf,e_prot_cs,E_prot_cs,sph_ps,sph_acf,sph_cs,h_ps,fa_prob_ps,hacf,gacf,hcs
10412074,91.31173671505368,-1.0,92.2107627267204,3.18805206187524,3.4248076141144566,-1.0,-1.0,5.515752793575898,5.515752793575898,492.4909112456049,-1.0,491.6567601056795,0.08332775321196126,0.0,-1.0,-1.0,0.47111093626223755
