target_id,prot_ps,prot_acf,prot_cs,e_prot_ps,E_prot_ps,e_prot_acf,E_prot_acf,e_prot_cs,E_prot_cs,sph_ps,sph_acf,sph_cs,h_ps,fa_prob_ps,hacf,gacf,hcs
10423797,74.8783712889947,-1.0,75.13674362425364,0.7413904142677836,0.7563682075917768,-1.0,-1.0,2.588764766812144,2.588764766812144,793.9070126497149,-1.0,793.4866507003599,0.03916330682048206,0.0,-1.0,-1.0,0.206919375979311
