target_id,prot_ps,prot_acf,prot_cs,e_prot_ps,E_prot_ps,e_prot_acf,E_prot_acf,e_prot_cs,E_prot_cs,sph_ps,sph_acf,sph_cs,h_ps,fa_prob_ps,hacf,gacf,hcs
10486315,52.57028083809064,12.812075996305794,98.48794592845822,2.711085273127118,3.019395613599336,-1.0,-1.0,5.646113720418906,5.646113720418906,514.8113329576622,469.0267372811421,514.9971370079867,0.028117389034099768,0.0,0.1389383681283444,0.18846933849736974,0.8471014733796094
