target_id,prot_ps,prot_acf,prot_cs,e_prot_ps,E_prot_ps,e_prot_acf,E_prot_acf,e_prot_cs,E_prot_cs,sph_ps,sph_acf,sph_cs,h_ps,fa_prob_ps,hacf,gacf,hcs
10467823,27.56587747689144,-1.0,73.63109525998674,0.37962485849357464,0.3904300584976639,-1.0,-1.0,3.031561946452208,3.031561946452208,1354.278830672397,-1.0,1466.9174313978012,0.05123537219897777,0.0,-1.0,-1.0,0.09186382431827851
