target_id,prot_ps,prot_acf,prot_cs,e_prot_ps,E_prot_ps,e_prot_acf,E_prot_acf,e_prot_cs,E_prot_cs,sph_ps,sph_acf,sph_cs,h_ps,fa_prob_ps,hacf,gacf,hcs
10449049,91.31154369279544,-1.0,91.30793543368294,0.9022168779168567,0.9204244615386443,-1.0,-1.0,4.44089276345784,4.44089276345784,722.9817409295938,-1.0,722.9898686893188,0.05257691080329357,0.0,-1.0,-1.0,0.40022989645387996
