target_id,prot_ps,prot_acf,prot_cs,e_prot_ps,E_prot_ps,e_prot_acf,E_prot_acf,e_prot_cs,E_prot_cs,sph_ps,sph_acf,sph_cs,h_ps,fa_prob_ps,hacf,gacf,hcs
10427522,9.257424321001096,9.317879609763622,9.305619241856041,0.3504093323777724,0.3793272918261845,-1.0,-1.0,0.5764788662994985,0.5764788662994985,1869.8854670090755,1863.6162269121587,1864.6785781005262,0.061317215887542076,0.0,0.4491866666173143,0.8207389032770204,0.6232393074140473
