target_id,prot_ps,prot_acf,prot_cs,e_prot_ps,E_prot_ps,e_prot_acf,E_prot_acf,e_prot_cs,E_prot_cs,sph_ps,sph_acf,sph_cs,h_ps,fa_prob_ps,hacf,gacf,hcs
10421526,19.22554017882876,18.717411829158664,95.51502152114358,1.953453451160616,2.4480573326565036,-1.0,-1.0,4.62510099597084,4.62510099597084,2403.8510238277017,2275.000832674038,2488.587405530591,0.07027227496037566,0.0,0.14190224180254565,0.42104635236656884,1.314007441662314
