target_id,prot_ps,prot_acf,prot_cs,e_prot_ps,E_prot_ps,e_prot_acf,E_prot_acf,e_prot_cs,E_prot_cs,sph_ps,sph_acf,sph_cs,h_ps,fa_prob_ps,hacf,gacf,hcs
10460289,31.760565641386574,30.834421244915575,31.416168079138735,3.3840009346409587,4.312067605950848,-1.0,-1.0,3.4246659081502893,3.4246659081502893,1019.6260393422158,998.2504985880732,1023.6596616546763,0.06635108456269903,0.0,0.22590198429274366,0.6673335762112513,0.940525927264951
