target_id,prot_ps,prot_acf,prot_cs,e_prot_ps,E_prot_ps,e_prot_acf,E_prot_acf,e_prot_cs,E_prot_cs,sph_ps,sph_acf,sph_cs,h_ps,fa_prob_ps,hacf,gacf,hcs
10460062,21.173690443397003,20.719730428420007,21.018266189326535,2.396718111620082,3.1071744747212975,-1.0,-1.0,1.8670030519484433,1.8670030519484433,2086.0044126394005,2098.711311709913,2091.938028067633,0.0493202868067421,0.0,0.15192433092130384,0.5870239564438513,0.9446852394519828
