target_id,prot_ps,prot_acf,prot_cs,e_prot_ps,E_prot_ps,e_prot_acf,E_prot_acf,e_prot_cs,E_prot_cs,sph_ps,sph_acf,sph_cs,h_ps,fa_prob_ps,hacf,gacf,hcs
10538715,46.76861967909402,51.04352728370577,49.84529171928764,11.680858736025208,23.108529509372424,-1.0,-1.0,6.187011311515178,6.187011311515178,336.53824510500635,336.53824510500635,336.53824510500635,0.21550390827979152,1.577914166433886e-237,0.18046832009347963,0.5118844705932811,0.9278038671225665
