target_id,prot_ps,prot_acf,prot_cs,e_prot_ps,E_prot_ps,e_prot_acf,E_prot_acf,e_prot_cs,E_prot_cs,sph_ps,sph_acf,sph_cs,h_ps,fa_prob_ps,hacf,gacf,hcs
10582625,63.44033055324461,57.86767843365669,58.73185920551346,20.876192627481096,62.26451903454432,-1.0,-1.0,7.758269971117697,7.758269971117697,1282.527152204832,1300.6716991329156,1294.7550628843424,0.15165830257688942,0.0,0.18713048088000514,0.516395895635406,0.90341373382872
