target_id,prot_ps,prot_acf,prot_cs,e_prot_ps,E_prot_ps,e_prot_acf,E_prot_acf,e_prot_cs,E_prot_cs,sph_ps,sph_acf,sph_cs,h_ps,fa_prob_ps,hacf,gacf,hcs
10579889,91.31151438498459,-1.0,92.39627978611736,0.9767394570369419,0.9981218901434374,-1.0,-1.0,4.388364382430252,4.388364382430252,1273.9477228677915,-1.0,1270.8065470636595,0.08845345875392055,0.0,-1.0,-1.0,0.21173713260294008
