target_id,prot_ps,prot_acf,prot_cs,e_prot_ps,E_prot_ps,e_prot_acf,E_prot_acf,e_prot_cs,E_prot_cs,sph_ps,sph_acf,sph_cs,h_ps,fa_prob_ps,hacf,gacf,hcs
10553694,45.65576925684189,-1.0,61.46081284057348,0.4526458495102972,0.4617964562159784,-1.0,-1.0,7.4471915662967545,7.4471915662967545,525.0575549764236,-1.0,531.4445832244502,0.04619018617288958,0.0,-1.0,-1.0,0.08309171001117084
