target_id,prot_ps,prot_acf,prot_cs,e_prot_ps,E_prot_ps,e_prot_acf,E_prot_acf,e_prot_cs,E_prot_cs,sph_ps,sph_acf,sph_cs,h_ps,fa_prob_ps,hacf,gacf,hcs
10552320,76.8939193633997,51.94299141969532,36.901183849330984,11.48103066710641,16.439193017025516,-1.0,-1.0,6.117084168338948,6.117084168338948,740.5847776148655,745.3541758677311,747.4660903907101,0.02198003606998088,0.0,-0.04710645967650332,0.1010626066245593,2.3546450828380276
