target_id,prot_ps,prot_acf,prot_cs,e_prot_ps,E_prot_ps,e_prot_acf,E_prot_acf,e_prot_cs,E_prot_cs,sph_ps,sph_acf,sph_cs,h_ps,fa_prob_ps,hacf,gacf,hcs
10593097,73.04928259972418,-1.0,72.34010710146279,12.18750962919949,18.382808217537786,-1.0,-1.0,3.986261670201224,3.986261670201224,1698.0361489678216,-1.0,1704.9048923904897,0.12129721286733795,0.0,-1.0,-1.0,0.38209293587830917
