target_id,prot_ps,prot_acf,prot_cs,e_prot_ps,E_prot_ps,e_prot_acf,E_prot_acf,e_prot_cs,E_prot_cs,sph_ps,sph_acf,sph_cs,h_ps,fa_prob_ps,hacf,gacf,hcs
10538626,28.306861971456385,29.036352138035,28.60438276140019,2.766972744079844,3.4310249437171976,-1.0,-1.0,1.8328452398631214,1.8328452398631214,237.4466386568227,240.22813843828217,238.6883573068535,0.054206764961156624,0.0,-0.3734742453916087,0.2237785928255197,1.001011942234156
