target_id,prot_ps,prot_acf,prot_cs,e_prot_ps,E_prot_ps,e_prot_acf,E_prot_acf,e_prot_cs,E_prot_cs,sph_ps,sph_acf,sph_cs,h_ps,fa_prob_ps,hacf,gacf,hcs
10526682,73.59867844693969,-1.0,74.31754817312117,11.956217875742176,17.796018543776526,-1.0,-1.0,7.181194255264449,7.181194255264449,741.6057211099887,-1.0,743.078923758937,0.060955427472352434,0.0,-1.0,-1.0,0.4352157300345444
