target_id,prot_ps,prot_acf,prot_cs,e_prot_ps,E_prot_ps,e_prot_acf,E_prot_acf,e_prot_cs,E_prot_cs,sph_ps,sph_acf,sph_cs,h_ps,fa_prob_ps,hacf,gacf,hcs
10599193,77.4722981419581,-1.0,77.96120343276547,0.7673799884239401,0.7828859739828715,-1.0,-1.0,2.8479848078404633,2.8479848078404633,215.70774568159263,-1.0,215.35963248435021,0.06613875695336606,0.0,-1.0,-1.0,0.29204431823265375
