target_id,prot_ps,prot_acf,prot_cs,e_prot_ps,E_prot_ps,e_prot_acf,E_prot_acf,e_prot_cs,E_prot_cs,sph_ps,sph_acf,sph_cs,h_ps,fa_prob_ps,hacf,gacf,hcs
10590054,2.050082655702499,2.104682917241007,2.125729746413405,0.03351966830227404,0.03464113303226535,-1.0,-1.0,0.08269893184774632,0.08269893184774632,4181.008353004892,4173.402526610527,4190.122036803365,0.100874631322538,0.0,0.7652056982607539,1.1029524018773769,0.11709666419432851
