target_id,prot_ps,prot_acf,prot_cs,e_prot_ps,E_prot_ps,e_prot_acf,E_prot_acf,e_prot_cs,E_prot_cs,sph_ps,sph_acf,sph_cs,h_ps,fa_prob_ps,hacf,gacf,hcs
10528932,21.48511180336273,21.414481185376644,21.466769679288355,0.28216372341000096,0.28980258663843017,-1.0,-1.0,0.2912920756029006,0.2912920756029006,10403.964305381855,10386.59446045337,10398.30658993712,0.314432438493101,0.0,0.3577252542433093,0.8635652033663341,0.9158497412768349
