target_id,prot_ps,prot_acf,prot_cs,e_prot_ps,E_prot_ps,e_prot_acf,E_prot_acf,e_prot_cs,E_prot_cs,sph_ps,sph_acf,sph_cs,h_ps,fa_prob_ps,hacf,gacf,hcs
10526834,52.178137073634915,62.853962913155556,14.32884191984941,23.32683502527861,203.16308445140902,-1.0,-1.0,0.42848535921124553,0.42848535921124553,233.751669162331,233.2802352577868,228.38515134820355,0.03706687843082191,0.0,0.0032066294780357476,0.319041153273136,1.5229929559075048
