target_id,prot_ps,prot_acf,prot_cs,e_prot_ps,E_prot_ps,e_prot_acf,E_prot_acf,e_prot_cs,E_prot_cs,sph_ps,sph_acf,sph_cs,h_ps,fa_prob_ps,hacf,gacf,hcs
10527775,18.39940540221249,57.76612437609583,92.91253019476308,1.0650095283140502,1.2028677873817486,-1.0,-1.0,4.121845294206891,4.121845294206891,263.05718515268006,261.6893730464484,263.5940191601514,0.09302992033720385,0.0,0.23375319299618488,0.5119615005119177,0.3280125605205712
