target_id,prot_ps,prot_acf,prot_cs,e_prot_ps,E_prot_ps,e_prot_acf,E_prot_acf,e_prot_cs,E_prot_cs,sph_ps,sph_acf,sph_cs,h_ps,fa_prob_ps,hacf,gacf,hcs
10515886,22.827902165987485,23.233087982051075,23.05265863562934,1.458638978782158,1.6699100759739842,-1.0,-1.0,1.1562815648794822,1.1562815648794822,2748.0088649141285,2728.9901151123854,2759.82973017179,0.07852642627162364,0.0,0.14153805966553942,0.539822912350154,0.9861148449377142
