target_id,prot_ps,prot_acf,prot_cs,e_prot_ps,E_prot_ps,e_prot_acf,E_prot_acf,e_prot_cs,E_prot_cs,sph_ps,sph_acf,sph_cs,h_ps,fa_prob_ps,hacf,gacf,hcs
10554767,40.58283526650536,-1.0,101.00358505131982,7.47879128110845,11.775463576861021,-1.0,-1.0,11.00274165243204,11.00274165243204,905.9706360950047,-1.0,930.347472442907,0.0167619081505739,1.2100226055253642e-257,-1.0,-1.0,0.06428675295296032
