target_id,prot_ps,prot_acf,prot_cs,e_prot_ps,E_prot_ps,e_prot_acf,E_prot_acf,e_prot_cs,E_prot_cs,sph_ps,sph_acf,sph_cs,h_ps,fa_prob_ps,hacf,gacf,hcs
10667335,73.04928112381266,-1.0,73.80152172468601,28.68189983470689,138.64570328925066,-1.0,-1.0,5.873120777424475,5.873120777424475,681.1916678091161,-1.0,680.0779521892541,0.03856954964029453,0.0,-1.0,-1.0,0.1617823747593622
