target_id,prot_ps,prot_acf,prot_cs,e_prot_ps,E_prot_ps,e_prot_acf,E_prot_acf,e_prot_cs,E_prot_cs,sph_ps,sph_acf,sph_cs,h_ps,fa_prob_ps,hacf,gacf,hcs
10662373,39.486177925808136,41.74600665271282,40.33845884996868,3.7714082008779357,4.650972029283338,-1.0,-1.0,1.5395858922823256,1.5395858922823256,479.97670440287897,478.5436027746167,479.3777301050746,0.1124402161177047,0.0,0.31512053473445045,0.8225183140753212,0.9667801020681506
