target_id,prot_ps,prot_acf,prot_cs,e_prot_ps,E_prot_ps,e_prot_acf,E_prot_acf,e_prot_cs,E_prot_cs,sph_ps,sph_acf,sph_cs,h_ps,fa_prob_ps,hacf,gacf,hcs
10681783,97.39891523929005,-1.0,98.59360430454484,0.9642955028848945,0.9837757054707055,-1.0,-1.0,4.031698592254681,4.031698592254681,319.4670436770102,-1.0,319.8821540694175,0.022896037305839768,0.0,-1.0,-1.0,0.052368663504045704
