target_id,prot_ps,prot_acf,prot_cs,e_prot_ps,E_prot_ps,e_prot_acf,E_prot_acf,e_prot_cs,E_prot_cs,sph_ps,sph_acf,sph_cs,h_ps,fa_prob_ps,hacf,gacf,hcs
10615416,52.17793014621442,71.76388604938984,52.17624448833642,4.683944269886588,5.696441103968873,-1.0,-1.0,7.252895060588662,7.252895060588662,530.5522708644179,564.7000659156105,530.5522708644179,0.054670338037259285,0.0,-0.12262393765645822,0.2583771598491647,3.6322691040018027
