target_id,prot_ps,prot_acf,prot_cs,e_prot_ps,E_prot_ps,e_prot_acf,E_prot_acf,e_prot_cs,E_prot_cs,sph_ps,sph_acf,sph_cs,h_ps,fa_prob_ps,hacf,gacf,hcs
10656017,61.99496899569812,-1.0,62.14560161984518,8.51224875297595,11.690478992194365,-1.0,-1.0,2.0213522906856753,2.0213522906856753,852.3843942714014,-1.0,852.3657580784944,0.19094564179371654,0.0,-1.0,-1.0,0.4568301373433662
