target_id,prot_ps,prot_acf,prot_cs,e_prot_ps,E_prot_ps,e_prot_acf,E_prot_acf,e_prot_cs,E_prot_cs,sph_ps,sph_acf,sph_cs,h_ps,fa_prob_ps,hacf,gacf,hcs
10610954,52.17790416727939,-1.0,72.23976049565246,20.689291707309252,96.27339860150784,-1.0,-1.0,5.337718425415763,5.337718425415763,734.4955441849228,-1.0,720.2418955713594,0.04336113571561395,0.0,-1.0,-1.0,0.11256024829385998
