target_id,prot_ps,prot_acf,prot_cs,e_prot_ps,E_prot_ps,e_prot_acf,E_prot_acf,e_prot_cs,E_prot_cs,sph_ps,sph_acf,sph_cs,h_ps,fa_prob_ps,hacf,gacf,hcs
10656771,63.52126646720105,-1.0,62.83235906836582,1.1967872305404228,1.244136943895029,-1.0,-1.0,2.5887902668601344,2.5887902668601344,265.3968062224799,-1.0,265.43175912451204,0.04430130656087737,0.0,-1.0,-1.0,0.05594742941327105
