target_id,prot_ps,prot_acf,prot_cs,e_prot_ps,E_prot_ps,e_prot_acf,E_prot_acf,e_prot_cs,E_prot_cs,sph_ps,sph_acf,sph_cs,h_ps,fa_prob_ps,hacf,gacf,hcs
10678168,29.21966893654583,39.64182280935347,29.39969999702697,0.28753408892303867,0.2933247977981672,-1.0,-1.0,2.0209998248534817,2.0209998248534817,3795.7397904007107,3709.082619951269,3779.3342856712343,0.057336058322174796,0.0,-0.18415606439074528,0.13817220503500555,2.1864278737629337
