target_id,prot_ps,prot_acf,prot_cs,e_prot_ps,E_prot_ps,e_prot_acf,E_prot_acf,e_prot_cs,E_prot_cs,sph_ps,sph_acf,sph_cs,h_ps,fa_prob_ps,hacf,gacf,hcs
10617247,45.99854347354081,-1.0,74.31872184814884,0.4562306507168472,0.46545564063299594,-1.0,-1.0,12.979584189925417,12.979584189925417,338.46050140941037,-1.0,340.2550307525678,0.09112343143004421,0.0,-1.0,-1.0,0.289410149691036
