target_id,prot_ps,prot_acf,prot_cs,e_prot_ps,E_prot_ps,e_prot_acf,E_prot_acf,e_prot_cs,E_prot_cs,sph_ps,sph_acf,sph_cs,h_ps,fa_prob_ps,hacf,gacf,hcs
10679458,8.254137945496517,8.316603343002498,8.34546357016762,0.1954442199243296,0.20506445079564273,-1.0,-1.0,0.16747200492660125,0.16747200492660125,4420.493010119625,4400.546119519538,4409.780706910267,0.12270460069841184,0.0,0.6195658955655509,1.1075376781346236,0.7055602293224422
