target_id,prot_ps,prot_acf,prot_cs,e_prot_ps,E_prot_ps,e_prot_acf,E_prot_acf,e_prot_cs,E_prot_cs,sph_ps,sph_acf,sph_cs,h_ps,fa_prob_ps,hacf,gacf,hcs
10622162,91.31158924030214,31.83604803867638,37.0605928156525,8.407491462524675,10.328499248628631,-1.0,-1.0,8.53538267359081,8.53538267359081,907.0477293216127,882.8160064397388,903.7161643197991,0.038189582309437364,0.0,-0.18629291424543654,0.11626484493391807,0.5810768798703033
