target_id,prot_ps,prot_acf,prot_cs,e_prot_ps,E_prot_ps,e_prot_acf,E_prot_acf,e_prot_cs,E_prot_cs,sph_ps,sph_acf,sph_cs,h_ps,fa_prob_ps,hacf,gacf,hcs
10666363,45.999152647208895,65.67397223692387,8.399688788871279,21.334669772546825,261.2471806400441,-1.0,-1.0,2.0339830706358213,2.0339830706358213,172.62233520300643,169.9562031884082,152.66399723387667,0.038251851419897155,0.0,0.03542335854613855,0.18192189739391934,0.7693985196399242
