target_id,prot_ps,prot_acf,prot_cs,e_prot_ps,E_prot_ps,e_prot_acf,E_prot_acf,e_prot_cs,E_prot_cs,sph_ps,sph_acf,sph_cs,h_ps,fa_prob_ps,hacf,gacf,hcs
10746148,91.31132283383053,-1.0,91.63809741979416,1.155457427951859,1.1856891432721568,-1.0,-1.0,4.211796248974323,4.211796248974323,748.911770472536,-1.0,748.6739155567125,0.14595846861808767,0.0,-1.0,-1.0,0.38370789315922943
