target_id,prot_ps,prot_acf,prot_cs,e_prot_ps,E_prot_ps,e_prot_acf,E_prot_acf,e_prot_cs,E_prot_cs,sph_ps,sph_acf,sph_cs,h_ps,fa_prob_ps,hacf,gacf,hcs
10783945,72.93514344398916,-1.0,74.00788158027454,25.114164033941265,78.9218566122928,-1.0,-1.0,3.1997245376934966,3.1997245376934966,594.1753586861394,-1.0,592.6421537352126,0.13755678656865886,0.0,-1.0,-1.0,0.0785709515145906
