target_id,prot_ps,prot_acf,prot_cs,e_prot_ps,E_prot_ps,e_prot_acf,E_prot_acf,e_prot_cs,E_prot_cs,sph_ps,sph_acf,sph_cs,h_ps,fa_prob_ps,hacf,gacf,hcs
10778226,45.99924323102828,-1.0,91.0727009415784,0.45984439069087557,0.4691796887284738,-1.0,-1.0,17.097702700198756,17.097702700198756,221.092372829444,-1.0,221.8531409757235,0.05006355201411341,0.0,-1.0,-1.0,0.34479253987236236
