target_id,prot_ps,prot_acf,prot_cs,e_prot_ps,E_prot_ps,e_prot_acf,E_prot_acf,e_prot_cs,E_prot_cs,sph_ps,sph_acf,sph_cs,h_ps,fa_prob_ps,hacf,gacf,hcs
10784958,29.219677833572177,30.221366804558784,29.51231918581761,5.487861371167394,8.73684508489223,-1.0,-1.0,3.4039884439880628,3.4039884439880628,1044.1943693388823,1013.088499468332,1033.3104740580623,0.06673835490143794,0.0,0.25952540240086674,0.6857658840481955,0.9658287708216785
