target_id,prot_ps,prot_acf,prot_cs,e_prot_ps,E_prot_ps,e_prot_acf,E_prot_acf,e_prot_cs,E_prot_cs,sph_ps,sph_acf,sph_cs,h_ps,fa_prob_ps,hacf,gacf,hcs
10798883,45.65592286782355,-1.0,91.86182978636991,12.296630974179507,26.346836747581165,-1.0,-1.0,4.831323471250049,4.831323471250049,272.4914951338621,-1.0,275.353268974078,0.06828321420552569,0.0,-1.0,-1.0,0.3671977941567608
