target_id,prot_ps,prot_acf,prot_cs,e_prot_ps,E_prot_ps,e_prot_acf,E_prot_acf,e_prot_cs,E_prot_cs,sph_ps,sph_acf,sph_cs,h_ps,fa_prob_ps,hacf,gacf,hcs
10717972,47.12848073909786,-1.0,92.21045592518522,18.097954644079408,75.51700387646568,-1.0,-1.0,5.875215433083436,5.875215433083436,268.5493103063732,-1.0,272.7521061552421,0.05427042880489309,0.0,-1.0,-1.0,0.19827119442200755
