target_id,prot_ps,prot_acf,prot_cs,e_prot_ps,E_prot_ps,e_prot_acf,E_prot_acf,e_prot_cs,E_prot_cs,sph_ps,sph_acf,sph_cs,h_ps,fa_prob_ps,hacf,gacf,hcs
10750347,2.124053093543413,2.2068624515086412,2.120242411083072,0.021455081752963956,0.021892940564248953,-1.0,-1.0,0.07287375938063155,0.07287375938063155,1062.8637013098664,1078.7835665011917,1072.1280597525772,0.20448975138368589,0.0,0.7790698253452698,1.2058485949862139,0.047548728001417455
