target_id,prot_ps,prot_acf,prot_cs,e_prot_ps,E_prot_ps,e_prot_acf,E_prot_acf,e_prot_cs,E_prot_cs,sph_ps,sph_acf,sph_cs,h_ps,fa_prob_ps,hacf,gacf,hcs
10716734,44.968054760610386,42.746992936357856,44.50427849683911,11.520437743041064,23.87690254757851,-1.0,-1.0,6.539641840955247,6.539641840955247,2729.220142063172,2729.220142063172,2729.220142063172,0.683908299968308,0.0,0.36173541817446087,0.7628382015263157,0.9490905770935651
