target_id,prot_ps,prot_acf,prot_cs,e_prot_ps,E_prot_ps,e_prot_acf,E_prot_acf,e_prot_cs,E_prot_cs,sph_ps,sph_acf,sph_cs,h_ps,fa_prob_ps,hacf,gacf,hcs
10737227,91.3116949898115,-1.0,90.38476789355279,34.98028866825629,154.66709982792895,-1.0,-1.0,21.195013611146994,21.195013611146994,858.7309017472439,-1.0,860.4183879479045,0.08936143757231947,0.0,-1.0,-1.0,0.36030533326789066
