target_id,prot_ps,prot_acf,prot_cs,e_prot_ps,E_prot_ps,e_prot_acf,E_prot_acf,e_prot_cs,E_prot_cs,sph_ps,sph_acf,sph_cs,h_ps,fa_prob_ps,hacf,gacf,hcs
10717107,73.43525064638281,-1.0,20.265114836718894,35.01370707685229,625.893648976382,-1.0,-1.0,0.6251237891570254,0.6251237891570254,378.7152428068215,-1.0,302.92166285786027,0.02880463736097169,1.278030346357744e-223,-1.0,-1.0,0.02250666632098333
