target_id,prot_ps,prot_acf,prot_cs,e_prot_ps,E_prot_ps,e_prot_acf,E_prot_acf,e_prot_cs,E_prot_cs,sph_ps,sph_acf,sph_cs,h_ps,fa_prob_ps,hacf,gacf,hcs
10734827,60.874408074398744,-1.0,80.37116282511504,0.9354606482957308,0.9648169182115467,-1.0,-1.0,10.994003680456187,10.994003680456187,888.8303895515133,-1.0,881.4255860599073,0.05441426490279212,0.0,-1.0,-1.0,0.08688342503666399
