target_id,prot_ps,prot_acf,prot_cs,e_prot_ps,E_prot_ps,e_prot_acf,E_prot_acf,e_prot_cs,E_prot_cs,sph_ps,sph_acf,sph_cs,h_ps,fa_prob_ps,hacf,gacf,hcs
10709515,52.69244858853528,63.46691654715687,8.296470526875927,20.292341112307497,85.4471945787268,-1.0,-1.0,0.5035011724668841,0.5035011724668841,1122.6796332110655,1088.6991765166679,1018.7277153066575,0.05365719629993364,0.0,0.06922581892021032,0.3544514498338242,0.47055971297099053
