target_id,prot_ps,prot_acf,prot_cs,e_prot_ps,E_prot_ps,e_prot_acf,E_prot_acf,e_prot_cs,E_prot_cs,sph_ps,sph_acf,sph_cs,h_ps,fa_prob_ps,hacf,gacf,hcs
10734053,34.441609946211926,-1.0,77.42473217097712,15.379345345756523,132.73740026312788,-1.0,-1.0,10.055105710699584,10.055105710699584,989.7297121953941,-1.0,1016.3096314947751,0.03870677066573474,0.0,-1.0,-1.0,0.33600545765623324
