target_id,prot_ps,prot_acf,prot_cs,e_prot_ps,E_prot_ps,e_prot_acf,E_prot_acf,e_prot_cs,E_prot_cs,sph_ps,sph_acf,sph_cs,h_ps,fa_prob_ps,hacf,gacf,hcs
10784724,27.055231554386168,-1.0,73.80136531200259,0.2692198576650533,0.2746724996514125,-1.0,-1.0,12.969321761136738,12.969321761136738,323.2435863315663,-1.0,348.8254793570552,0.054227529651266045,0.0,-1.0,-1.0,0.20160644976892578
