target_id,prot_ps,prot_acf,prot_cs,e_prot_ps,E_prot_ps,e_prot_acf,E_prot_acf,e_prot_cs,E_prot_cs,sph_ps,sph_acf,sph_cs,h_ps,fa_prob_ps,hacf,gacf,hcs
10776637,8.854354256762628,8.909101601690054,8.878347230054972,0.10463168564912628,0.10715112637362445,-1.0,-1.0,0.12955511805375305,0.12955511805375305,3587.224446344059,3594.6506017058196,3585.6145123798206,0.13751191052515302,0.0,0.4941297005109448,0.8379953170160437,0.4710165253760646
