target_id,prot_ps,prot_acf,prot_cs,e_prot_ps,E_prot_ps,e_prot_acf,E_prot_acf,e_prot_cs,E_prot_cs,sph_ps,sph_acf,sph_cs,h_ps,fa_prob_ps,hacf,gacf,hcs
10809551,91.31136802542417,-1.0,92.21167892856522,33.13849813899843,124.15768262248864,-1.0,-1.0,4.905402830954228,4.905402830954228,319.90674545850425,-1.0,319.6760311415663,0.04939988609908656,0.0,-1.0,-1.0,0.45576290620900084
