target_id,prot_ps,prot_acf,prot_cs,e_prot_ps,E_prot_ps,e_prot_acf,E_prot_acf,e_prot_cs,E_prot_cs,sph_ps,sph_acf,sph_cs,h_ps,fa_prob_ps,hacf,gacf,hcs
10865307,10.586854716433319,10.605078791733831,10.632100007739647,0.17542141778720755,0.181373238552748,-1.0,-1.0,0.07708747106709381,0.07708747106709381,7967.664128357805,7953.23270563608,7953.256862086354,0.15296173529816012,0.0,0.5258532889327833,0.9740913712569276,0.9745360443140297
