target_id,prot_ps,prot_acf,prot_cs,e_prot_ps,E_prot_ps,e_prot_acf,E_prot_acf,e_prot_cs,E_prot_cs,sph_ps,sph_acf,sph_cs,h_ps,fa_prob_ps,hacf,gacf,hcs
10802049,29.219789247953134,28.729770665057003,29.390831498819292,8.769989777312148,21.61558201398602,-1.0,-1.0,1.9523215913354026,1.9523215913354026,831.3723815358719,832.4138353949944,833.4435353565984,0.04528113438823457,0.0,0.1358698294152936,0.49140892640918904,0.9890735511366756
