target_id,prot_ps,prot_acf,prot_cs,e_prot_ps,E_prot_ps,e_prot_acf,E_prot_acf,e_prot_cs,E_prot_cs,sph_ps,sph_acf,sph_cs,h_ps,fa_prob_ps,hacf,gacf,hcs
10809070,14.757380921486897,15.223247827962041,14.759991561257875,0.17575055689764874,0.18003042261259417,-1.0,-1.0,0.08811681342761632,0.08811681342761632,471.3021159363675,498.86892479965854,471.3021159363675,0.08933247676735566,0.0,0.14890329025358945,0.23232664350019416,0.695296240601581
