target_id,prot_ps,prot_acf,prot_cs,e_prot_ps,E_prot_ps,e_prot_acf,E_prot_acf,e_prot_cs,E_prot_cs,sph_ps,sph_acf,sph_cs,h_ps,fa_prob_ps,hacf,gacf,hcs
10859964,112.38352965715058,20.12717174133286,74.00791699803433,2.905197616158901,3.061920384912483,-1.0,-1.0,4.3872102206355335,4.3872102206355335,530.372871730215,528.341616147319,535.1848981877708,0.03293789140266752,0.0,0.04550661573740954,0.2529893796045442,2.7026334357370763
