target_id,prot_ps,prot_acf,prot_cs,e_prot_ps,E_prot_ps,e_prot_acf,E_prot_acf,e_prot_cs,E_prot_cs,sph_ps,sph_acf,sph_cs,h_ps,fa_prob_ps,hacf,gacf,hcs
10800476,21.8057686865754,-1.0,68.8809298136274,0.6601605436935429,0.7029377867621456,-1.0,-1.0,9.170234381115058,9.170234381115058,427.419407912231,-1.0,431.88524100695645,0.04843727232642139,0.0,-1.0,-1.0,0.11505517259836506
