target_id,prot_ps,prot_acf,prot_cs,e_prot_ps,E_prot_ps,e_prot_acf,E_prot_acf,e_prot_cs,E_prot_cs,sph_ps,sph_acf,sph_cs,h_ps,fa_prob_ps,hacf,gacf,hcs
10843203,95.37692203419512,-1.0,96.33624904422906,5.429122128338221,6.134490855553196,-1.0,-1.0,7.33883260245613,7.33883260245613,1237.238795308981,-1.0,1236.8945065231521,0.08421456537990744,0.0,-1.0,-1.0,0.4044747173305755
