target_id,prot_ps,prot_acf,prot_cs,e_prot_ps,E_prot_ps,e_prot_acf,E_prot_acf,e_prot_cs,E_prot_cs,sph_ps,sph_acf,sph_cs,h_ps,fa_prob_ps,hacf,gacf,hcs
10861332,121.74897484398787,-1.0,15.25294087752738,1.2059241654096553,1.2302912830608506,-1.0,-1.0,4.31307261057467,4.31307261057467,796.18743180509,-1.0,763.6802803931372,0.02455592758083194,0.0,-1.0,-1.0,0.05005249269956713
