target_id,prot_ps,prot_acf,prot_cs,e_prot_ps,E_prot_ps,e_prot_acf,E_prot_acf,e_prot_cs,E_prot_cs,sph_ps,sph_acf,sph_cs,h_ps,fa_prob_ps,hacf,gacf,hcs
10811887,91.31138239684276,-1.0,90.38572156654672,0.9027530204616028,0.9209769344316641,-1.0,-1.0,16.699412538314316,16.699412538314316,268.62447109975227,-1.0,267.88823843636527,0.029588002799993268,0.0,-1.0,-1.0,0.2630580509312948
