target_id,prot_ps,prot_acf,prot_cs,e_prot_ps,E_prot_ps,e_prot_acf,E_prot_acf,e_prot_cs,E_prot_cs,sph_ps,sph_acf,sph_cs,h_ps,fa_prob_ps,hacf,gacf,hcs
10855545,95.37628928400014,-1.0,82.0083259307718,2.772945667760439,2.9459587610932516,-1.0,-1.0,9.301957608571382,9.301957608571382,629.1352375988272,-1.0,640.5271240110552,0.022601668346426233,1.9068439202696863e-296,-1.0,-1.0,0.07155153337976751
