target_id,prot_ps,prot_acf,prot_cs,e_prot_ps,E_prot_ps,e_prot_acf,E_prot_acf,e_prot_cs,E_prot_cs,sph_ps,sph_acf,sph_cs,h_ps,fa_prob_ps,hacf,gacf,hcs
10841628,95.3439066661699,-1.0,95.45855144850256,0.9433404711556648,0.9623911047784048,-1.0,-1.0,6.032042803290692,6.032042803290692,1147.992158230716,-1.0,1147.8283374813495,0.07014185153733592,0.0,-1.0,-1.0,0.12906884081203523
