target_id,prot_ps,prot_acf,prot_cs,e_prot_ps,E_prot_ps,e_prot_acf,E_prot_acf,e_prot_cs,E_prot_cs,sph_ps,sph_acf,sph_cs,h_ps,fa_prob_ps,hacf,gacf,hcs
10813405,61.994697375023115,-1.0,62.575391460877704,10.741225164111071,16.394437704543364,-1.0,-1.0,10.26494563634225,10.26494563634225,745.4497949140093,-1.0,744.6565487083396,0.05339389294191294,0.0,-1.0,-1.0,0.40208365069208324
