target_id,prot_ps,prot_acf,prot_cs,e_prot_ps,E_prot_ps,e_prot_acf,E_prot_acf,e_prot_cs,E_prot_cs,sph_ps,sph_acf,sph_cs,h_ps,fa_prob_ps,hacf,gacf,hcs
10858656,76.89400486089492,-1.0,76.3552833135869,2.985397843237763,3.2394560292028274,-1.0,-1.0,4.697791076977348,4.697791076977348,632.5232555254015,-1.0,632.4672075237884,0.03750387694943507,0.0,-1.0,-1.0,0.48559305938514
