target_id,prot_ps,prot_acf,prot_cs,e_prot_ps,E_prot_ps,e_prot_acf,E_prot_acf,e_prot_cs,E_prot_cs,sph_ps,sph_acf,sph_cs,h_ps,fa_prob_ps,hacf,gacf,hcs
10972910,48.76414760283328,53.251678879372776,52.772904191673724,15.23603510466856,39.95162290341859,-1.0,-1.0,7.076171428772686,7.076171428772686,2116.550716782169,2116.550716782169,2116.550716782169,0.5534920403886959,0.0,0.23378225442922526,0.5834921173521659,0.9327460366898265
