target_id,prot_ps,prot_acf,prot_cs,e_prot_ps,E_prot_ps,e_prot_acf,E_prot_acf,e_prot_cs,E_prot_cs,sph_ps,sph_acf,sph_cs,h_ps,fa_prob_ps,hacf,gacf,hcs
10902706,54.1105861258397,-1.0,93.51083564820729,0.7444838383410186,0.7653570056840664,-1.0,-1.0,4.466632485467615,4.466632485467615,858.6312497447192,-1.0,854.9126761542494,0.04872472081124712,0.0,-1.0,-1.0,0.07000989763026726
