target_id,prot_ps,prot_acf,prot_cs,e_prot_ps,E_prot_ps,e_prot_acf,E_prot_acf,e_prot_cs,E_prot_cs,sph_ps,sph_acf,sph_cs,h_ps,fa_prob_ps,hacf,gacf,hcs
10964533,40.88797973517444,-1.0,9.101347840132641,17.081592257954586,98.83803960901076,-1.0,-1.0,5.770489366942156,5.770489366942156,189.40140410489062,-1.0,166.61526628570218,0.033062652452172984,0.0,-1.0,-1.0,0.006945727550028498
