target_id,prot_ps,prot_acf,prot_cs,e_prot_ps,E_prot_ps,e_prot_acf,E_prot_acf,e_prot_cs,E_prot_cs,sph_ps,sph_acf,sph_cs,h_ps,fa_prob_ps,hacf,gacf,hcs
10964141,8.854419647037567,8.806874601636082,8.866554146169834,0.2723431043965032,0.2900045515798588,-1.0,-1.0,0.09354822763380462,0.09354822763380462,4305.289628911693,4304.850433655327,4302.5013178782865,0.1478372214609403,0.0,0.5759570809599869,0.8281686443285765,0.438235454861098
