target_id,prot_ps,prot_acf,prot_cs,e_prot_ps,E_prot_ps,e_prot_acf,E_prot_acf,e_prot_cs,E_prot_cs,sph_ps,sph_acf,sph_cs,h_ps,fa_prob_ps,hacf,gacf,hcs
10990723,43.293149462081516,48.75533860363066,47.922043252307915,11.593150268433114,24.67727499266644,-1.0,-1.0,3.7389751132873825,3.7389751132873825,392.84722045955886,403.30050844317816,405.24717846617415,0.050283238616584,0.0,0.07673378333584102,0.44111219955300435,0.7662194050242777
