target_id,prot_ps,prot_acf,prot_cs,e_prot_ps,E_prot_ps,e_prot_acf,E_prot_acf,e_prot_cs,E_prot_cs,sph_ps,sph_acf,sph_cs,h_ps,fa_prob_ps,hacf,gacf,hcs
10979116,91.31176348639063,96.99865095643327,91.5483821683178,17.230298641165618,27.84329727174361,-1.0,-1.0,3.773958417198771,3.773958417198771,633.9534431372628,633.1142186641271,634.0152562512588,0.04061882445940652,0.0,0.6936262347078809,0.7093721053571965,0.9848860620113793
