target_id,prot_ps,prot_acf,prot_cs,e_prot_ps,E_prot_ps,e_prot_acf,E_prot_acf,e_prot_cs,E_prot_cs,sph_ps,sph_acf,sph_cs,h_ps,fa_prob_ps,hacf,gacf,hcs
10923810,69.57079886002437,-1.0,70.1537760267974,1.1094160012663963,1.145587017348646,-1.0,-1.0,3.1392923344314947,3.1392923344314947,645.8936990822707,-1.0,645.2343599137726,0.052100617187562454,0.0,-1.0,-1.0,0.23306933907110053
