target_id,prot_ps,prot_acf,prot_cs,e_prot_ps,E_prot_ps,e_prot_acf,E_prot_acf,e_prot_cs,E_prot_cs,sph_ps,sph_acf,sph_cs,h_ps,fa_prob_ps,hacf,gacf,hcs
10991711,53.90832057540194,60.56619814038277,54.48505759835243,17.082491949732216,45.84959275766772,-1.0,-1.0,5.466002393280357,5.466002393280357,1237.4807787724485,1281.5665910824453,1239.3076986705698,0.07009898491302242,0.0,0.15719055165404833,0.45233397838126244,0.6338443568830747
