target_id,prot_ps,prot_acf,prot_cs,e_prot_ps,E_prot_ps,e_prot_acf,E_prot_acf,e_prot_cs,E_prot_cs,sph_ps,sph_acf,sph_cs,h_ps,fa_prob_ps,hacf,gacf,hcs
10972370,73.5985862512357,-1.0,12.886105811437593,1.2580992861950762,1.3021729656616685,-1.0,-1.0,0.40112931797404056,0.40112931797404056,243.84961699003838,-1.0,237.81003793021918,0.04005284321171672,0.0,-1.0,-1.0,0.13886174720383665
