target_id,prot_ps,prot_acf,prot_cs,e_prot_ps,E_prot_ps,e_prot_acf,E_prot_acf,e_prot_cs,E_prot_cs,sph_ps,sph_acf,sph_cs,h_ps,fa_prob_ps,hacf,gacf,hcs
10923260,4.594296366425575,4.597578349057585,4.605239128383718,0.08285561832288746,0.08593740849095788,-1.0,-1.0,0.053116025794343054,0.053116025794343054,5379.010386679166,5382.749911543187,5399.118330152529,0.11651651392525474,0.0,0.709274372219356,1.0114435334632088,0.8399376679038154
