target_id,prot_ps,prot_acf,prot_cs,e_prot_ps,E_prot_ps,e_prot_acf,E_prot_acf,e_prot_cs,E_prot_cs,sph_ps,sph_acf,sph_cs,h_ps,fa_prob_ps,hacf,gacf,hcs
10989344,73.04904449764383,-1.0,73.47412391647701,18.718218929604845,38.802957236706206,-1.0,-1.0,2.86311052466855,2.86311052466855,506.4622683067005,-1.0,504.7604524931997,0.13623258236177666,0.0,-1.0,-1.0,0.43491596927316584
