target_id,prot_ps,prot_acf,prot_cs,e_prot_ps,E_prot_ps,e_prot_acf,E_prot_acf,e_prot_cs,E_prot_cs,sph_ps,sph_acf,sph_cs,h_ps,fa_prob_ps,hacf,gacf,hcs
10908345,28.646834937036424,-1.0,67.03227601763467,1.9722752046073921,2.2908734141449187,-1.0,-1.0,10.593307235913624,10.593307235913624,1408.5472326489587,-1.0,1535.1245201971446,0.0765823076339612,0.0,-1.0,-1.0,0.069217462567109
