target_id,prot_ps,prot_acf,prot_cs,e_prot_ps,E_prot_ps,e_prot_acf,E_prot_acf,e_prot_cs,E_prot_cs,sph_ps,sph_acf,sph_cs,h_ps,fa_prob_ps,hacf,gacf,hcs
10990374,65.25639379991871,15.018952055834234,54.48507994785904,22.452718210751044,73.6202673881915,-1.0,-1.0,10.601979147398502,10.601979147398502,779.8455440482654,699.6775526154568,774.3396120510636,0.03597032600745418,0.0,0.17029940938366114,0.22313669550225973,0.7053694150514848
