target_id,prot_ps,prot_acf,prot_cs,e_prot_ps,E_prot_ps,e_prot_acf,E_prot_acf,e_prot_cs,E_prot_cs,sph_ps,sph_acf,sph_cs,h_ps,fa_prob_ps,hacf,gacf,hcs
10964309,72.93534408025582,17.40956214442849,64.61277004563141,25.546469948031522,87.34701160866399,-1.0,-1.0,3.058870099900599,3.058870099900599,1872.9359603736964,1692.3853739519407,1874.96195367188,0.0635157666889926,0.0,0.0039912050011555265,0.21111825497597517,10.664300359877611
