target_id,prot_ps,prot_acf,prot_cs,e_prot_ps,E_prot_ps,e_prot_acf,E_prot_acf,e_prot_cs,E_prot_cs,sph_ps,sph_acf,sph_cs,h_ps,fa_prob_ps,hacf,gacf,hcs
10921177,63.5211073891159,-1.0,73.80151331540196,0.6281875722188346,0.6408707077103983,-1.0,-1.0,4.122938023354335,4.122938023354335,686.3381489434621,-1.0,694.0663041354426,0.049040725545119304,0.0,-1.0,-1.0,0.05375683060790512
