target_id,prot_ps,prot_acf,prot_cs,e_prot_ps,E_prot_ps,e_prot_acf,E_prot_acf,e_prot_cs,E_prot_cs,sph_ps,sph_acf,sph_cs,h_ps,fa_prob_ps,hacf,gacf,hcs
10927670,73.04939362716331,-1.0,72.59364088495346,18.091364837422283,36.20241459318581,-1.0,-1.0,4.08830569129609,4.08830569129609,464.79800167976987,-1.0,465.24562516195806,0.03807589938659717,0.0,-1.0,-1.0,0.31472299377850704
