target_id,prot_ps,prot_acf,prot_cs,e_prot_ps,E_prot_ps,e_prot_acf,E_prot_acf,e_prot_cs,E_prot_cs,sph_ps,sph_acf,sph_cs,h_ps,fa_prob_ps,hacf,gacf,hcs
10914071,60.87440096747379,-1.0,64.4937794713751,3.409556187828251,3.8348364072250405,-1.0,-1.0,4.331928408635504,4.331928408635504,434.8231849352379,-1.0,433.22776150298387,0.030813199828395445,0.0,-1.0,-1.0,0.03970641709271754
