target_id,prot_ps,prot_acf,prot_cs,e_prot_ps,E_prot_ps,e_prot_acf,E_prot_acf,e_prot_cs,E_prot_cs,sph_ps,sph_acf,sph_cs,h_ps,fa_prob_ps,hacf,gacf,hcs
10908913,52.570250201324775,54.65997981373221,53.184058190574866,1.6846147814001498,1.7987435139410266,-1.0,-1.0,2.294814195437295,2.294814195437295,277.3684793352727,293.3324323934805,276.0257035561262,0.05764960411992696,0.0,0.08464220898610907,0.4401970221945596,0.9018706496180284
