target_id,prot_ps,prot_acf,prot_cs,e_prot_ps,E_prot_ps,e_prot_acf,E_prot_acf,e_prot_cs,E_prot_cs,sph_ps,sph_acf,sph_cs,h_ps,fa_prob_ps,hacf,gacf,hcs
10904621,18.2623231912366,18.41074246261269,18.254637170345347,0.7780034479826661,0.8496744086296317,-1.0,-1.0,0.16854462083700358,0.16854462083700358,2746.0105832122563,2751.7008938841304,2746.19536409491,0.3614707285638626,0.0,0.46373712597940253,1.0052552469930112,0.8642657200214368
