target_id,prot_ps,prot_acf,prot_cs,e_prot_ps,E_prot_ps,e_prot_acf,E_prot_acf,e_prot_cs,E_prot_cs,sph_ps,sph_acf,sph_cs,h_ps,fa_prob_ps,hacf,gacf,hcs
10971974,29.439434501425247,-1.0,64.7002539302688,1.65521469569725,1.8652790588936767,-1.0,-1.0,3.8662141226942337,3.8662141226942337,329.6014198315046,-1.0,334.5683913214003,0.06711896346633973,0.0,-1.0,-1.0,0.153902224855515
