target_id,prot_ps,prot_acf,prot_cs,e_prot_ps,E_prot_ps,e_prot_acf,E_prot_acf,e_prot_cs,E_prot_cs,sph_ps,sph_acf,sph_cs,h_ps,fa_prob_ps,hacf,gacf,hcs
10973652,98.13170803913728,-1.0,99.08332262506707,1.076460863358605,1.1004885616419386,-1.0,-1.0,21.67295239870929,21.67295239870929,372.1451566325165,-1.0,372.4764082009288,0.02011510090247538,5.3638479167e-313,-1.0,-1.0,0.6930186731554806
