target_id,prot_ps,prot_acf,prot_cs,e_prot_ps,E_prot_ps,e_prot_acf,E_prot_acf,e_prot_cs,E_prot_cs,sph_ps,sph_acf,sph_cs,h_ps,fa_prob_ps,hacf,gacf,hcs
11075115,69.37488972358295,-1.0,70.56058400394859,17.994331533420144,37.79876198195255,-1.0,-1.0,8.599982456553048,8.599982456553048,1529.5436557542712,-1.0,1529.5436557542712,0.12982971593919793,0.0,-1.0,-1.0,0.14735973820443685
