target_id,prot_ps,prot_acf,prot_cs,e_prot_ps,E_prot_ps,e_prot_acf,E_prot_acf,e_prot_cs,E_prot_cs,sph_ps,sph_acf,sph_cs,h_ps,fa_prob_ps,hacf,gacf,hcs
11069694,12.70422331676139,12.505408264696598,12.587067967902723,0.6635179213859157,0.7417759001794053,-1.0,-1.0,0.5039151389112906,0.5039151389112906,4401.379103267187,4425.633744026866,4420.152046513142,0.08236969880076259,0.0,0.42694853280838124,0.77482438081547,0.9579438807557614
