target_id,prot_ps,prot_acf,prot_cs,e_prot_ps,E_prot_ps,e_prot_acf,E_prot_acf,e_prot_cs,E_prot_cs,sph_ps,sph_acf,sph_cs,h_ps,fa_prob_ps,hacf,gacf,hcs
11081305,73.59876659830515,61.26028478704393,6.635236716494013,0.7287352635797504,0.7434575429337968,-1.0,-1.0,1.5680024736093012,1.5680024736093012,183.001725663444,180.97406303648754,171.48077913725956,0.02708867073814041,0.0,0.0847987368224998,0.3664203650735005,0.7765097068709078
