target_id,prot_ps,prot_acf,prot_cs,e_prot_ps,E_prot_ps,e_prot_acf,E_prot_acf,e_prot_cs,E_prot_cs,sph_ps,sph_acf,sph_cs,h_ps,fa_prob_ps,hacf,gacf,hcs
11098350,44.60449381290379,55.25339011102915,53.08167032515536,20.146840983520068,229.95608559016824,-1.0,-1.0,7.446105969142287,7.446105969142287,623.2760371655601,579.442398246275,629.3211950934419,0.06217919578181158,0.0,0.16819348000560963,0.466781730445666,0.39850330046993293
