target_id,prot_ps,prot_acf,prot_cs,e_prot_ps,E_prot_ps,e_prot_acf,E_prot_acf,e_prot_cs,E_prot_cs,sph_ps,sph_acf,sph_cs,h_ps,fa_prob_ps,hacf,gacf,hcs
11068715,6.957087017888737,13.813164321705699,13.707188933548698,1.8019447032183953,3.69885255316648,-1.0,-1.0,0.26163668265869927,0.26163668265869927,2518.3199986595973,2579.0135473183973,2584.244454342428,0.1636477935567445,0.0,0.411687804784698,0.8333252219585418,0.426441068731786
