target_id,prot_ps,prot_acf,prot_cs,e_prot_ps,E_prot_ps,e_prot_acf,E_prot_acf,e_prot_cs,E_prot_cs,sph_ps,sph_acf,sph_cs,h_ps,fa_prob_ps,hacf,gacf,hcs
11085540,92.25707331919618,65.7557370821014,71.51170224359564,17.84460084909773,29.287706076008362,-1.0,-1.0,7.850321736713253,7.850321736713253,141.61303447367604,152.7625567866286,112.34960123766925,0.03280769953945728,2.603350230995791e-159,0.05229744085677486,0.13438475551864318,0.41865870041089664
