target_id,prot_ps,prot_acf,prot_cs,e_prot_ps,E_prot_ps,e_prot_acf,E_prot_acf,e_prot_cs,E_prot_cs,sph_ps,sph_acf,sph_cs,h_ps,fa_prob_ps,hacf,gacf,hcs
11085247,92.83201003533317,-1.0,19.31893749162555,0.9180152177197272,0.9365495715987748,-1.0,-1.0,2.127257533482275,2.127257533482275,351.1992224367595,-1.0,247.44634881209413,0.08293540888443247,0.0,-1.0,-1.0,0.007020905619477036
