target_id,prot_ps,prot_acf,prot_cs,e_prot_ps,E_prot_ps,e_prot_acf,E_prot_acf,e_prot_cs,E_prot_cs,sph_ps,sph_acf,sph_cs,h_ps,fa_prob_ps,hacf,gacf,hcs
11046052,60.87421023787515,-1.0,8.688696415016569,24.809272223005777,128.51122965919836,-1.0,-1.0,4.79387163097089,4.79387163097089,961.5397875277444,-1.0,800.1503616570644,0.03891154494964881,0.0,-1.0,-1.0,0.033785199672963666
