target_id,prot_ps,prot_acf,prot_cs,e_prot_ps,E_prot_ps,e_prot_acf,E_prot_acf,e_prot_cs,E_prot_cs,sph_ps,sph_acf,sph_cs,h_ps,fa_prob_ps,hacf,gacf,hcs
11046870,10.36157638934103,-1.0,10.362290069137519,0.2083335815938625,0.21704847277077022,-1.0,-1.0,0.11840296500751533,0.11840296500751533,1693.9902102767785,-1.0,1693.9902102767785,0.12602976708946623,0.0,-1.0,-1.0,0.22820386588316072
