target_id,prot_ps,prot_acf,prot_cs,e_prot_ps,E_prot_ps,e_prot_acf,E_prot_acf,e_prot_cs,E_prot_cs,sph_ps,sph_acf,sph_cs,h_ps,fa_prob_ps,hacf,gacf,hcs
11042241,60.874297837704795,-1.0,61.13421283703548,14.85264330143422,28.733947439706725,-1.0,-1.0,1.7473693101713637,1.7473693101713637,281.0382364872979,-1.0,280.55658737087384,0.055930502753367764,0.0,-1.0,-1.0,0.19284100899596338
