target_id,prot_ps,prot_acf,prot_cs,e_prot_ps,E_prot_ps,e_prot_acf,E_prot_acf,e_prot_cs,E_prot_cs,sph_ps,sph_acf,sph_cs,h_ps,fa_prob_ps,hacf,gacf,hcs
11091668,36.5246708103622,36.94411139935255,36.55861708740362,0.8641981234781895,0.9069261129145474,-1.0,-1.0,0.6870885850158961,0.6870885850158961,6167.778609316325,6154.214170345014,6169.122036448167,0.5698879628411254,0.0,0.7588286949015354,1.5313568479277038,0.9873980308360344
