target_id,prot_ps,prot_acf,prot_cs,e_prot_ps,E_prot_ps,e_prot_acf,E_prot_acf,e_prot_cs,E_prot_cs,sph_ps,sph_acf,sph_cs,h_ps,fa_prob_ps,hacf,gacf,hcs
11026507,104.35630515120575,-1.0,81.73108454655801,1.033109531034114,1.0539791878669575,-1.0,-1.0,7.6168028606479385,7.6168028606479385,874.7731723430734,-1.0,856.0346525316272,0.025572875064837408,0.0,-1.0,-1.0,0.1025953478444147
