target_id,prot_ps,prot_acf,prot_cs,e_prot_ps,E_prot_ps,e_prot_acf,E_prot_acf,e_prot_cs,E_prot_cs,sph_ps,sph_acf,sph_cs,h_ps,fa_prob_ps,hacf,gacf,hcs
11016546,45.998385882103314,-1.0,100.38322525599825,11.088684382318348,21.214741137050574,-1.0,-1.0,8.809282226507719,8.809282226507719,227.52052127065141,-1.0,224.54245245622405,0.06542548380202992,0.0,-1.0,-1.0,0.06319764128043413
