target_id,prot_ps,prot_acf,prot_cs,e_prot_ps,E_prot_ps,e_prot_acf,E_prot_acf,e_prot_cs,E_prot_cs,sph_ps,sph_acf,sph_cs,h_ps,fa_prob_ps,hacf,gacf,hcs
11092173,73.59864416774617,-1.0,73.11581883955496,0.7289628489907329,0.7436920728018492,-1.0,-1.0,2.1719219091918283,2.1719219091918283,334.889857462188,-1.0,335.6948706307752,0.0718927116650827,0.0,-1.0,-1.0,0.05830811359462278
