target_id,prot_ps,prot_acf,prot_cs,e_prot_ps,E_prot_ps,e_prot_acf,E_prot_acf,e_prot_cs,E_prot_cs,sph_ps,sph_acf,sph_cs,h_ps,fa_prob_ps,hacf,gacf,hcs
11074374,47.12841220385747,54.45555781247094,54.33556918877861,17.25114189513793,62.67901055646517,-1.0,-1.0,1.5431252407950669,1.5431252407950669,332.6811369768761,339.67391591567474,339.987046638032,0.03667839381314284,0.0,0.016443923880019598,0.28353173715693164,0.9303552231791664
