target_id,prot_ps,prot_acf,prot_cs,e_prot_ps,E_prot_ps,e_prot_acf,E_prot_acf,e_prot_cs,E_prot_cs,sph_ps,sph_acf,sph_cs,h_ps,fa_prob_ps,hacf,gacf,hcs
11081971,29.219764331099018,29.62882744614035,29.10676555779797,4.948323545389293,7.495461014051667,-1.0,-1.0,0.5827404426963197,0.5827404426963197,1626.3271973087772,1619.0782846950667,1628.4462192185563,0.12251257422564549,0.0,0.39472811545427283,0.8771082904364144,0.9956517097018637
