target_id,prot_ps,prot_acf,prot_cs,e_prot_ps,E_prot_ps,e_prot_acf,E_prot_acf,e_prot_cs,E_prot_cs,sph_ps,sph_acf,sph_cs,h_ps,fa_prob_ps,hacf,gacf,hcs
11190703,47.12860100199049,48.95911327004433,47.611920307651154,9.477868153145906,15.748960565273713,-1.0,-1.0,4.35085873403119,4.35085873403119,424.64957343115634,419.2906914318844,422.8445835559466,0.06943061188706688,0.0,0.25794893517161055,0.6685110571410677,0.9610878023037137
