target_id,prot_ps,prot_acf,prot_cs,e_prot_ps,E_prot_ps,e_prot_acf,E_prot_acf,e_prot_cs,E_prot_cs,sph_ps,sph_acf,sph_cs,h_ps,fa_prob_ps,hacf,gacf,hcs
11193876,47.12866198704579,-1.0,91.76216371160469,0.8339719963599208,0.864887575431041,-1.0,-1.0,3.8010565822079334,3.8010565822079334,817.548073336208,-1.0,821.7126924646294,0.02945243258881929,0.0,-1.0,-1.0,0.16676341605520423
