target_id,prot_ps,prot_acf,prot_cs,e_prot_ps,E_prot_ps,e_prot_acf,E_prot_acf,e_prot_cs,E_prot_cs,sph_ps,sph_acf,sph_cs,h_ps,fa_prob_ps,hacf,gacf,hcs
11122491,45.65582923516784,-1.0,99.0024311866875,0.5584983768263498,0.5726192210922747,-1.0,-1.0,14.393305087648526,14.393305087648526,955.3607937435421,-1.0,952.9129607951612,0.054047240378528164,0.0,-1.0,-1.0,0.14806844124306784
