target_id,prot_ps,prot_acf,prot_cs,e_prot_ps,E_prot_ps,e_prot_acf,E_prot_acf,e_prot_cs,E_prot_cs,sph_ps,sph_acf,sph_cs,h_ps,fa_prob_ps,hacf,gacf,hcs
11138509,45.65583316015542,48.85694595007226,46.10061932785556,11.062894667362741,21.265599636679205,-1.0,-1.0,1.4545388939885997,1.4545388939885997,673.8956509461649,651.8268735077137,670.2386833334436,0.08700851482897397,0.0,0.2700455565273846,0.6552032001968571,0.9045477128599747
