target_id,prot_ps,prot_acf,prot_cs,e_prot_ps,E_prot_ps,e_prot_acf,E_prot_acf,e_prot_cs,E_prot_cs,sph_ps,sph_acf,sph_cs,h_ps,fa_prob_ps,hacf,gacf,hcs
11199168,11.687919420550518,11.708508600946516,11.744751894891852,0.46615959945505026,0.506128620353067,-1.0,-1.0,0.1187761917079317,0.1187761917079317,3100.9757782077886,3094.961040118085,3093.5661546661477,0.1426472854248779,0.0,0.3570421962249911,0.6899245583424581,0.9544701193351715
