target_id,prot_ps,prot_acf,prot_cs,e_prot_ps,E_prot_ps,e_prot_acf,E_prot_acf,e_prot_cs,E_prot_cs,sph_ps,sph_acf,sph_cs,h_ps,fa_prob_ps,hacf,gacf,hcs
11129832,121.74867655583188,-1.0,92.39627346927294,1.2047433351917363,1.2290745214918957,-1.0,-1.0,4.1596812055475425,4.1596812055475425,499.1452892231575,-1.0,486.6301476006304,0.048191278702862175,0.0,-1.0,-1.0,0.014282982140493027
