target_id,prot_ps,prot_acf,prot_cs,e_prot_ps,E_prot_ps,e_prot_acf,E_prot_acf,e_prot_cs,E_prot_cs,sph_ps,sph_acf,sph_cs,h_ps,fa_prob_ps,hacf,gacf,hcs
11177822,73.0490053455563,-1.0,73.22388849086825,28.34583216913662,131.13231145208107,-1.0,-1.0,2.5769660572281214,2.5769660572281214,395.08227243136673,-1.0,394.92051609931065,0.08013975585952789,0.0,-1.0,-1.0,0.18478721890703742
