target_id,prot_ps,prot_acf,prot_cs,e_prot_ps,E_prot_ps,e_prot_acf,E_prot_acf,e_prot_cs,E_prot_cs,sph_ps,sph_acf,sph_cs,h_ps,fa_prob_ps,hacf,gacf,hcs
11153346,17.317255495050205,17.511867019813508,17.48060312653426,0.7444386945438062,0.8136980315726419,-1.0,-1.0,0.5688355565531599,0.5688355565531599,2612.967827590104,2563.1507771274282,2565.7682821691933,0.13464513491146185,0.0,0.29462642521812354,0.6622753933089154,0.9509895735980961
