target_id,prot_ps,prot_acf,prot_cs,e_prot_ps,E_prot_ps,e_prot_acf,E_prot_acf,e_prot_cs,E_prot_cs,sph_ps,sph_acf,sph_cs,h_ps,fa_prob_ps,hacf,gacf,hcs
11175535,35.633395573212226,58.460901473183185,60.243131402051084,0.3528203211691405,0.3599481523346526,-1.0,-1.0,6.959815694269943,6.959815694269943,504.31796089889,506.5043168587188,507.125854564504,0.036730626520700166,0.0,0.0929496079609544,0.45809504931702805,0.9231831465582235
