target_id,prot_ps,prot_acf,prot_cs,e_prot_ps,E_prot_ps,e_prot_acf,E_prot_acf,e_prot_cs,E_prot_cs,sph_ps,sph_acf,sph_cs,h_ps,fa_prob_ps,hacf,gacf,hcs
11152856,45.65579461977202,22.51818032003939,29.194592266345616,0.45252451706984687,0.46167142363326974,-1.0,-1.0,10.692382342734128,10.692382342734128,975.4248326237512,941.3153990229426,965.1338848903031,0.045399100434485,0.0,-0.1670990436881228,0.017749194839367155,0.21272189699628674
