target_id,prot_ps,prot_acf,prot_cs,e_prot_ps,E_prot_ps,e_prot_acf,E_prot_acf,e_prot_cs,E_prot_cs,sph_ps,sph_acf,sph_cs,h_ps,fa_prob_ps,hacf,gacf,hcs
11129145,23.364613922705896,23.723511849995703,23.407641201951996,1.9017968879561025,2.2671882694146497,-1.0,-1.0,1.310825865571081,1.310825865571081,881.9998702559723,888.4986453582255,881.8977700962921,0.09853842502483892,0.0,0.3089766533720608,0.808171008503763,0.9246183710918969
