target_id,prot_ps,prot_acf,prot_cs,e_prot_ps,E_prot_ps,e_prot_acf,E_prot_acf,e_prot_cs,E_prot_cs,sph_ps,sph_acf,sph_cs,h_ps,fa_prob_ps,hacf,gacf,hcs
11136848,5.843955302492887,5.700997282750905,5.808040062299089,0.22869606407598742,0.24832631829511786,-1.0,-1.0,0.08290422646168205,0.08290422646168205,1657.167528941508,1639.6161012627683,1659.8394811858202,0.31369646852178656,0.0,0.7521161190242843,1.2635721709667544,0.10458767920310079
