target_id,prot_ps,prot_acf,prot_cs,e_prot_ps,E_prot_ps,e_prot_acf,E_prot_acf,e_prot_cs,E_prot_cs,sph_ps,sph_acf,sph_cs,h_ps,fa_prob_ps,hacf,gacf,hcs
11177543,45.65591849825946,-1.0,92.3966082617812,1.753596948009033,1.8979344179915003,-1.0,-1.0,14.810635696780487,14.810635696780487,581.8056732158898,-1.0,584.0240972820108,0.043928886165705776,0.0,-1.0,-1.0,0.20108959380959734
