target_id,prot_ps,prot_acf,prot_cs,e_prot_ps,E_prot_ps,e_prot_acf,E_prot_acf,e_prot_cs,E_prot_cs,sph_ps,sph_acf,sph_cs,h_ps,fa_prob_ps,hacf,gacf,hcs
11137332,56.19183994925527,-1.0,68.88087330367418,13.46344438458005,25.6155642602928,-1.0,-1.0,8.282790064627255,8.282790064627255,320.8193306484287,-1.0,321.6685468444879,0.018993179990087084,6.969752541614152e-293,-1.0,-1.0,0.3627675979790438
