target_id,prot_ps,prot_acf,prot_cs,e_prot_ps,E_prot_ps,e_prot_acf,E_prot_acf,e_prot_cs,E_prot_cs,sph_ps,sph_acf,sph_cs,h_ps,fa_prob_ps,hacf,gacf,hcs
11181992,21.485017253145656,62.363378651440144,10.114637101069095,2.6135356297580437,3.4649502179509533,-1.0,-1.0,0.3130856049495589,0.3130856049495589,1063.627534751587,1106.3513715130198,998.8105360939051,0.07840039921400754,0.0,0.1649941742171515,0.418237951485126,0.14301928669638922
