target_id,prot_ps,prot_acf,prot_cs,e_prot_ps,E_prot_ps,e_prot_acf,E_prot_acf,e_prot_cs,E_prot_cs,sph_ps,sph_acf,sph_cs,h_ps,fa_prob_ps,hacf,gacf,hcs
11289187,91.31131278072542,-1.0,91.9681905948517,0.9053808110059691,0.9236847632946166,-1.0,-1.0,4.094985525980889,4.094985525980889,508.3192037067876,-1.0,506.479784008885,0.05415944269847285,0.0,-1.0,-1.0,0.3357897254004107
