target_id,prot_ps,prot_acf,prot_cs,e_prot_ps,E_prot_ps,e_prot_acf,E_prot_acf,e_prot_cs,E_prot_cs,sph_ps,sph_acf,sph_cs,h_ps,fa_prob_ps,hacf,gacf,hcs
11299239,95.37676595553692,-1.0,94.45096387667986,0.9443451135504404,0.9634230048503127,-1.0,-1.0,22.196867629049212,22.196867629049212,645.450632324669,-1.0,645.2074051569138,0.09740721706121255,0.0,-1.0,-1.0,0.14296275193354407
