target_id,prot_ps,prot_acf,prot_cs,e_prot_ps,E_prot_ps,e_prot_acf,E_prot_acf,e_prot_cs,E_prot_cs,sph_ps,sph_acf,sph_cs,h_ps,fa_prob_ps,hacf,gacf,hcs
11247347,76.89402081756013,-1.0,76.72783502467968,3.298061840464939,3.6109105148411373,-1.0,-1.0,4.8694799453716335,4.8694799453716335,441.93062114461475,-1.0,441.9357198323463,0.03494599586815924,0.0,-1.0,-1.0,0.07657557500735689
