target_id,prot_ps,prot_acf,prot_cs,e_prot_ps,E_prot_ps,e_prot_acf,E_prot_acf,e_prot_cs,E_prot_cs,sph_ps,sph_acf,sph_cs,h_ps,fa_prob_ps,hacf,gacf,hcs
11234268,89.9655292613172,-1.0,98.99982983764262,33.66768417003642,129.97743373681678,-1.0,-1.0,14.762687987877852,14.762687987877852,733.6210738516122,-1.0,733.6210738516122,0.22093181941405377,0.0,-1.0,-1.0,0.3663853019211078
