target_id,prot_ps,prot_acf,prot_cs,e_prot_ps,E_prot_ps,e_prot_acf,E_prot_acf,e_prot_cs,E_prot_cs,sph_ps,sph_acf,sph_cs,h_ps,fa_prob_ps,hacf,gacf,hcs
11237263,91.99736017303158,-1.0,92.03552312183824,1.3582235742320705,1.3999467627630935,-1.0,-1.0,4.6842662558541175,4.6842662558541175,156.7426350835027,-1.0,156.70853395834402,0.041432716087939844,0.0,-1.0,-1.0,0.5524703260879724
