target_id,prot_ps,prot_acf,prot_cs,e_prot_ps,E_prot_ps,e_prot_acf,E_prot_acf,e_prot_cs,E_prot_cs,sph_ps,sph_acf,sph_cs,h_ps,fa_prob_ps,hacf,gacf,hcs
11246353,11.068078753517014,10.911586943082511,11.0188872061337,0.10840039972040394,0.11057826039550633,-1.0,-1.0,0.1092513377377115,0.1092513377377115,6689.120543686327,6665.531285229863,6691.83333548368,0.21139935282201402,0.0,0.529553899011778,0.9945752394884242,0.9760769723529783
