target_id,prot_ps,prot_acf,prot_cs,e_prot_ps,E_prot_ps,e_prot_acf,E_prot_acf,e_prot_cs,E_prot_cs,sph_ps,sph_acf,sph_cs,h_ps,fa_prob_ps,hacf,gacf,hcs
11296813,45.6558225181125,-1.0,90.77064345690694,1.0848883319536569,1.1384518022193362,-1.0,-1.0,7.468640144134142,7.468640144134142,393.5355463132046,-1.0,394.1144887483335,0.02206609072753497,0.0,-1.0,-1.0,0.41109761480938306
