target_id,prot_ps,prot_acf,prot_cs,e_prot_ps,E_prot_ps,e_prot_acf,E_prot_acf,e_prot_cs,E_prot_cs,sph_ps,sph_acf,sph_cs,h_ps,fa_prob_ps,hacf,gacf,hcs
11287047,50.378617396472194,56.66235230769962,98.49625079420774,0.604415572360196,0.6193990983926128,-1.0,-1.0,11.184369567169549,11.184369567169549,927.1778833780995,924.6994098208825,930.7075799567283,0.051350027871671915,0.0,0.042298739726760654,0.29384318856057146,0.9018147194732454
