target_id,prot_ps,prot_acf,prot_cs,e_prot_ps,E_prot_ps,e_prot_acf,E_prot_acf,e_prot_cs,E_prot_cs,sph_ps,sph_acf,sph_cs,h_ps,fa_prob_ps,hacf,gacf,hcs
11229047,85.940461018914,-1.0,89.77777260549368,4.913212322502986,5.540361971003492,-1.0,-1.0,6.251669886981515,6.251669886981515,699.8177952892421,-1.0,692.1904189864717,0.06917738392045968,0.0,-1.0,-1.0,0.47698157015451176
