target_id,prot_ps,prot_acf,prot_cs,e_prot_ps,E_prot_ps,e_prot_acf,E_prot_acf,e_prot_cs,E_prot_cs,sph_ps,sph_acf,sph_cs,h_ps,fa_prob_ps,hacf,gacf,hcs
11251907,73.59865195036885,-1.0,74.02870123240115,0.8702473905716204,0.8914674819419872,-1.0,-1.0,2.798016044972752,2.798016044972752,208.18624263667596,-1.0,208.3630495868913,0.14171054834657196,0.0,-1.0,-1.0,0.3393707473601999
