target_id,prot_ps,prot_acf,prot_cs,e_prot_ps,E_prot_ps,e_prot_acf,E_prot_acf,e_prot_cs,E_prot_cs,sph_ps,sph_acf,sph_cs,h_ps,fa_prob_ps,hacf,gacf,hcs
11233025,52.69236276874616,-1.0,89.48259560296529,0.6324351571363351,0.6478818562970261,-1.0,-1.0,10.84120557044246,10.84120557044246,819.7629358450379,-1.0,822.1924600010425,0.05717753626057234,0.0,-1.0,-1.0,0.07014102487522218
