target_id,prot_ps,prot_acf,prot_cs,e_prot_ps,E_prot_ps,e_prot_acf,E_prot_acf,e_prot_cs,E_prot_cs,sph_ps,sph_acf,sph_cs,h_ps,fa_prob_ps,hacf,gacf,hcs
11285663,40.88781022915929,41.23548980988562,40.651014510358806,8.16777422970226,13.611641910540108,-1.0,-1.0,1.2507880074980218,1.2507880074980218,184.1582425385089,183.32549470581498,184.85402419787783,0.049357099729843354,0.0,0.09562949408516605,0.4371329641771762,0.9807376189350364
