target_id,prot_ps,prot_acf,prot_cs,e_prot_ps,E_prot_ps,e_prot_acf,E_prot_acf,e_prot_cs,E_prot_cs,sph_ps,sph_acf,sph_cs,h_ps,fa_prob_ps,hacf,gacf,hcs
11285786,16.31447238949261,16.326533139217645,16.19274671773649,1.098800670838541,1.2694972103478648,-1.0,-1.0,0.7767800346184879,0.7767800346184879,2770.8602823475276,2780.2748195078466,2727.6565184615124,0.13468543275741413,0.0,0.4600281008721831,0.9737995270485439,0.9639192244533659
