target_id,prot_ps,prot_acf,prot_cs,e_prot_ps,E_prot_ps,e_prot_acf,E_prot_acf,e_prot_cs,E_prot_cs,sph_ps,sph_acf,sph_cs,h_ps,fa_prob_ps,hacf,gacf,hcs
11250662,72.9352224567993,-1.0,73.69852146162185,6.386331913311437,7.726172452267946,-1.0,-1.0,5.4113409767856835,5.4113409767856835,745.5463529651888,-1.0,743.3326468245344,0.12058717539775897,0.0,-1.0,-1.0,0.5522405462354109
