target_id,prot_ps,prot_acf,prot_cs,e_prot_ps,E_prot_ps,e_prot_acf,E_prot_acf,e_prot_cs,E_prot_cs,sph_ps,sph_acf,sph_cs,h_ps,fa_prob_ps,hacf,gacf,hcs
11302549,12.48708073525495,12.11719138501212,12.430909515375438,0.4391841206920635,0.4725977853550205,-1.0,-1.0,0.15850487317543488,0.15850487317543488,2288.1321156115764,2315.9302987460064,2304.364435260518,0.10190758093811432,0.0,0.4040000456895278,0.6246236573473987,0.820538024085272
