target_id,prot_ps,prot_acf,prot_cs,e_prot_ps,E_prot_ps,e_prot_acf,E_prot_acf,e_prot_cs,E_prot_cs,sph_ps,sph_acf,sph_cs,h_ps,fa_prob_ps,hacf,gacf,hcs
11350468,61.83398597348484,-1.0,11.793684060852977,23.157324484310386,89.59243898700353,-1.0,-1.0,2.4132393755284514,2.4132393755284514,696.1840132764813,-1.0,683.0377028900265,0.027617410895787092,0.0,-1.0,-1.0,0.0052835344197156575
