target_id,prot_ps,prot_acf,prot_cs,e_prot_ps,E_prot_ps,e_prot_acf,E_prot_acf,e_prot_cs,E_prot_cs,sph_ps,sph_acf,sph_cs,h_ps,fa_prob_ps,hacf,gacf,hcs
11357555,91.31186301378405,-1.0,90.38477613262833,3.34158278712637,3.6083185591890583,-1.0,-1.0,14.405319730576416,14.405319730576416,486.18422329066533,-1.0,487.7080219874285,0.06935948371312105,0.0,-1.0,-1.0,0.3928458837062985
