target_id,prot_ps,prot_acf,prot_cs,e_prot_ps,E_prot_ps,e_prot_acf,E_prot_acf,e_prot_cs,E_prot_cs,sph_ps,sph_acf,sph_cs,h_ps,fa_prob_ps,hacf,gacf,hcs
11358597,73.0494784649533,91.78814982250333,91.87623043810392,1.890785280450487,1.9945834859287004,-1.0,-1.0,4.357262021471823,4.357262021471823,540.1033198348741,534.7865372406607,535.3977242633013,0.07758136067107638,0.0,0.34198363067516374,0.5201096876479508,0.8353508012835803
