target_id,prot_ps,prot_acf,prot_cs,e_prot_ps,E_prot_ps,e_prot_acf,E_prot_acf,e_prot_cs,E_prot_cs,sph_ps,sph_acf,sph_cs,h_ps,fa_prob_ps,hacf,gacf,hcs
11348043,28.09591997240915,27.932824220508337,27.933888625446983,1.3870637961099384,1.5400435157642072,-1.0,-1.0,0.9248891091973995,0.9248891091973995,3201.033823458858,3048.4725442475738,3048.4725442475738,0.2398327744134546,0.0,0.5907793605395328,1.2683301096500648,0.9448404508616077
