target_id,prot_ps,prot_acf,prot_cs,e_prot_ps,E_prot_ps,e_prot_acf,E_prot_acf,e_prot_cs,E_prot_cs,sph_ps,sph_acf,sph_cs,h_ps,fa_prob_ps,hacf,gacf,hcs
11363367,49.06504492030736,-1.0,97.12122997444382,3.32579355125786,3.8534118990992567,-1.0,-1.0,23.59027949473248,23.59027949473248,7723.031765973849,-1.0,7975.673034993611,0.2562756622459002,0.0,-1.0,-1.0,0.0338220621937379
