target_id,prot_ps,prot_acf,prot_cs,e_prot_ps,E_prot_ps,e_prot_acf,E_prot_acf,e_prot_cs,E_prot_cs,sph_ps,sph_acf,sph_cs,h_ps,fa_prob_ps,hacf,gacf,hcs
11356178,13.75658317455959,13.813212798908353,13.74053166020053,0.2500471417035772,0.2594452859563443,-1.0,-1.0,0.14943997672465953,0.14943997672465953,3241.89955556228,3234.7473606831663,3210.9291136539764,0.20786884473573852,0.0,0.32148422854334013,0.703649613971732,0.8117486771450937
