target_id,prot_ps,prot_acf,prot_cs,e_prot_ps,E_prot_ps,e_prot_acf,E_prot_acf,e_prot_cs,E_prot_cs,sph_ps,sph_acf,sph_cs,h_ps,fa_prob_ps,hacf,gacf,hcs
11352390,31.084804120800488,30.732247948646545,31.316326126676717,4.647763099464125,6.6589535845106305,-1.0,-1.0,1.0220942037311427,1.0220942037311427,1940.569968556819,1840.2353941818892,1939.0726119045366,0.100101808341246,0.0,0.3604776590371948,0.8519043957945729,0.9723129237819045
