target_id,prot_ps,prot_acf,prot_cs,e_prot_ps,E_prot_ps,e_prot_acf,E_prot_acf,e_prot_cs,E_prot_cs,sph_ps,sph_acf,sph_cs,h_ps,fa_prob_ps,hacf,gacf,hcs
11402237,91.31176350992791,-1.0,91.36743459965855,0.9040124281724502,0.9222746448077572,-1.0,-1.0,3.696948964925956,3.696948964925956,591.5248087153307,-1.0,591.4034200616294,0.06150085972802645,0.0,-1.0,-1.0,0.1840898465798526
