target_id,prot_ps,prot_acf,prot_cs,e_prot_ps,E_prot_ps,e_prot_acf,E_prot_acf,e_prot_cs,E_prot_cs,sph_ps,sph_acf,sph_cs,h_ps,fa_prob_ps,hacf,gacf,hcs
11461265,73.59771116521306,-1.0,92.91264453280716,0.7273518251293183,0.7420320969663692,-1.0,-1.0,4.966045919548134,4.966045919548134,105.30652102905768,-1.0,106.49803174307532,0.09057641835657905,0.0,-1.0,-1.0,0.556209063258828
