target_id,prot_ps,prot_acf,prot_cs,e_prot_ps,E_prot_ps,e_prot_acf,E_prot_acf,e_prot_cs,E_prot_cs,sph_ps,sph_acf,sph_cs,h_ps,fa_prob_ps,hacf,gacf,hcs
11455680,10.984862113317787,11.115925803780556,10.974236611193808,0.48946870820937605,0.5368310467246609,-1.0,-1.0,0.08120001702757751,0.08120001702757751,3260.953171164465,3250.2135700503886,3261.0550243030566,0.1412047818325153,0.0,0.4578811463661307,0.8748937987141086,0.6734121671976016
