target_id,prot_ps,prot_acf,prot_cs,e_prot_ps,E_prot_ps,e_prot_acf,E_prot_acf,e_prot_cs,E_prot_cs,sph_ps,sph_acf,sph_cs,h_ps,fa_prob_ps,hacf,gacf,hcs
11403699,16.233183728678508,15.713503977749497,16.062102648569276,1.7110755311669124,2.1739542936455365,-1.0,-1.0,0.9734782768527197,0.9734782768527197,1098.5776703066758,1088.22701626623,1100.7738543033408,0.03302007624510151,0.0,0.07198448549359647,0.2951759672523465,0.9060659153629396
