target_id,prot_ps,prot_acf,prot_cs,e_prot_ps,E_prot_ps,e_prot_acf,E_prot_acf,e_prot_cs,E_prot_cs,sph_ps,sph_acf,sph_cs,h_ps,fa_prob_ps,hacf,gacf,hcs
11466369,73.04945630875844,-1.0,73.80157049853354,17.363894059757605,33.40206413266233,-1.0,-1.0,10.731074272193926,10.731074272193926,442.17808260329747,-1.0,441.72353781205584,0.059154344383144444,0.0,-1.0,-1.0,0.39573208816052907
