target_id,prot_ps,prot_acf,prot_cs,e_prot_ps,E_prot_ps,e_prot_acf,E_prot_acf,e_prot_cs,E_prot_cs,sph_ps,sph_acf,sph_cs,h_ps,fa_prob_ps,hacf,gacf,hcs
11468568,23.564285128322684,23.13091855496168,23.531439112068057,0.6089898203028952,0.6424969260287483,-1.0,-1.0,0.3120260512597539,0.3120260512597539,4426.3787865627655,4369.354310461987,4361.4538719636275,0.27467545721164077,0.0,0.37205484804818406,0.8637342939532444,0.8978940645713093
