target_id,prot_ps,prot_acf,prot_cs,e_prot_ps,E_prot_ps,e_prot_acf,E_prot_acf,e_prot_cs,E_prot_cs,sph_ps,sph_acf,sph_cs,h_ps,fa_prob_ps,hacf,gacf,hcs
11468301,5.0933330899522575,4.904093965888023,5.099522032295296,0.7590609959403851,1.0796895007027505,-1.0,-1.0,0.06095135089620606,0.06095135089620606,625.8966620371317,629.0363455048687,626.7142206091376,0.1842603010228931,0.0,0.44038838351087173,0.5450762298754718,0.2147305858928862
