target_id,prot_ps,prot_acf,prot_cs,e_prot_ps,E_prot_ps,e_prot_acf,E_prot_acf,e_prot_cs,E_prot_cs,sph_ps,sph_acf,sph_cs,h_ps,fa_prob_ps,hacf,gacf,hcs
11466153,121.74913079697268,-1.0,94.50832944955455,1.205249456896894,1.229596008599998,-1.0,-1.0,2.2084253769100366,2.2084253769100366,537.1497923366712,-1.0,534.7772121650062,0.10562293195304821,0.0,-1.0,-1.0,0.02238526967558503
