target_id,prot_ps,prot_acf,prot_cs,e_prot_ps,E_prot_ps,e_prot_acf,E_prot_acf,e_prot_cs,E_prot_cs,sph_ps,sph_acf,sph_cs,h_ps,fa_prob_ps,hacf,gacf,hcs
11446456,89.95542553035442,65.46787600591779,66.92741732398979,7.996730470109625,9.747012277007272,-1.0,-1.0,10.596530023499351,10.596530023499351,1080.4591543097074,1080.4591543097074,1080.4591543097074,0.23278917862927834,0.0,0.10425801580550195,0.2906611209879284,0.8386418880374662
