target_id,prot_ps,prot_acf,prot_cs,e_prot_ps,E_prot_ps,e_prot_acf,E_prot_acf,e_prot_cs,E_prot_cs,sph_ps,sph_acf,sph_cs,h_ps,fa_prob_ps,hacf,gacf,hcs
11411639,10.460985145091493,10.400729925371706,10.513445360397352,0.14791574862496581,0.15217809438967222,-1.0,-1.0,0.13000243071884227,0.13000243071884227,2471.180418897203,2473.4267833947406,2462.2988708976413,0.16162107894540353,0.0,0.40720856170257075,0.733552815096568,0.7492444812867629
