target_id,prot_ps,prot_acf,prot_cs,e_prot_ps,E_prot_ps,e_prot_acf,E_prot_acf,e_prot_cs,E_prot_cs,sph_ps,sph_acf,sph_cs,h_ps,fa_prob_ps,hacf,gacf,hcs
11460825,73.04936154926651,-1.0,73.19939379803058,21.18066631857363,51.12387342739517,-1.0,-1.0,2.678605844541071,2.678605844541071,475.7899734891532,-1.0,476.1133359019127,0.10557001578351666,0.0,-1.0,-1.0,0.2917024963996912
