target_id,prot_ps,prot_acf,prot_cs,e_prot_ps,E_prot_ps,e_prot_acf,E_prot_acf,e_prot_cs,E_prot_cs,sph_ps,sph_acf,sph_cs,h_ps,fa_prob_ps,hacf,gacf,hcs
11456352,60.87452434384543,-1.0,61.563201773613685,16.69144698890006,36.51633868437727,-1.0,-1.0,11.079185614041405,11.079185614041405,441.5912887703929,-1.0,442.03370244823816,0.0771056822795314,0.0,-1.0,-1.0,0.20796916018703898
