target_id,prot_ps,prot_acf,prot_cs,e_prot_ps,E_prot_ps,e_prot_acf,E_prot_acf,e_prot_cs,E_prot_cs,sph_ps,sph_acf,sph_cs,h_ps,fa_prob_ps,hacf,gacf,hcs
11446076,30.66603713353208,28.62758067715913,23.620646402727097,0.5773805604567919,0.5998606952728416,-1.0,-1.0,2.147613980216388,2.147613980216388,701.4316087875247,717.1577522768636,682.4079990358745,0.08451234580561026,0.0,-0.057573382183378013,0.24716576639985938,1.5140006880522396
