target_id,prot_ps,prot_acf,prot_cs,e_prot_ps,E_prot_ps,e_prot_acf,E_prot_acf,e_prot_cs,E_prot_cs,sph_ps,sph_acf,sph_cs,h_ps,fa_prob_ps,hacf,gacf,hcs
11442831,16.254642058555866,16.919520545750856,16.469559383410957,1.5148199197153147,1.8575858823428355,-1.0,-1.0,1.772250562625007,1.772250562625007,6769.393134312447,6710.342492297729,6737.518921721189,0.5957744242697489,0.0,0.5562317861278513,1.0498788939387242,0.9598406074608584
