target_id,prot_ps,prot_acf,prot_cs,e_prot_ps,E_prot_ps,e_prot_acf,E_prot_acf,e_prot_cs,E_prot_cs,sph_ps,sph_acf,sph_cs,h_ps,fa_prob_ps,hacf,gacf,hcs
11508423,60.8744300327101,-1.0,60.88734874693291,14.743552629370441,28.328382536474457,-1.0,-1.0,2.5450459807332275,2.5450459807332275,852.9991259016575,-1.0,853.050309181612,0.07594912894659495,0.0,-1.0,-1.0,0.3158953771901638
