target_id,prot_ps,prot_acf,prot_cs,e_prot_ps,E_prot_ps,e_prot_acf,E_prot_acf,e_prot_cs,E_prot_cs,sph_ps,sph_acf,sph_cs,h_ps,fa_prob_ps,hacf,gacf,hcs
11513498,91.31158981217122,-1.0,91.28429251055948,14.341411964236684,21.005717436552942,-1.0,-1.0,5.4429108756317826,5.4429108756317826,840.0780020078543,-1.0,840.0941250810824,0.04718374070568807,0.0,-1.0,-1.0,0.7352036254088904
