target_id,prot_ps,prot_acf,prot_cs,e_prot_ps,E_prot_ps,e_prot_acf,E_prot_acf,e_prot_cs,E_prot_cs,sph_ps,sph_acf,sph_cs,h_ps,fa_prob_ps,hacf,gacf,hcs
11569695,60.87372658284608,-1.0,61.11159123540316,22.038894275659814,77.83325030022203,-1.0,-1.0,1.6920439575667063,1.6920439575667063,528.2357648828367,-1.0,528.2466942756716,0.09180733419466765,0.0,-1.0,-1.0,0.1170229048140221
