target_id,prot_ps,prot_acf,prot_cs,e_prot_ps,E_prot_ps,e_prot_acf,E_prot_acf,e_prot_cs,E_prot_cs,sph_ps,sph_acf,sph_cs,h_ps,fa_prob_ps,hacf,gacf,hcs
11509734,45.65585923344835,-1.0,77.64029056163503,2.550785390259577,2.8752812012320064,-1.0,-1.0,7.953853128944559,7.953853128944559,715.2968804233382,-1.0,698.6553150841987,0.0792663543704711,0.0,-1.0,-1.0,0.21337128705033018
