target_id,prot_ps,prot_acf,prot_cs,e_prot_ps,E_prot_ps,e_prot_acf,E_prot_acf,e_prot_cs,E_prot_cs,sph_ps,sph_acf,sph_cs,h_ps,fa_prob_ps,hacf,gacf,hcs
11509573,73.049494394011,-1.0,73.2546796277418,0.7223842424052691,0.736968868105123,-1.0,-1.0,2.514060700567351,2.514060700567351,389.6300530441633,-1.0,389.6371703183971,0.07276875433078302,0.0,-1.0,-1.0,0.40669193347305577
