target_id,prot_ps,prot_acf,prot_cs,e_prot_ps,E_prot_ps,e_prot_acf,E_prot_acf,e_prot_cs,E_prot_cs,sph_ps,sph_acf,sph_cs,h_ps,fa_prob_ps,hacf,gacf,hcs
11551452,91.31137224128523,-1.0,92.2103949851538,0.9053346623488636,0.9236372020738912,-1.0,-1.0,4.464167754441131,4.464167754441131,292.0193364426544,-1.0,290.63871328247563,0.06956134122520109,0.0,-1.0,-1.0,0.11169458268338318
