target_id,prot_ps,prot_acf,prot_cs,e_prot_ps,E_prot_ps,e_prot_acf,E_prot_acf,e_prot_cs,E_prot_cs,sph_ps,sph_acf,sph_cs,h_ps,fa_prob_ps,hacf,gacf,hcs
11569145,31.825556645927083,-1.0,31.416887599099454,2.9469403725502907,3.6085341184036466,-1.0,-1.0,6.139317494053656,6.139317494053656,319.4789668326939,-1.0,319.4789668326939,0.16437944589830547,1.0716124606679851e-57,-1.0,-1.0,0.33215725058191814
