target_id,prot_ps,prot_acf,prot_cs,e_prot_ps,E_prot_ps,e_prot_acf,E_prot_acf,e_prot_cs,E_prot_cs,sph_ps,sph_acf,sph_cs,h_ps,fa_prob_ps,hacf,gacf,hcs
11559513,63.52128245866245,-1.0,64.10171864610165,7.435206331684547,9.685269983208585,-1.0,-1.0,7.659750290059385,7.659750290059385,491.6912053853386,-1.0,486.50492390203544,0.04685213761852451,0.0,-1.0,-1.0,0.19870370611718943
