target_id,prot_ps,prot_acf,prot_cs,e_prot_ps,E_prot_ps,e_prot_acf,E_prot_acf,e_prot_cs,E_prot_cs,sph_ps,sph_acf,sph_cs,h_ps,fa_prob_ps,hacf,gacf,hcs
11567687,44.39599233682797,50.655351682566106,50.43957091864198,14.01107860628564,37.35040355485705,-1.0,-1.0,7.028343822062694,7.028343822062694,958.7567114961585,958.7567114961585,958.7567114961585,0.16866999981291225,1.0571818498763365e-170,0.24992310546176774,0.5631906819888374,0.900775951293941
