target_id,prot_ps,prot_acf,prot_cs,e_prot_ps,E_prot_ps,e_prot_acf,E_prot_acf,e_prot_cs,E_prot_cs,sph_ps,sph_acf,sph_cs,h_ps,fa_prob_ps,hacf,gacf,hcs
11513396,12.48705884811088,12.117170398589224,12.527651590228503,1.7943443041864366,2.5078842711377387,-1.0,-1.0,0.5393605276249197,0.5393605276249197,1308.6250287617963,1303.985288782219,1308.3593968971802,0.0711985627032361,0.0,0.19688756732832888,0.37739305189362826,0.8500641420616051
