target_id,prot_ps,prot_acf,prot_cs,e_prot_ps,E_prot_ps,e_prot_acf,E_prot_acf,e_prot_cs,E_prot_cs,sph_ps,sph_acf,sph_cs,h_ps,fa_prob_ps,hacf,gacf,hcs
11653958,49.06520273995614,-1.0,3.1095447079678915,1.5006784819645418,1.5982597638322602,-1.0,-1.0,0.07222464310256459,0.07222464310256459,250.83431054759117,-1.0,185.88339987640325,0.03730028339815417,0.0,-1.0,-1.0,0.12624541594374206
