target_id,prot_ps,prot_acf,prot_cs,e_prot_ps,E_prot_ps,e_prot_acf,E_prot_acf,e_prot_cs,E_prot_cs,sph_ps,sph_acf,sph_cs,h_ps,fa_prob_ps,hacf,gacf,hcs
11652713,9.018401261930281,9.215557197574526,9.05608436091411,0.46838506021997617,0.5220720581329736,-1.0,-1.0,0.12154509089927165,0.12154509089927165,3682.5627788617094,3733.19885564607,3683.8174241724882,0.06615962895007006,0.0,0.5037872329111763,0.7532962319311857,0.9122903332827632
