target_id,prot_ps,prot_acf,prot_cs,e_prot_ps,E_prot_ps,e_prot_acf,E_prot_acf,e_prot_cs,E_prot_cs,sph_ps,sph_acf,sph_cs,h_ps,fa_prob_ps,hacf,gacf,hcs
11603122,121.74858802798289,-1.0,13.04319907274097,1.205639183662612,1.2299976599694418,-1.0,-1.0,3.155838374515229,3.155838374515229,738.5910905285527,-1.0,659.0984446931197,0.046519541816388815,0.0,-1.0,-1.0,0.02928862955364197
