target_id,prot_ps,prot_acf,prot_cs,e_prot_ps,E_prot_ps,e_prot_acf,E_prot_acf,e_prot_cs,E_prot_cs,sph_ps,sph_acf,sph_cs,h_ps,fa_prob_ps,hacf,gacf,hcs
11602951,1.9072911739636595,3.6984870051965117,3.8360501999209617,0.3354743543044332,0.5147389646905633,-1.0,-1.0,0.11733156179861903,0.11733156179861903,5380.697656916206,5542.018762181494,5520.983538514571,0.09550346165067429,0.0,0.6980976927453114,0.9987897079530573,0.05196061784285261
