target_id,prot_ps,prot_acf,prot_cs,e_prot_ps,E_prot_ps,e_prot_acf,E_prot_acf,e_prot_cs,E_prot_cs,sph_ps,sph_acf,sph_cs,h_ps,fa_prob_ps,hacf,gacf,hcs
11618997,25.189417362522992,25.031259329989552,25.13759949217699,0.6402916886176371,0.6748530855459123,-1.0,-1.0,0.5323851258698005,0.5323851258698005,3727.8495159597373,3724.2130563862224,3727.784827611551,0.2652766657122479,0.0,0.6279789782078384,1.3524360412818432,0.9579583887900739
