target_id,prot_ps,prot_acf,prot_cs,e_prot_ps,E_prot_ps,e_prot_acf,E_prot_acf,e_prot_cs,E_prot_cs,sph_ps,sph_acf,sph_cs,h_ps,fa_prob_ps,hacf,gacf,hcs
11658621,23.349056000104284,19.12646596133709,45.98259888762609,0.2311648161382358,0.23583466932691266,-1.0,-1.0,4.693874996325981,4.693874996325981,3309.008906668687,3309.008906668687,3309.008906668687,0.20843003726745446,2.8895056988848136e-228,0.25160558031729124,0.22747580515261334,0.96130787370749
