target_id,prot_ps,prot_acf,prot_cs,e_prot_ps,E_prot_ps,e_prot_acf,E_prot_acf,e_prot_cs,E_prot_cs,sph_ps,sph_acf,sph_cs,h_ps,fa_prob_ps,hacf,gacf,hcs
11668401,27.895974186570648,28.137156412471086,27.6668329577069,2.597478329286396,3.1861485270035423,-1.0,-1.0,1.519906757313271,1.519906757313271,1196.4483523252284,1197.1264707886367,1199.1066011816577,0.060917575838270975,0.0,0.1642211355850904,0.5649636264416715,0.9775729879305392
