target_id,prot_ps,prot_acf,prot_cs,e_prot_ps,E_prot_ps,e_prot_acf,E_prot_acf,e_prot_cs,E_prot_cs,sph_ps,sph_acf,sph_cs,h_ps,fa_prob_ps,hacf,gacf,hcs
11619989,17.816913298144947,16.40825376426801,17.821329602852654,5.344640230984249,13.16257572828847,-1.0,-1.0,0.14402029947351588,0.14402029947351588,2002.1286785485436,1987.0430714992917,2001.8464068132084,0.09926154523192357,0.0,0.22270330277740297,0.5013189128330682,0.8301146677057459
