target_id,prot_ps,prot_acf,prot_cs,e_prot_ps,E_prot_ps,e_prot_acf,E_prot_acf,e_prot_cs,E_prot_cs,sph_ps,sph_acf,sph_cs,h_ps,fa_prob_ps,hacf,gacf,hcs
11617094,72.93522681384026,-1.0,73.3253693986352,3.5979808261110406,3.987458803705792,-1.0,-1.0,2.9967924117425553,2.9967924117425553,1596.371462398106,-1.0,1592.4701870805814,0.26436999592219235,0.0,-1.0,-1.0,0.6109159358805767
