target_id,prot_ps,prot_acf,prot_cs,e_prot_ps,E_prot_ps,e_prot_acf,E_prot_acf,e_prot_cs,E_prot_cs,sph_ps,sph_acf,sph_cs,h_ps,fa_prob_ps,hacf,gacf,hcs
11602629,41.742339406399346,49.34719362761825,52.668065639361735,14.25676428008915,44.03678153009188,-1.0,-1.0,2.5124277701203037,2.5124277701203037,1247.3362713183476,1273.2965046155266,1215.5610348435189,0.1965841083405117,0.0,0.07324994554890939,0.3812270516462296,0.2420271108436494
