target_id,prot_ps,prot_acf,prot_cs,e_prot_ps,E_prot_ps,e_prot_acf,E_prot_acf,e_prot_cs,E_prot_cs,sph_ps,sph_acf,sph_cs,h_ps,fa_prob_ps,hacf,gacf,hcs
11605843,60.874370239061854,-1.0,98.38134387470315,20.536710669659406,61.853301469228846,-1.0,-1.0,25.080043149210947,25.080043149210947,896.90452244542,-1.0,902.3811913385443,0.06467719085344308,0.0,-1.0,-1.0,0.265981670223389
