target_id,prot_ps,prot_acf,prot_cs,e_prot_ps,E_prot_ps,e_prot_acf,E_prot_acf,e_prot_cs,E_prot_cs,sph_ps,sph_acf,sph_cs,h_ps,fa_prob_ps,hacf,gacf,hcs
11668571,22.136164124998732,22.926600105129182,22.350983059708955,3.3797675358761587,4.844211461942692,-1.0,-1.0,1.928713446731837,1.928713446731837,1554.1598867629586,1543.8846102559442,1545.1211253715005,0.06830497522610444,0.0,0.17117428643581795,0.5194714831898442,0.9473339408952168
