target_id,prot_ps,prot_acf,prot_cs,e_prot_ps,E_prot_ps,e_prot_acf,E_prot_acf,e_prot_cs,E_prot_cs,sph_ps,sph_acf,sph_cs,h_ps,fa_prob_ps,hacf,gacf,hcs
11759221,26.089044054640716,27.42200439143926,27.539378061375274,2.5292500098477646,3.1300844856136933,-1.0,-1.0,2.057186569344953,2.057186569344953,1755.1920149737837,1721.7363169601956,1717.6825520234277,0.05480580498243305,0.0,0.11516819043564647,0.4441640781075762,0.8694693063809212
