target_id,prot_ps,prot_acf,prot_cs,e_prot_ps,E_prot_ps,e_prot_acf,E_prot_acf,e_prot_cs,E_prot_cs,sph_ps,sph_acf,sph_cs,h_ps,fa_prob_ps,hacf,gacf,hcs
11709244,14.184329619651743,14.221839766949415,14.184667370267757,0.4244188154240742,0.4511991859311184,-1.0,-1.0,0.09400743159697418,0.09400743159697418,5795.843629351955,5807.744201298358,5795.843629351955,0.23277380959356941,0.0,0.39261885719586354,0.8915658593287876,0.7534204887269806
