target_id,prot_ps,prot_acf,prot_cs,e_prot_ps,E_prot_ps,e_prot_acf,E_prot_acf,e_prot_cs,E_prot_cs,sph_ps,sph_acf,sph_cs,h_ps,fa_prob_ps,hacf,gacf,hcs
11723201,73.04944136269638,94.89401928707957,92.2106681646034,15.75631043458828,27.501460884806917,-1.0,-1.0,6.652424110127534,6.652424110127534,696.6421889334156,696.6297734470259,697.3599959846242,0.10101761589175898,0.0,0.684281266485932,0.7208904937686625,0.7054335215075332
