target_id,prot_ps,prot_acf,prot_cs,e_prot_ps,E_prot_ps,e_prot_acf,E_prot_acf,e_prot_cs,E_prot_cs,sph_ps,sph_acf,sph_cs,h_ps,fa_prob_ps,hacf,gacf,hcs
11719895,72.93425435661494,-1.0,89.46628874503075,0.7221459206318883,0.7367349792605751,-1.0,-1.0,7.052912595803952,7.052912595803952,680.4842621478986,-1.0,679.2801100193666,0.0624142618219928,0.0,-1.0,-1.0,0.35945823448889086
