target_id,prot_ps,prot_acf,prot_cs,e_prot_ps,E_prot_ps,e_prot_acf,E_prot_acf,e_prot_cs,E_prot_cs,sph_ps,sph_acf,sph_cs,h_ps,fa_prob_ps,hacf,gacf,hcs
11759076,73.04938491217182,-1.0,73.39122718593573,23.119576759158242,63.97095324960662,-1.0,-1.0,3.39370758099185,3.39370758099185,827.9910009374765,-1.0,829.4959903711929,0.13648569107129324,0.0,-1.0,-1.0,0.20412560133212704
