target_id,prot_ps,prot_acf,prot_cs,e_prot_ps,E_prot_ps,e_prot_acf,E_prot_acf,e_prot_cs,E_prot_cs,sph_ps,sph_acf,sph_cs,h_ps,fa_prob_ps,hacf,gacf,hcs
11703756,77.47234783328017,-1.0,91.07262830106544,20.70382256089747,44.9914604923503,-1.0,-1.0,17.558315856203407,17.558315856203407,192.32204808239902,-1.0,188.60111725756678,0.0616088934919654,0.0,-1.0,-1.0,0.4237480770747768
