target_id,prot_ps,prot_acf,prot_cs,e_prot_ps,E_prot_ps,e_prot_acf,E_prot_acf,e_prot_cs,E_prot_cs,sph_ps,sph_acf,sph_cs,h_ps,fa_prob_ps,hacf,gacf,hcs
11758833,91.31153998124434,-1.0,92.21056519696465,3.5720570557796947,3.8719660204154565,-1.0,-1.0,5.020092495184491,5.020092495184491,888.7532080541445,-1.0,886.007335719577,0.08770910195918166,0.0,-1.0,-1.0,0.46627365085945566
