target_id,prot_ps,prot_acf,prot_cs,e_prot_ps,E_prot_ps,e_prot_acf,E_prot_acf,e_prot_cs,E_prot_cs,sph_ps,sph_acf,sph_cs,h_ps,fa_prob_ps,hacf,gacf,hcs
11766331,63.52125830933389,-1.0,64.20499365524387,5.860518252219734,7.170375693992128,-1.0,-1.0,6.4062994591924705,6.4062994591924705,908.0400882045654,-1.0,908.573113746801,0.06528676526927019,0.0,-1.0,-1.0,0.2532094342142053
