target_id,prot_ps,prot_acf,prot_cs,e_prot_ps,E_prot_ps,e_prot_acf,E_prot_acf,e_prot_cs,E_prot_cs,sph_ps,sph_acf,sph_cs,h_ps,fa_prob_ps,hacf,gacf,hcs
11766556,89.96645528725759,-1.0,99.00081352204256,38.81375252874218,266.2505337700981,-1.0,-1.0,16.736565993956074,16.736565993956074,1343.249125305464,-1.0,1343.249125305464,0.21453267617790378,0.0,-1.0,-1.0,0.39639142845242464
