target_id,prot_ps,prot_acf,prot_cs,e_prot_ps,E_prot_ps,e_prot_acf,E_prot_acf,e_prot_cs,E_prot_cs,sph_ps,sph_acf,sph_cs,h_ps,fa_prob_ps,hacf,gacf,hcs
11775950,16.415570706068692,15.509159702807665,16.244159010462468,0.966354223343588,1.09677584964966,-1.0,-1.0,0.7110124945056198,0.7110124945056198,2806.8847942553093,2786.2822878513252,2827.3445417589724,0.06878896947769526,0.0,0.34838807503577446,0.6951801654655279,0.9183720796117041
