target_id,prot_ps,prot_acf,prot_cs,e_prot_ps,E_prot_ps,e_prot_acf,E_prot_acf,e_prot_cs,E_prot_cs,sph_ps,sph_acf,sph_cs,h_ps,fa_prob_ps,hacf,gacf,hcs
11761036,73.04931975860576,-1.0,73.80156040739267,4.037489660733826,4.533632529056149,-1.0,-1.0,5.139181668790052,5.139181668790052,502.41242175953573,-1.0,501.2379235236641,0.07872224536112594,0.0,-1.0,-1.0,0.4073374925218702
