target_id,prot_ps,prot_acf,prot_cs,e_prot_ps,E_prot_ps,e_prot_acf,E_prot_acf,e_prot_cs,E_prot_cs,sph_ps,sph_acf,sph_cs,h_ps,fa_prob_ps,hacf,gacf,hcs
11768389,91.31166051508411,-1.0,92.21068497564642,18.595871204173633,31.592242628770933,-1.0,-1.0,5.26872220055527,5.26872220055527,845.3976903906319,-1.0,845.3796186427511,0.05040335444742538,0.0,-1.0,-1.0,0.8197563618704993
