target_id,prot_ps,prot_acf,prot_cs,e_prot_ps,E_prot_ps,e_prot_acf,E_prot_acf,e_prot_cs,E_prot_cs,sph_ps,sph_acf,sph_cs,h_ps,fa_prob_ps,hacf,gacf,hcs
11757155,31.31850858996256,-1.0,92.72666505452634,0.31034624167096325,0.3166185509118442,-1.0,-1.0,6.335317556445946,6.335317556445946,345.79496623642666,-1.0,346.437007976865,0.09080539877677617,0.0,-1.0,-1.0,0.6697465551189524
