target_id,prot_ps,prot_acf,prot_cs,e_prot_ps,E_prot_ps,e_prot_acf,E_prot_acf,e_prot_cs,E_prot_cs,sph_ps,sph_acf,sph_cs,h_ps,fa_prob_ps,hacf,gacf,hcs
11773625,73.59768914060729,-1.0,92.04548455292097,11.655173828302857,16.979143017538803,-1.0,-1.0,3.8186308284383217,3.8186308284383217,251.94070336472032,-1.0,249.54397871027928,0.10545489643333246,0.0,-1.0,-1.0,0.5031205863700027
