target_id,prot_ps,prot_acf,prot_cs,e_prot_ps,E_prot_ps,e_prot_acf,E_prot_acf,e_prot_cs,E_prot_cs,sph_ps,sph_acf,sph_cs,h_ps,fa_prob_ps,hacf,gacf,hcs
11754150,15.54236163444697,15.509119057562202,15.599960923620534,0.7396244587587582,0.8170345929273903,-1.0,-1.0,0.701488677233015,0.701488677233015,1801.0871525345776,1807.402209534615,1787.329327416289,0.07544638428354392,0.0,0.23415630786426858,0.5504459192131713,0.8507165864987297
