target_id,prot_ps,prot_acf,prot_cs,e_prot_ps,E_prot_ps,e_prot_acf,E_prot_acf,e_prot_cs,E_prot_cs,sph_ps,sph_acf,sph_cs,h_ps,fa_prob_ps,hacf,gacf,hcs
11871782,73.04933734229928,-1.0,73.80157890781759,12.288299814515732,18.573206109990863,-1.0,-1.0,4.768133180147477,4.768133180147477,856.5210581608426,-1.0,858.2219835791641,0.06946589083578822,0.0,-1.0,-1.0,0.38073118583096566
