target_id,prot_ps,prot_acf,prot_cs,e_prot_ps,E_prot_ps,e_prot_acf,E_prot_acf,e_prot_cs,E_prot_cs,sph_ps,sph_acf,sph_cs,h_ps,fa_prob_ps,hacf,gacf,hcs
11807708,12.815663611960902,13.4044895991683,12.816250362091939,1.5598345628185886,2.0550963461546985,-1.0,-1.0,0.07248867934037896,0.07248867934037896,2295.5049675933187,2283.6370688259512,2297.465293376728,0.11170839140123942,0.0,0.252869626788505,0.5982144230951278,0.9145794906439456
