target_id,prot_ps,prot_acf,prot_cs,e_prot_ps,E_prot_ps,e_prot_acf,E_prot_acf,e_prot_cs,E_prot_cs,sph_ps,sph_acf,sph_cs,h_ps,fa_prob_ps,hacf,gacf,hcs
11805143,19.505555252847472,21.517200655303895,21.133855276107784,4.932152199836212,9.877352696551846,-1.0,-1.0,3.62177528779322,3.62177528779322,3841.9029467512996,3841.9029467512996,3841.9029467512996,0.3422507880062329,0.0,0.5786066381985486,0.932631548046719,0.9316380175789889
