target_id,prot_ps,prot_acf,prot_cs,e_prot_ps,E_prot_ps,e_prot_acf,E_prot_acf,e_prot_cs,E_prot_cs,sph_ps,sph_acf,sph_cs,h_ps,fa_prob_ps,hacf,gacf,hcs
11869707,20.87123316238562,-1.0,14.18077130616177,0.20460999538413205,0.2087228112095083,-1.0,-1.0,3.0167194957486148,3.0167194957486148,615.4326281594392,-1.0,601.9060829883383,0.0221731184137479,0.0,-1.0,-1.0,0.06669753314932635
