target_id,prot_ps,prot_acf,prot_cs,e_prot_ps,E_prot_ps,e_prot_acf,E_prot_acf,e_prot_cs,E_prot_cs,sph_ps,sph_acf,sph_cs,h_ps,fa_prob_ps,hacf,gacf,hcs
11853243,18.730505880739393,19.514075606130064,18.904337369389747,2.363581749502714,3.150828981991417,-1.0,-1.0,2.3622018160684415,2.3622018160684415,1648.2644375995942,1606.7579428904878,1646.5053599719383,0.05193043873387153,0.0,0.22580878046383338,0.6067748096529759,0.9211160695316807
