target_id,prot_ps,prot_acf,prot_cs,e_prot_ps,E_prot_ps,e_prot_acf,E_prot_acf,e_prot_cs,E_prot_cs,sph_ps,sph_acf,sph_cs,h_ps,fa_prob_ps,hacf,gacf,hcs
11823613,121.74880178039933,-1.0,13.906233891454246,1.205251688395947,1.2295983414508385,-1.0,-1.0,0.09639264703698243,0.09639264703698243,704.7097891086614,-1.0,692.9838063090317,0.02681635995128715,0.0,-1.0,-1.0,0.09905865323183034
