target_id,prot_ps,prot_acf,prot_cs,e_prot_ps,E_prot_ps,e_prot_acf,E_prot_acf,e_prot_cs,E_prot_cs,sph_ps,sph_acf,sph_cs,h_ps,fa_prob_ps,hacf,gacf,hcs
11804320,63.52088949619701,-1.0,12.582602818831804,1.563456065406271,1.6435534108197771,-1.0,-1.0,4.981888650385139,4.981888650385139,833.8208984940942,-1.0,785.0588505077998,0.02894976293303722,0.0,-1.0,-1.0,0.010246204996791578
