target_id,prot_ps,prot_acf,prot_cs,e_prot_ps,E_prot_ps,e_prot_acf,E_prot_acf,e_prot_cs,E_prot_cs,sph_ps,sph_acf,sph_cs,h_ps,fa_prob_ps,hacf,gacf,hcs
11823879,73.04949639855599,-1.0,91.25858954739383,15.983322898899686,28.592345541730822,-1.0,-1.0,4.900600889167435,4.900600889167435,736.3623963621917,-1.0,735.4149191301843,0.07672153325563255,0.0,-1.0,-1.0,0.7068324316803579
