target_id,prot_ps,prot_acf,prot_cs,e_prot_ps,E_prot_ps,e_prot_acf,E_prot_acf,e_prot_cs,E_prot_cs,sph_ps,sph_acf,sph_cs,h_ps,fa_prob_ps,hacf,gacf,hcs
11809071,73.04923485756576,-1.0,72.87887877849182,22.68597831610205,60.87350220234005,-1.0,-1.0,4.022036933369609,4.022036933369609,377.5713576344368,-1.0,377.6476669169958,0.09085126729026317,0.0,-1.0,-1.0,0.32986070719402055
