target_id,prot_ps,prot_acf,prot_cs,e_prot_ps,E_prot_ps,e_prot_acf,E_prot_acf,e_prot_cs,E_prot_cs,sph_ps,sph_acf,sph_cs,h_ps,fa_prob_ps,hacf,gacf,hcs
11876496,72.93525745727214,-1.0,95.322750293456,11.241008368305955,16.1779244322952,-1.0,-1.0,6.751959263065721,6.751959263065721,1101.6855592534323,-1.0,1125.909569863353,0.11553762132254904,0.0,-1.0,-1.0,0.5706715620590767
