target_id,prot_ps,prot_acf,prot_cs,e_prot_ps,E_prot_ps,e_prot_acf,E_prot_acf,e_prot_cs,E_prot_cs,sph_ps,sph_acf,sph_cs,h_ps,fa_prob_ps,hacf,gacf,hcs
11858760,36.52463143729526,-1.0,70.27240449625532,10.063582661038232,22.144373431337826,-1.0,-1.0,5.482005515039577,5.482005515039577,564.7054219991344,-1.0,575.3240516245024,0.1585500369430112,0.0,-1.0,-1.0,0.043167014254510604
