target_id,prot_ps,prot_acf,prot_cs,e_prot_ps,E_prot_ps,e_prot_acf,E_prot_acf,e_prot_cs,E_prot_cs,sph_ps,sph_acf,sph_cs,h_ps,fa_prob_ps,hacf,gacf,hcs
11809639,73.04922332228169,95.20040519395843,73.80146285969762,19.663475117155812,43.09764561172446,-1.0,-1.0,14.495182231534814,14.495182231534814,671.8444448185128,670.9725550042967,668.983462813328,0.08641854819757759,0.0,0.7218275522668213,0.7359317933141094,0.512942583122022
