target_id,prot_ps,prot_acf,prot_cs,e_prot_ps,E_prot_ps,e_prot_acf,E_prot_acf,e_prot_cs,E_prot_cs,sph_ps,sph_acf,sph_cs,h_ps,fa_prob_ps,hacf,gacf,hcs
11853035,19.882530141277115,17.919856826309115,17.892680760654617,2.9234040874713365,4.15851857340769,-1.0,-1.0,2.339348111656187,2.339348111656187,947.4807012373748,1078.847056632986,1077.4275528824628,0.04314664414318693,0.0,0.2281207677541831,0.42743185972205705,0.9703676777329103
