target_id,prot_ps,prot_acf,prot_cs,e_prot_ps,E_prot_ps,e_prot_acf,E_prot_acf,e_prot_cs,E_prot_cs,sph_ps,sph_acf,sph_cs,h_ps,fa_prob_ps,hacf,gacf,hcs
11808247,104.35606326650857,-1.0,101.0023696027338,1.0329956021008968,1.0538618139880214,-1.0,-1.0,2.7047886334405846,2.7047886334405846,2384.076907565777,-1.0,2386.9254993364584,0.22098895655778322,0.0,-1.0,-1.0,0.12703592544187936
