target_id,prot_ps,prot_acf,prot_cs,e_prot_ps,E_prot_ps,e_prot_acf,E_prot_acf,e_prot_cs,E_prot_cs,sph_ps,sph_acf,sph_cs,h_ps,fa_prob_ps,hacf,gacf,hcs
11913349,72.74124051724132,-1.0,76.52491408651693,0.720083543956477,0.7346293866785203,-1.0,-1.0,14.970770100073814,14.970770100073814,959.8407076912194,-1.0,959.8407076912194,0.2634518638021355,0.0,-1.0,-1.0,0.514849916490446
