target_id,prot_ps,prot_acf,prot_cs,e_prot_ps,E_prot_ps,e_prot_acf,E_prot_acf,e_prot_cs,E_prot_cs,sph_ps,sph_acf,sph_cs,h_ps,fa_prob_ps,hacf,gacf,hcs
11905430,48.723008175102514,45.54784180596471,48.16730247940869,11.695384258496347,22.288626251990515,-1.0,-1.0,6.809587408575204,6.809587408575204,8308.967414264407,8308.967414264407,8308.967414264407,0.7681069249841354,0.0,0.3769444110425706,0.7342631490840172,0.9125193066266137
