target_id,prot_ps,prot_acf,prot_cs,e_prot_ps,E_prot_ps,e_prot_acf,E_prot_acf,e_prot_cs,E_prot_cs,sph_ps,sph_acf,sph_cs,h_ps,fa_prob_ps,hacf,gacf,hcs
11963521,14.047940903927783,15.120920557528734,15.87063214571215,1.881287076749814,2.5601306692879824,-1.0,-1.0,0.4786432583867245,0.4786432583867245,2289.399387879108,2308.6251939786684,2322.0018708132657,0.07694558393522412,0.0,0.2789909973893537,0.7137747810204296,0.8765289579879488
