target_id,prot_ps,prot_acf,prot_cs,e_prot_ps,E_prot_ps,e_prot_acf,E_prot_acf,e_prot_cs,E_prot_cs,sph_ps,sph_acf,sph_cs,h_ps,fa_prob_ps,hacf,gacf,hcs
12071107,73.04937834982077,-1.0,73.80161927238106,24.78389934209629,78.76342922390272,-1.0,-1.0,4.529723924422762,4.529723924422762,391.62351523863015,-1.0,391.95380757628334,0.09097430602714437,0.0,-1.0,-1.0,0.2822710879079501
