target_id,prot_ps,prot_acf,prot_cs,e_prot_ps,E_prot_ps,e_prot_acf,E_prot_acf,e_prot_cs,E_prot_cs,sph_ps,sph_acf,sph_cs,h_ps,fa_prob_ps,hacf,gacf,hcs
12061901,73.04726683011646,-1.0,73.80155367996542,27.874321832218236,118.75963072864982,-1.0,-1.0,4.6604307875259785,4.6604307875259785,716.3490257248541,-1.0,717.4580426241477,0.0794327269627229,0.0,-1.0,-1.0,0.21020046777512846
