target_id,prot_ps,prot_acf,prot_cs,e_prot_ps,E_prot_ps,e_prot_acf,E_prot_acf,e_prot_cs,E_prot_cs,sph_ps,sph_acf,sph_cs,h_ps,fa_prob_ps,hacf,gacf,hcs
12024466,73.04934158532956,-1.0,73.80158395338802,15.05399069567055,25.789795441032595,-1.0,-1.0,5.435371266144564,5.435371266144564,391.86380822334917,-1.0,390.86388554194804,0.0899419338033534,0.0,-1.0,-1.0,0.4940246076380267
