target_id,prot_ps,prot_acf,prot_cs,e_prot_ps,E_prot_ps,e_prot_acf,E_prot_acf,e_prot_cs,E_prot_cs,sph_ps,sph_acf,sph_cs,h_ps,fa_prob_ps,hacf,gacf,hcs
12062063,14.047940324340093,13.81316463649273,14.087574664117259,0.6282842416348888,0.6897727418342736,-1.0,-1.0,0.1374557630366918,0.1374557630366918,4453.176592493974,4427.65330279146,4447.895184285162,0.14568292406989722,0.0,0.3984147295249842,0.7391612759035355,0.7794288249717062
