target_id,prot_ps,prot_acf,prot_cs,e_prot_ps,E_prot_ps,e_prot_acf,E_prot_acf,e_prot_cs,E_prot_cs,sph_ps,sph_acf,sph_cs,h_ps,fa_prob_ps,hacf,gacf,hcs
12052491,91.31131501768058,-1.0,92.3135258691383,0.9049188947579836,0.9232087702302607,-1.0,-1.0,4.233257623162935,4.233257623162935,619.0959329310077,-1.0,616.0231759430773,0.10398385982194608,0.0,-1.0,-1.0,0.14322045672136977
