target_id,prot_ps,prot_acf,prot_cs,e_prot_ps,E_prot_ps,e_prot_acf,E_prot_acf,e_prot_cs,E_prot_cs,sph_ps,sph_acf,sph_cs,h_ps,fa_prob_ps,hacf,gacf,hcs
12007823,73.04921339567213,-1.0,73.12167832695096,24.278650014214392,73.8778280544659,-1.0,-1.0,3.9554629308038622,3.9554629308038622,710.6054818217485,-1.0,710.8901527778897,0.08315830426847878,0.0,-1.0,-1.0,0.1794021287352385
