target_id,prot_ps,prot_acf,prot_cs,e_prot_ps,E_prot_ps,e_prot_acf,E_prot_acf,e_prot_cs,E_prot_cs,sph_ps,sph_acf,sph_cs,h_ps,fa_prob_ps,hacf,gacf,hcs
12024088,72.9350361020474,-1.0,73.22721981517256,18.216268605045343,36.7645644189401,-1.0,-1.0,3.2047022299882526,3.2047022299882526,2623.3202315171566,-1.0,2618.935221335803,0.27432111843729035,0.0,-1.0,-1.0,0.5164678576497774
