target_id,prot_ps,prot_acf,prot_cs,e_prot_ps,E_prot_ps,e_prot_acf,E_prot_acf,e_prot_cs,E_prot_cs,sph_ps,sph_acf,sph_cs,h_ps,fa_prob_ps,hacf,gacf,hcs
12022345,72.93526633382811,-1.0,73.3634730882744,11.463635683187839,16.643089091040792,-1.0,-1.0,3.1846291429981366,3.1846291429981366,994.7469141435789,-1.0,992.7994712878032,0.17977062571037034,0.0,-1.0,-1.0,0.47316434403952656
