target_id,prot_ps,prot_acf,prot_cs,e_prot_ps,E_prot_ps,e_prot_acf,E_prot_acf,e_prot_cs,E_prot_cs,sph_ps,sph_acf,sph_cs,h_ps,fa_prob_ps,hacf,gacf,hcs
12011271,91.3115938826152,-1.0,90.3846649056025,0.9040857969086744,0.9223502652354796,-1.0,-1.0,23.812585533130047,23.812585533130047,698.8106068874166,-1.0,692.0934358911373,0.06814006491567681,0.0,-1.0,-1.0,0.3560971734258051
