target_id,prot_ps,prot_acf,prot_cs,e_prot_ps,E_prot_ps,e_prot_acf,E_prot_acf,e_prot_cs,E_prot_cs,sph_ps,sph_acf,sph_cs,h_ps,fa_prob_ps,hacf,gacf,hcs
12013059,26.284903474478746,26.931681277230382,26.581855493113395,4.757989616634351,7.415955563139665,-1.0,-1.0,2.290168433944047,2.290168433944047,215.92087765845096,213.75779497141332,215.29799693193527,0.05247230543846001,0.0,0.08022765898142718,0.41026016002138166,0.8952511244236457
