target_id,prot_ps,prot_acf,prot_cs,e_prot_ps,E_prot_ps,e_prot_acf,E_prot_acf,e_prot_cs,E_prot_cs,sph_ps,sph_acf,sph_cs,h_ps,fa_prob_ps,hacf,gacf,hcs
12153141,91.31151216351091,-1.0,73.80144940484314,0.9048608733903052,0.9231489609180414,-1.0,-1.0,3.763651249200876,3.763651249200876,1377.843711293947,-1.0,1374.235955282609,0.08027352476544247,0.0,-1.0,-1.0,0.07157800019914659
