target_id,prot_ps,prot_acf,prot_cs,e_prot_ps,E_prot_ps,e_prot_acf,E_prot_acf,e_prot_cs,E_prot_cs,sph_ps,sph_acf,sph_cs,h_ps,fa_prob_ps,hacf,gacf,hcs
12157048,73.04923055224576,-1.0,73.50444348146853,22.338512125073215,58.43457981948907,-1.0,-1.0,3.374274041196152,3.374274041196152,973.6928528010889,-1.0,973.5247901407967,0.08861205108859926,0.0,-1.0,-1.0,0.39313717967008976
