target_id,prot_ps,prot_acf,prot_cs,e_prot_ps,E_prot_ps,e_prot_acf,E_prot_acf,e_prot_cs,E_prot_cs,sph_ps,sph_acf,sph_cs,h_ps,fa_prob_ps,hacf,gacf,hcs
12120023,61.33224073362621,-1.0,72.84604636205827,25.82245843601173,163.65756916332003,-1.0,-1.0,3.6033134987791664,3.6033134987791664,144.1619817353479,-1.0,143.10787172441502,0.07857044905388913,0.0,-1.0,-1.0,0.21213175876328194
