target_id,prot_ps,prot_acf,prot_cs,e_prot_ps,E_prot_ps,e_prot_acf,E_prot_acf,e_prot_cs,E_prot_cs,sph_ps,sph_acf,sph_cs,h_ps,fa_prob_ps,hacf,gacf,hcs
12153551,26.563370318366292,26.032494278624654,26.257673310767863,3.816356593646873,5.3767645664568455,-1.0,-1.0,2.0313773477617993,2.0313773477617993,1446.0571257675654,1445.5861770232507,1446.5272286151296,0.07695527417022847,0.0,0.11784864542164743,0.5545174763056646,0.9294813371653824
