target_id,prot_ps,prot_acf,prot_cs,e_prot_ps,E_prot_ps,e_prot_acf,E_prot_acf,e_prot_cs,E_prot_cs,sph_ps,sph_acf,sph_cs,h_ps,fa_prob_ps,hacf,gacf,hcs
12156880,60.87449235274386,-1.0,61.56327472744509,15.313052377262814,30.508427723848165,-1.0,-1.0,3.063384706047822,3.063384706047822,201.04687334287138,-1.0,200.70626446350326,0.12760874827518898,0.0,-1.0,-1.0,0.2922806115565955
