target_id,prot_ps,prot_acf,prot_cs,e_prot_ps,E_prot_ps,e_prot_acf,E_prot_acf,e_prot_cs,E_prot_cs,sph_ps,sph_acf,sph_cs,h_ps,fa_prob_ps,hacf,gacf,hcs
12152443,45.999082781689125,52.45327608194202,46.49746915572322,12.350197709177394,26.36711713830146,-1.0,-1.0,1.840555566088625,1.840555566088625,241.97137878942007,238.34174140678044,240.8890837013798,0.13030008661403916,0.0,0.19861214601360308,0.5483480348054165,0.4917208050515514
