target_id,prot_ps,prot_acf,prot_cs,e_prot_ps,E_prot_ps,e_prot_acf,E_prot_acf,e_prot_cs,E_prot_cs,sph_ps,sph_acf,sph_cs,h_ps,fa_prob_ps,hacf,gacf,hcs
12158152,73.04925910333553,-1.0,73.60832091667069,17.46538880876541,33.779762359660026,-1.0,-1.0,4.362065545571032,4.362065545571032,848.033127650764,-1.0,847.1001401898791,0.09275689270581834,0.0,-1.0,-1.0,0.44501038744834326
