target_id,prot_ps,prot_acf,prot_cs,e_prot_ps,E_prot_ps,e_prot_acf,E_prot_acf,e_prot_cs,E_prot_cs,sph_ps,sph_acf,sph_cs,h_ps,fa_prob_ps,hacf,gacf,hcs
12119331,73.0486167953773,-1.0,73.80175550278275,18.87370477463265,39.20637581100338,-1.0,-1.0,5.698937185608639,5.698937185608639,731.0461999749859,-1.0,733.3505358887098,0.08409091578816597,0.0,-1.0,-1.0,0.3611042989118636
