target_id,prot_ps,prot_acf,prot_cs,e_prot_ps,E_prot_ps,e_prot_acf,E_prot_acf,e_prot_cs,E_prot_cs,sph_ps,sph_acf,sph_cs,h_ps,fa_prob_ps,hacf,gacf,hcs
12154883,73.04939192551447,-1.0,73.39056532716268,23.331273860816403,65.75312447602765,-1.0,-1.0,2.927467822918837,2.927467822918837,499.59136088139337,-1.0,499.7606497465267,0.11588610722915772,0.0,-1.0,-1.0,0.3400295488597646
