target_id,prot_ps,prot_acf,prot_cs,e_prot_ps,E_prot_ps,e_prot_acf,E_prot_acf,e_prot_cs,E_prot_cs,sph_ps,sph_acf,sph_cs,h_ps,fa_prob_ps,hacf,gacf,hcs
12154888,73.04947841473697,-1.0,91.7913836165578,22.996893911354917,63.16463848424344,-1.0,-1.0,4.399428364167941,4.399428364167941,878.4086039336194,-1.0,882.0509599483063,0.11876896013057718,0.0,-1.0,-1.0,0.30266684089531753
