target_id,prot_ps,prot_acf,prot_cs,e_prot_ps,E_prot_ps,e_prot_acf,E_prot_acf,e_prot_cs,E_prot_cs,sph_ps,sph_acf,sph_cs,h_ps,fa_prob_ps,hacf,gacf,hcs
12108870,17.392675671886852,18.124657362233847,17.583574017304922,1.2558442121856714,1.4653386883581199,-1.0,-1.0,1.3156573707260464,1.3156573707260464,3546.123910816739,3525.7900327175544,3540.1421417123106,0.10852915803513102,0.0,0.43287751200596775,0.8707027076861737,0.9162088712078623
