target_id,prot_ps,prot_acf,prot_cs,e_prot_ps,E_prot_ps,e_prot_acf,E_prot_acf,e_prot_cs,E_prot_cs,sph_ps,sph_acf,sph_cs,h_ps,fa_prob_ps,hacf,gacf,hcs
12115283,73.0493401909149,-1.0,72.83066062666921,19.921949979613558,44.35898578573699,-1.0,-1.0,5.358250955820746,5.358250955820746,667.126705923195,-1.0,666.2755741520568,0.07356233203717903,0.0,-1.0,-1.0,0.44142300348643776
