target_id,prot_ps,prot_acf,prot_cs,e_prot_ps,E_prot_ps,e_prot_acf,E_prot_acf,e_prot_cs,E_prot_cs,sph_ps,sph_acf,sph_cs,h_ps,fa_prob_ps,hacf,gacf,hcs
12167160,91.3115938555732,-1.0,76.10275500749458,1.2952576283402522,1.3334664548450519,-1.0,-1.0,15.06605928217253,15.06605928217253,581.0093077957472,-1.0,580.1751206848467,0.039892797643628096,0.0,-1.0,-1.0,0.39751233543921827
