target_id,prot_ps,prot_acf,prot_cs,e_prot_ps,E_prot_ps,e_prot_acf,E_prot_acf,e_prot_cs,E_prot_cs,sph_ps,sph_acf,sph_cs,h_ps,fa_prob_ps,hacf,gacf,hcs
12120684,73.04927814018129,-1.0,73.8015183609724,5.03966825910058,5.837003936424992,-1.0,-1.0,4.667716423229913,4.667716423229913,1051.1967103007462,-1.0,1051.5262344647576,0.04965023363159964,0.0,-1.0,-1.0,0.4508326221954792
