target_id,prot_ps,prot_acf,prot_cs,e_prot_ps,E_prot_ps,e_prot_acf,E_prot_acf,e_prot_cs,E_prot_cs,sph_ps,sph_acf,sph_cs,h_ps,fa_prob_ps,hacf,gacf,hcs
12265967,73.04941353081725,-1.0,73.80153013397006,2.4488243209963088,2.622921347798055,-1.0,-1.0,4.031281011156279,4.031281011156279,1298.6222575341853,-1.0,1293.6501171167797,0.1297500102668918,0.0,-1.0,-1.0,0.46937844455026506
