target_id,prot_ps,prot_acf,prot_cs,e_prot_ps,E_prot_ps,e_prot_acf,E_prot_acf,e_prot_cs,E_prot_cs,sph_ps,sph_acf,sph_cs,h_ps,fa_prob_ps,hacf,gacf,hcs
12204948,39.486046513416476,-1.0,92.21050845969467,16.07966782352737,83.01480865584162,-1.0,-1.0,6.5202158527776595,6.5202158527776595,1400.4956325670512,-1.0,1422.5354681941433,0.05388005184992344,0.0,-1.0,-1.0,0.2937692854056394
