target_id,prot_ps,prot_acf,prot_cs,e_prot_ps,E_prot_ps,e_prot_acf,E_prot_acf,e_prot_cs,E_prot_cs,sph_ps,sph_acf,sph_cs,h_ps,fa_prob_ps,hacf,gacf,hcs
12268307,72.7417424275545,-1.0,86.63787986400536,24.215854027392872,71.04454494970234,-1.0,-1.0,14.808379671051243,14.808379671051243,962.2574239544871,-1.0,962.2574239544871,0.22343677871941672,0.0,-1.0,-1.0,0.28374575278866826
