target_id,prot_ps,prot_acf,prot_cs,e_prot_ps,E_prot_ps,e_prot_acf,E_prot_acf,e_prot_cs,E_prot_cs,sph_ps,sph_acf,sph_cs,h_ps,fa_prob_ps,hacf,gacf,hcs
12265176,73.04940745364944,-1.0,73.80165122766046,4.889359540967618,5.647269003811033,-1.0,-1.0,5.226823339002099,5.226823339002099,450.5330410553952,-1.0,449.61318844756704,0.08229719368370018,0.0,-1.0,-1.0,0.3417371680318985
