target_id,prot_ps,prot_acf,prot_cs,e_prot_ps,E_prot_ps,e_prot_acf,E_prot_acf,e_prot_cs,E_prot_cs,sph_ps,sph_acf,sph_cs,h_ps,fa_prob_ps,hacf,gacf,hcs
12268654,73.04949641040761,-1.0,73.801610863097,5.8545265795490025,6.958792389361918,-1.0,-1.0,5.6072101480994645,5.6072101480994645,442.14075433282255,-1.0,442.3889863898742,0.21661294739685752,0.0,-1.0,-1.0,0.7044716251379265
