target_id,prot_ps,prot_acf,prot_cs,e_prot_ps,E_prot_ps,e_prot_acf,E_prot_acf,e_prot_cs,E_prot_cs,sph_ps,sph_acf,sph_cs,h_ps,fa_prob_ps,hacf,gacf,hcs
12207328,22.476669882230077,56.560326129198074,58.10029994394618,1.142789335364231,1.2713224344918679,-1.0,-1.0,4.137644815749018,4.137644815749018,3690.4678376493725,3826.7684769183616,3799.8098041706558,0.07814712728706615,0.0,0.32501017398479354,0.7478650628839967,0.9525592928153769
