target_id,prot_ps,prot_acf,prot_cs,e_prot_ps,E_prot_ps,e_prot_acf,E_prot_acf,e_prot_cs,E_prot_cs,sph_ps,sph_acf,sph_cs,h_ps,fa_prob_ps,hacf,gacf,hcs
12203913,20.577234632076294,19.616299867630005,20.411373021639886,1.080737037209886,1.2090031149908427,-1.0,-1.0,1.4293870909151845,1.4293870909151845,3170.50408400838,3158.71257857034,3165.410133940222,0.11251020664309583,0.0,0.29173717766469737,0.7220172566541888,0.8140903145565827
