target_id,prot_ps,prot_acf,prot_cs,e_prot_ps,E_prot_ps,e_prot_acf,E_prot_acf,e_prot_cs,E_prot_cs,sph_ps,sph_acf,sph_cs,h_ps,fa_prob_ps,hacf,gacf,hcs
12206157,73.04919462789407,-1.0,72.79734790696077,2.1015625569582426,2.231227354119625,-1.0,-1.0,3.5254905396357334,3.5254905396357334,449.5355103961639,-1.0,449.3090684802612,0.10161534945638395,0.0,-1.0,-1.0,0.24230984092474883
