target_id,prot_ps,prot_acf,prot_cs,e_prot_ps,E_prot_ps,e_prot_acf,E_prot_acf,e_prot_cs,E_prot_cs,sph_ps,sph_acf,sph_cs,h_ps,fa_prob_ps,hacf,gacf,hcs
12206644,45.65590354545667,40.54049810767174,46.105417086826634,4.211612537831819,5.152757076758725,-1.0,-1.0,5.524182304466844,5.524182304466844,312.6372621142159,310.18098105689353,311.6655821007106,0.04756155507983339,0.0,-0.5356958657950738,0.007572695008305208,1.011491644546611
