target_id,prot_ps,prot_acf,prot_cs,e_prot_ps,E_prot_ps,e_prot_acf,E_prot_acf,e_prot_cs,E_prot_cs,sph_ps,sph_acf,sph_cs,h_ps,fa_prob_ps,hacf,gacf,hcs
12316598,73.04938170323908,-1.0,72.34020436607302,22.763022158939783,61.431209094003506,-1.0,-1.0,8.993827640702143,8.993827640702143,625.4065511446887,-1.0,626.609748965202,0.08103965113671237,0.0,-1.0,-1.0,0.23856255513898006
