target_id,prot_ps,prot_acf,prot_cs,e_prot_ps,E_prot_ps,e_prot_acf,E_prot_acf,e_prot_cs,E_prot_cs,sph_ps,sph_acf,sph_cs,h_ps,fa_prob_ps,hacf,gacf,hcs
12301013,91.31153645418232,63.957350379787385,92.05718997666439,0.9039265130414691,0.9221861362649832,-1.0,-1.0,4.31021637959252,4.31021637959252,795.1278361460877,790.414820511961,793.4440771255562,0.06314313420687273,0.0,0.14248499448955304,0.4488268089255331,0.5080178355198943
