target_id,prot_ps,prot_acf,prot_cs,e_prot_ps,E_prot_ps,e_prot_acf,E_prot_acf,e_prot_cs,E_prot_cs,sph_ps,sph_acf,sph_cs,h_ps,fa_prob_ps,hacf,gacf,hcs
12300406,32.509191823365136,33.83897785842419,32.85650318726896,0.32180905073541766,0.3283095861447549,-1.0,-1.0,5.421803398003695,5.421803398003695,4237.971859791833,4237.971859791833,4237.971859791833,0.5832343645598875,0.0,0.4457289617952723,0.7049295065499649,0.9750625388806555
