target_id,prot_ps,prot_acf,prot_cs,e_prot_ps,E_prot_ps,e_prot_acf,E_prot_acf,e_prot_cs,E_prot_cs,sph_ps,sph_acf,sph_cs,h_ps,fa_prob_ps,hacf,gacf,hcs
12351858,73.04923340656349,-1.0,73.8014746326953,2.837909401002989,3.074396781664035,-1.0,-1.0,4.340290543503968,4.340290543503968,522.9573008534285,-1.0,523.180396392545,0.18175940623009082,0.0,-1.0,-1.0,0.6656875670618315
