target_id,prot_ps,prot_acf,prot_cs,e_prot_ps,E_prot_ps,e_prot_acf,E_prot_acf,e_prot_cs,E_prot_cs,sph_ps,sph_acf,sph_cs,h_ps,fa_prob_ps,hacf,gacf,hcs
12306142,25.631301669748005,25.623800461180508,25.55670345327008,1.5584546760514506,1.7717554782521603,-1.0,-1.0,0.413590184776138,0.413590184776138,1481.1434985570754,1481.0171953419353,1534.5601861537755,0.14331408828359196,0.0,0.1488226298642604,0.5830223474763279,0.9891681255358356
