target_id,prot_ps,prot_acf,prot_cs,e_prot_ps,E_prot_ps,e_prot_acf,E_prot_acf,e_prot_cs,E_prot_cs,sph_ps,sph_acf,sph_cs,h_ps,fa_prob_ps,hacf,gacf,hcs
12365337,73.59775751065766,-1.0,92.40329989943108,28.61521263124024,133.3340770869764,-1.0,-1.0,4.3298282494242075,4.3298282494242075,424.4790874081265,-1.0,426.55558544288505,0.11411214567691164,0.0,-1.0,-1.0,0.28541535686015024
