target_id,prot_ps,prot_acf,prot_cs,e_prot_ps,E_prot_ps,e_prot_acf,E_prot_acf,e_prot_cs,E_prot_cs,sph_ps,sph_acf,sph_cs,h_ps,fa_prob_ps,hacf,gacf,hcs
12302918,9.246759120420995,9.31775326654315,9.354256852725149,0.11188773691054266,0.11463419075652226,-1.0,-1.0,0.20868840496516666,0.20868840496516666,5188.079148538204,5196.794326848022,5183.934601869612,0.10646155465182763,0.0,0.5753873478542169,0.9818327003318562,0.7223886079751412
