target_id,prot_ps,prot_acf,prot_cs,e_prot_ps,E_prot_ps,e_prot_acf,E_prot_acf,e_prot_cs,E_prot_cs,sph_ps,sph_acf,sph_cs,h_ps,fa_prob_ps,hacf,gacf,hcs
12302305,91.3115272340138,-1.0,91.69038028491839,0.9044806903300611,0.9227571936433776,-1.0,-1.0,3.9212619160382993,3.9212619160382993,787.0044206987463,-1.0,786.3433970120417,0.13385320721125427,0.0,-1.0,-1.0,0.12648538277179106
