target_id,prot_ps,prot_acf,prot_cs,e_prot_ps,E_prot_ps,e_prot_acf,E_prot_acf,e_prot_cs,E_prot_cs,sph_ps,sph_acf,sph_cs,h_ps,fa_prob_ps,hacf,gacf,hcs
12406326,47.12853583059941,-1.0,85.12498759299518,21.72031056802592,314.6284818824941,-1.0,-1.0,12.531041305473538,12.531041305473538,1246.5577608143058,-1.0,1230.1120315591565,0.049269163138998866,0.0,-1.0,-1.0,0.3804443751992882
