target_id,prot_ps,prot_acf,prot_cs,e_prot_ps,E_prot_ps,e_prot_acf,E_prot_acf,e_prot_cs,E_prot_cs,sph_ps,sph_acf,sph_cs,h_ps,fa_prob_ps,hacf,gacf,hcs
12402593,73.04923782879996,-1.0,73.80147967826096,34.22114302672313,637.3001882250403,-1.0,-1.0,14.559276795751085,14.559276795751085,963.9250673292403,-1.0,964.2636178595651,0.05352853636610943,0.0,-1.0,-1.0,0.19468791584916814
