target_id,prot_ps,prot_acf,prot_cs,e_prot_ps,E_prot_ps,e_prot_acf,E_prot_acf,e_prot_cs,E_prot_cs,sph_ps,sph_acf,sph_cs,h_ps,fa_prob_ps,hacf,gacf,hcs
12405321,81.16578442541183,-1.0,81.73676945303467,17.076753881234566,29.69843797481316,-1.0,-1.0,12.680285533696518,12.680285533696518,2779.124589807647,-1.0,2772.301611580112,0.07281716413001686,0.0,-1.0,-1.0,0.4619795269109534
