target_id,prot_ps,prot_acf,prot_cs,e_prot_ps,E_prot_ps,e_prot_acf,E_prot_acf,e_prot_cs,E_prot_cs,sph_ps,sph_acf,sph_cs,h_ps,fa_prob_ps,hacf,gacf,hcs
12417766,91.31059758545004,-1.0,91.53441201193755,0.9040924444259986,0.9223572163606377,-1.0,-1.0,3.9735555849951743,3.9735555849951743,1057.5400447332358,-1.0,1056.8530901419897,0.07776536870652892,0.0,-1.0,-1.0,0.33050248965970275
