target_id,prot_ps,prot_acf,prot_cs,e_prot_ps,E_prot_ps,e_prot_acf,E_prot_acf,e_prot_cs,E_prot_cs,sph_ps,sph_acf,sph_cs,h_ps,fa_prob_ps,hacf,gacf,hcs
12454674,73.04919105554627,-1.0,72.94813137844878,25.618932093447455,87.86547791970598,-1.0,-1.0,3.1967138673009274,3.1967138673009274,795.7429366716376,-1.0,795.4647214785892,0.11434705853730391,0.0,-1.0,-1.0,0.2388956674480039
