target_id,prot_ps,prot_acf,prot_cs,e_prot_ps,E_prot_ps,e_prot_acf,E_prot_acf,e_prot_cs,E_prot_cs,sph_ps,sph_acf,sph_cs,h_ps,fa_prob_ps,hacf,gacf,hcs
12406784,74.87861888759478,-1.0,95.84281532563267,26.467168572364713,92.54404538510889,-1.0,-1.0,21.447321936034257,21.447321936034257,413.13519533031166,-1.0,414.33017809057014,0.09277554396951439,0.0,-1.0,-1.0,0.39193816860977915
