target_id,prot_ps,prot_acf,prot_cs,e_prot_ps,E_prot_ps,e_prot_acf,E_prot_acf,e_prot_cs,E_prot_cs,sph_ps,sph_acf,sph_cs,h_ps,fa_prob_ps,hacf,gacf,hcs
12506035,91.31172522216924,-1.0,91.31129504473859,0.9039243294717636,0.9221838670390525,-1.0,-1.0,3.958655703302257,3.958655703302257,516.6635113413513,-1.0,516.6635113413513,0.1074179770337371,0.0,-1.0,-1.0,0.18901203584857382
