target_id,prot_ps,prot_acf,prot_cs,e_prot_ps,E_prot_ps,e_prot_acf,E_prot_acf,e_prot_cs,E_prot_cs,sph_ps,sph_acf,sph_cs,h_ps,fa_prob_ps,hacf,gacf,hcs
12598744,46.76833407413323,52.943633910268545,52.4618080177158,13.825819073710171,33.3421052176501,-1.0,-1.0,7.680093765312385,7.680093765312385,454.96523743129745,454.96523743129745,454.96523743129745,0.35618693282708513,0.0,0.30045669080530585,0.6808082043475635,0.9031145874500865
