target_id,prot_ps,prot_acf,prot_cs,e_prot_ps,E_prot_ps,e_prot_acf,E_prot_acf,e_prot_cs,E_prot_cs,sph_ps,sph_acf,sph_cs,h_ps,fa_prob_ps,hacf,gacf,hcs
12553312,21.805735343658824,-1.0,91.97066938219366,0.21503239618334646,0.21936763247229862,-1.0,-1.0,3.820884594880144,3.820884594880144,2021.765840806801,-1.0,2062.2318079865777,0.09759797934732277,0.0,-1.0,-1.0,0.12106899528045162
