target_id,prot_ps,prot_acf,prot_cs,e_prot_ps,E_prot_ps,e_prot_acf,E_prot_acf,e_prot_cs,E_prot_cs,sph_ps,sph_acf,sph_cs,h_ps,fa_prob_ps,hacf,gacf,hcs
12645715,60.87439320127066,34.532902147620916,28.341295828241858,18.841834566888643,48.66796601461094,-1.0,-1.0,1.8914031879439315,1.8914031879439315,877.5088455416408,884.3719391717041,870.9319015110675,0.05829769223682098,0.0,-0.34797937498834564,0.05007636998898837,0.16902194800316744
