target_id,prot_ps,prot_acf,prot_cs,e_prot_ps,E_prot_ps,e_prot_acf,E_prot_acf,e_prot_cs,E_prot_cs,sph_ps,sph_acf,sph_cs,h_ps,fa_prob_ps,hacf,gacf,hcs
12600831,45.99914358321916,-1.0,91.24545494484423,14.7569633495151,40.45251899608476,-1.0,-1.0,5.992583546254527,5.992583546254527,256.0619914405204,-1.0,259.6750234195128,0.15030150337925421,0.0,-1.0,-1.0,0.2761046381992034
