target_id,prot_ps,prot_acf,prot_cs,e_prot_ps,E_prot_ps,e_prot_acf,E_prot_acf,e_prot_cs,E_prot_cs,sph_ps,sph_acf,sph_cs,h_ps,fa_prob_ps,hacf,gacf,hcs
12644614,73.59843115948155,-1.0,73.16427708802983,3.0188794284778027,3.2916121438749713,-1.0,-1.0,3.6591427151835334,3.6591427151835334,419.4694979479783,-1.0,420.0020883705087,0.0806813280258672,0.0,-1.0,-1.0,0.5572672264232802
