target_id,prot_ps,prot_acf,prot_cs,e_prot_ps,E_prot_ps,e_prot_acf,E_prot_acf,e_prot_cs,E_prot_cs,sph_ps,sph_acf,sph_cs,h_ps,fa_prob_ps,hacf,gacf,hcs
12647815,10.43560709156473,10.319000482559204,10.457885547498492,0.1527354708584081,0.15733524001368338,-1.0,-1.0,0.15301009816049402,0.15301009816049402,4727.46786690262,4738.331619401345,4721.75396628209,0.26254556207755786,0.0,0.5075147797144443,0.9130422355850796,0.5319972710241108
