target_id,prot_ps,prot_acf,prot_cs,e_prot_ps,E_prot_ps,e_prot_acf,E_prot_acf,e_prot_cs,E_prot_cs,sph_ps,sph_acf,sph_cs,h_ps,fa_prob_ps,hacf,gacf,hcs
12737258,40.58293061119072,-1.0,68.88088272199967,0.5164257291499581,0.5298857703096971,-1.0,-1.0,4.3414395437406865,4.3414395437406865,2135.4959939366513,-1.0,2182.683761439409,0.14686104121726173,0.0,-1.0,-1.0,0.4171978722651979
