target_id,prot_ps,prot_acf,prot_cs,e_prot_ps,E_prot_ps,e_prot_acf,E_prot_acf,e_prot_cs,E_prot_cs,sph_ps,sph_acf,sph_cs,h_ps,fa_prob_ps,hacf,gacf,hcs
12834663,89.96611993722136,-1.0,99.00047735466623,20.677067867167068,38.59534578013039,-1.0,-1.0,12.2225096703132,12.2225096703132,1084.6710349116906,-1.0,1084.6710349116906,0.2802461541223585,0.0,-1.0,-1.0,0.4217185772970237
