target_id,prot_ps,prot_acf,prot_cs,e_prot_ps,E_prot_ps,e_prot_acf,E_prot_acf,e_prot_cs,E_prot_cs,sph_ps,sph_acf,sph_cs,h_ps,fa_prob_ps,hacf,gacf,hcs
12834290,52.6923114298245,-1.0,74.1201400653273,19.73688145510298,76.39462602375048,-1.0,-1.0,8.976415808568136,8.976415808568136,528.6320312639177,-1.0,530.2608083890408,0.07947534904767421,0.0,-1.0,-1.0,0.08767364785453262
