target_id,prot_ps,prot_acf,prot_cs,e_prot_ps,E_prot_ps,e_prot_acf,E_prot_acf,e_prot_cs,E_prot_cs,sph_ps,sph_acf,sph_cs,h_ps,fa_prob_ps,hacf,gacf,hcs
002,17.35386547133024,19.22209920018213,19.621124424186036,4.362277077857232,8.6848936797224,-1.0,-1.0,2.083304025937923,2.083304025937923,130.5301991300816,131.0317101980902,131.43854966000853,0.08386558531512751,0.0,0.19972500478451694,0.5857929011664355,0.7905349346156348
