target_id,prot_ps,prot_acf,prot_cs,e_prot_ps,E_prot_ps,e_prot_acf,E_prot_acf,e_prot_cs,E_prot_cs,sph_ps,sph_acf,sph_cs,h_ps,fa_prob_ps,hacf,gacf,hcs
005,43.3846636783256,30.728970000291156,43.675592834905615,0.8268836408979396,0.8593119424268139,-1.0,-1.0,2.1050430479240814,2.1050430479240814,675.4304708559056,607.2450630889603,672.0313350422906,0.1997773869218399,0.0,-0.08395798443390867,0.27637069465639286,2.8552261155799585
