target_id,prot_ps,prot_acf,prot_cs,e_prot_ps,E_prot_ps,e_prot_acf,E_prot_acf,e_prot_cs,E_prot_cs,sph_ps,sph_acf,sph_cs,h_ps,fa_prob_ps,hacf,gacf,hcs
008,43.3846636783256,33.034510800313,43.334843551175105,1.4923031079997457,1.603733698714855,-1.0,-1.0,2.41938451809159,2.41938451809159,268.79261126390395,263.37123719498265,269.0749888056276,0.2745728659759136,0.0,-0.21289589235528245,0.22312355472572246,1.1932265601596077
