target_id,prot_ps,prot_acf,prot_cs,e_prot_ps,E_prot_ps,e_prot_acf,E_prot_acf,e_prot_cs,E_prot_cs,sph_ps,sph_acf,sph_cs,h_ps,fa_prob_ps,hacf,gacf,hcs
009,36.534453623853146,34.333113600325305,36.16914351634271,6.795070415825016,10.884325997081895,-1.0,-1.0,4.092183110101061,4.092183110101061,144.73689867751327,144.79538645544574,144.4141725278543,0.018787689167981406,0.0,0.3668799001221368,0.788692043582479,0.9263508761589296
