target_id,prot_ps,prot_acf,prot_cs,e_prot_ps,E_prot_ps,e_prot_acf,E_prot_acf,e_prot_cs,E_prot_cs,sph_ps,sph_acf,sph_cs,h_ps,fa_prob_ps,hacf,gacf,hcs
013,22.3920844791358,24.020679600227595,22.647702276214584,4.462619987251497,7.371396387742308,-1.0,-1.0,2.9053260419305444,2.9053260419305444,358.85683733268314,355.8004505972242,355.99927798658354,0.027469652497536176,0.0,0.4200956249410695,0.8822785121734836,0.89527149787443
