target_id,prot_ps,prot_acf,prot_cs,e_prot_ps,E_prot_ps,e_prot_acf,E_prot_acf,e_prot_cs,E_prot_cs,sph_ps,sph_acf,sph_cs,h_ps,fa_prob_ps,hacf,gacf,hcs
015,17.35386547133024,22.020692400208645,21.911912598844907,5.338458736374042,13.656656427214251,-1.0,-1.0,1.0129246953524356,1.0129246953524356,236.73601429112435,238.78861983430522,237.65652978446704,0.05442472484975143,0.0,0.20960859563865902,0.5807479837577815,0.738273181173828
