target_id,prot_ps,prot_acf,prot_cs,e_prot_ps,E_prot_ps,e_prot_acf,E_prot_acf,e_prot_cs,E_prot_cs,sph_ps,sph_acf,sph_cs,h_ps,fa_prob_ps,hacf,gacf,hcs
017,34.70773094266048,34.83311040033004,35.083247688332406,0.8654267636768225,0.9103724913614499,-1.0,-1.0,1.960937680008796,1.960937680008796,1218.4440103961108,1217.642245582796,1216.6526913019839,0.3928342706557041,0.0,0.917282724145322,1.8308935566605127,0.997220132619658
