target_id,prot_ps,prot_acf,prot_cs,e_prot_ps,E_prot_ps,e_prot_acf,E_prot_acf,e_prot_cs,E_prot_cs,sph_ps,sph_acf,sph_cs,h_ps,fa_prob_ps,hacf,gacf,hcs
020,43.3846636783256,45.64554120043249,43.878608064415744,5.844542850703114,7.970570509788544,-1.0,-1.0,7.192817884029571,7.192817884029571,183.43500816641304,180.64729496779327,182.72575229625082,0.1527329662053164,0.0,0.6813199262790272,1.312327356758047,0.9362584574077394
