target_id,prot_ps,prot_acf,prot_cs,e_prot_ps,E_prot_ps,e_prot_acf,E_prot_acf,e_prot_cs,E_prot_cs,sph_ps,sph_acf,sph_cs,h_ps,fa_prob_ps,hacf,gacf,hcs
021,10.060211867437822,9.812437200092972,10.074228486569643,0.6386063906495618,0.7304095836012525,-1.0,-1.0,0.7621035030868196,0.7621035030868196,191.53954312215768,192.31176936510678,191.43798425548601,0.09040379139438956,0.0,0.1998341550966848,0.6644938355420538,0.7466323432619999
