target_id,prot_ps,prot_acf,prot_cs,e_prot_ps,E_prot_ps,e_prot_acf,E_prot_acf,e_prot_cs,E_prot_cs,sph_ps,sph_acf,sph_cs,h_ps,fa_prob_ps,hacf,gacf,hcs
026,11.018327283384282,10.909652400103369,11.123956584105397,0.4813368563057381,0.527052008114957,-1.0,-1.0,0.8516671579010884,0.8516671579010884,1356.5784684189484,1329.783706001812,1177.651861134841,0.19780786804491088,0.0,0.5788622790588663,1.1904466285309068,0.9716836406795415
