target_id,prot_ps,prot_acf,prot_cs,e_prot_ps,E_prot_ps,e_prot_acf,E_prot_acf,e_prot_cs,E_prot_cs,sph_ps,sph_acf,sph_cs,h_ps,fa_prob_ps,hacf,gacf,hcs
027,43.3846636783256,33.23589840031491,43.70948504894153,1.444245859227216,1.5461575059963124,-1.0,-1.0,2.32622198101572,2.32622198101572,816.7712982201894,806.6834730022024,813.3350825650518,0.2474559305340438,0.0,-0.14144316859356773,0.26376350848968266,1.3728851149922512
