target_id,prot_ps,prot_acf,prot_cs,e_prot_ps,E_prot_ps,e_prot_acf,E_prot_acf,e_prot_cs,E_prot_cs,sph_ps,sph_acf,sph_cs,h_ps,fa_prob_ps,hacf,gacf,hcs
028,43.3846636783256,31.833129600301618,43.566696583582576,0.6041755258767267,0.6213428765910578,-1.0,-1.0,2.056037995573923,2.056037995573923,619.4331541688839,605.4643558083192,618.3481994940254,0.21190033449635276,0.0,-0.20898650609296535,0.40829067267748664,1.597165334407033
