target_id,prot_ps,prot_acf,prot_cs,e_prot_ps,E_prot_ps,e_prot_acf,E_prot_acf,e_prot_cs,E_prot_cs,sph_ps,sph_acf,sph_cs,h_ps,fa_prob_ps,hacf,gacf,hcs
030,40.83262463842409,37.84003560035853,40.83891350144066,5.274348955662518,7.136403104902264,-1.0,-1.0,1.720909189839293,1.720909189839293,746.8685119767073,720.9191238723489,746.89155968345,0.3706530119696501,0.0,0.7281456280825391,0.9543952594176701,0.9233261708286344
