target_id,prot_ps,prot_acf,prot_cs,e_prot_ps,E_prot_ps,e_prot_acf,E_prot_acf,e_prot_cs,E_prot_cs,sph_ps,sph_acf,sph_cs,h_ps,fa_prob_ps,hacf,gacf,hcs
031,11.765332522935758,11.708258400110935,11.832226147697462,0.15412886404967985,0.15823319680921522,-1.0,-1.0,0.32184049118721925,0.32184049118721925,1150.9951937179665,1147.1828154790567,1146.0997431732796,0.3410259030331405,0.0,0.8012537382279326,1.6288335918958254,0.8997212528887946
