target_id,prot_ps,prot_acf,prot_cs,e_prot_ps,E_prot_ps,e_prot_acf,E_prot_acf,e_prot_cs,E_prot_cs,sph_ps,sph_acf,sph_cs,h_ps,fa_prob_ps,hacf,gacf,hcs
034,23.93636616735206,24.5276208002324,23.964123458655635,6.329434649339369,13.28503408535093,-1.0,-1.0,0.5698438110362357,0.5698438110362357,250.7595858978099,248.73731117214663,250.74122814764758,0.05706682859683312,0.0,0.35928532585334266,0.7984279012947804,0.9689788177785842
