target_id,prot_ps,prot_acf,prot_cs,e_prot_ps,E_prot_ps,e_prot_acf,E_prot_acf,e_prot_cs,E_prot_cs,sph_ps,sph_acf,sph_cs,h_ps,fa_prob_ps,hacf,gacf,hcs
036,53.396509142554585,48.7496880004619,52.820286948500474,1.7537860811677248,1.8757717869441421,-1.0,-1.0,8.683773510217572,8.683773510217572,315.82374359840816,307.2179536348201,314.35906815796585,0.12419384169879945,0.0,0.6599109465200261,1.1174165024505573,0.8628773658673277
