target_id,prot_ps,prot_acf,prot_cs,e_prot_ps,E_prot_ps,e_prot_acf,E_prot_acf,e_prot_cs,E_prot_cs,sph_ps,sph_acf,sph_cs,h_ps,fa_prob_ps,hacf,gacf,hcs
037,16.143130671004872,16.319340000154625,16.279131924154242,1.5508578550322518,1.9151524964806406,-1.0,-1.0,1.3201920393416282,1.3201920393416282,348.90137438130455,357.4166667054624,356.4584020565814,0.18752956586507188,0.0,0.6244697858565048,1.319663144443053,0.9883304211544739
