target_id,prot_ps,prot_acf,prot_cs,e_prot_ps,E_prot_ps,e_prot_acf,E_prot_acf,e_prot_cs,E_prot_cs,sph_ps,sph_acf,sph_cs,h_ps,fa_prob_ps,hacf,gacf,hcs
038,27.766184754128385,28.32620760026839,28.006279092265356,3.449330248468346,4.574532097899429,-1.0,-1.0,2.709590293741887,2.709590293741887,1249.2415766113734,1243.361058611613,1248.3305599286489,0.25354117735128473,0.0,0.6114965203360505,1.2436210611607672,0.9610174091878831
