target_id,prot_ps,prot_acf,prot_cs,e_prot_ps,E_prot_ps,e_prot_acf,E_prot_acf,e_prot_cs,E_prot_cs,sph_ps,sph_acf,sph_cs,h_ps,fa_prob_ps,hacf,gacf,hcs
039,46.27697459021399,42.944169600406894,22.89360348021692,3.561657938489404,4.217311274317176,-1.0,-1.0,1.4880772608278567,1.4880772608278567,403.0173035123942,376.65041937024756,395.47441916327756,0.11202484341294089,0.0,-0.028444650756209514,0.171811015279828,4.48934962488695
