target_id,prot_ps,prot_acf,prot_cs,e_prot_ps,E_prot_ps,e_prot_acf,E_prot_acf,e_prot_cs,E_prot_cs,sph_ps,sph_acf,sph_cs,h_ps,fa_prob_ps,hacf,gacf,hcs
044,33.054981850152835,29.326201200277865,32.70416569230988,6.333904902627285,10.33376146436619,-1.0,-1.0,5.492723894876112,5.492723894876112,870.8249051172568,824.0358214831518,878.1710357736825,0.1750807664304067,0.0,0.5025932712233347,1.0274187502262226,0.7085240027292437
