target_id,prot_ps,prot_acf,prot_cs,e_prot_ps,E_prot_ps,e_prot_acf,E_prot_acf,e_prot_cs,E_prot_cs,sph_ps,sph_acf,sph_cs,h_ps,fa_prob_ps,hacf,gacf,hcs
045,19.28207274592249,19.22209920018213,19.512514008184876,0.4887035057572042,0.5145238756836292,-1.0,-1.0,0.9319957648695348,0.9319957648695348,587.8611419118736,586.7457286324212,600.9403005006549,0.2564838179868015,0.0,0.7154493326754705,1.4788862074375684,0.9718494454790755
