target_id,prot_ps,prot_acf,prot_cs,e_prot_ps,E_prot_ps,e_prot_acf,E_prot_acf,e_prot_cs,E_prot_cs,sph_ps,sph_acf,sph_cs,h_ps,fa_prob_ps,hacf,gacf,hcs
050,33.054981850152835,32.430348000307276,33.24951886230849,3.8973483433844684,5.115759217788558,-1.0,-1.0,1.5042330294168729,1.5042330294168729,191.02870220768557,189.47329865779682,190.84082071729713,0.21683534013822092,0.0,0.6899949419158383,1.3788975966040933,0.9811310792839298
