target_id,prot_ps,prot_acf,prot_cs,e_prot_ps,E_prot_ps,e_prot_acf,E_prot_acf,e_prot_cs,E_prot_cs,sph_ps,sph_acf,sph_cs,h_ps,fa_prob_ps,hacf,gacf,hcs
052,31.55248267514589,31.72896360030063,31.849865604301613,3.8991551260986306,5.172023282695456,-1.0,-1.0,4.502463846010286,4.502463846010286,132.477042518404,132.7862776479009,133.28468284706634,0.18537226017087385,0.0,0.6891227951468026,1.374504565772743,0.9868225754261762
