target_id,prot_ps,prot_acf,prot_cs,e_prot_ps,E_prot_ps,e_prot_acf,E_prot_acf,e_prot_cs,E_prot_cs,sph_ps,sph_acf,sph_cs,h_ps,fa_prob_ps,hacf,gacf,hcs
054,31.55248267514589,30.333139200287405,31.219175196295804,1.2686338589692276,1.380778393672287,-1.0,-1.0,1.6469663372520529,1.6469663372520529,672.7446920458752,653.5493663573194,638.2677611764365,0.379546851017265,0.0,0.9035507860166591,1.8048181951563689,0.9655519866199459
