target_id,prot_ps,prot_acf,prot_cs,e_prot_ps,E_prot_ps,e_prot_acf,E_prot_acf,e_prot_cs,E_prot_cs,sph_ps,sph_acf,sph_cs,h_ps,fa_prob_ps,hacf,gacf,hcs
057,31.55248267514589,32.53451400030826,31.700199388046727,0.33881550089874324,0.3462031617958701,-1.0,-1.0,1.1271728250168298,1.1271728250168298,345.90188891736796,350.8952155169979,347.87603016890995,0.15447918395195817,0.0,0.345442126336228,0.7513482963766684,0.9664397620640534
