target_id,prot_ps,prot_acf,prot_cs,e_prot_ps,E_prot_ps,e_prot_acf,E_prot_acf,e_prot_cs,E_prot_cs,sph_ps,sph_acf,sph_cs,h_ps,fa_prob_ps,hacf,gacf,hcs
058,43.3846636783256,33.43034160031675,43.666279447032885,1.8784931077820985,2.0546396959431874,-1.0,-1.0,2.4298283483607896,2.4298283483607896,303.1322447627246,299.10473497409595,301.9408984632842,0.09932935083839192,0.0,-0.09133837443909415,0.1803348645731137,1.741380927421721
