target_id,prot_ps,prot_acf,prot_cs,e_prot_ps,E_prot_ps,e_prot_acf,E_prot_acf,e_prot_cs,E_prot_cs,sph_ps,sph_acf,sph_cs,h_ps,fa_prob_ps,hacf,gacf,hcs
064,43.3846636783256,41.84001000039643,43.255964593082396,1.3487287991553885,1.4391001521677609,-1.0,-1.0,2.0888554064036615,2.0888554064036615,454.63893154723155,463.9403760817974,456.2160554906231,0.6237292967805698,0.0,0.9240004773987842,1.8253499919491918,0.961821810881416
