target_id,prot_ps,prot_acf,prot_cs,e_prot_ps,E_prot_ps,e_prot_acf,E_prot_acf,e_prot_cs,E_prot_cs,sph_ps,sph_acf,sph_cs,h_ps,fa_prob_ps,hacf,gacf,hcs
066,694.1546188532096,32.73590160031017,31.849865604301772,64.275403335065,78.7050799454696,-1.0,-1.0,8.563581092767484,8.563581092767484,616.5909806363288,585.343177675338,588.7552259614163,0.08033824515142225,0.0,0.4970574528660664,0.4179148077587881,0.8480850903549375
