target_id,prot_ps,prot_acf,prot_cs,e_prot_ps,E_prot_ps,e_prot_acf,E_prot_acf,e_prot_cs,E_prot_cs,sph_ps,sph_acf,sph_cs,h_ps,fa_prob_ps,hacf,gacf,hcs
067,10.67930182851092,22.124858400209632,10.903680216103314,0.3231856322085811,0.34404560973900544,-1.0,-1.0,0.5462114811979775,0.5462114811979775,628.4700933182729,623.9071928794998,632.8422841703086,0.13172990980546836,0.0,-0.2949967790842875,0.23214829528489206,0.7285485288985637
