target_id,prot_ps,prot_acf,prot_cs,e_prot_ps,E_prot_ps,e_prot_acf,E_prot_acf,e_prot_cs,E_prot_cs,sph_ps,sph_acf,sph_cs,h_ps,fa_prob_ps,hacf,gacf,hcs
071,43.3846636783256,30.527582400289248,43.47373390409658,0.4331982444298461,0.44198736116325676,-1.0,-1.0,1.8948702677879157,1.8948702677879157,846.186276525491,738.4652260762201,845.0057492555958,0.2637688964028649,0.0,-0.11036878102810464,0.3290424745446735,2.4700756201483487
