target_id,prot_ps,prot_acf,prot_cs,e_prot_ps,E_prot_ps,e_prot_acf,E_prot_acf,e_prot_cs,E_prot_cs,sph_ps,sph_acf,sph_cs,h_ps,fa_prob_ps,hacf,gacf,hcs
079,26.698254571277293,26.62482960025227,26.996285556255785,0.8765943068538036,0.9375441653407712,-1.0,-1.0,1.3381886222566837,1.3381886222566837,1187.792426411347,1184.3168935820925,1202.0461358144519,0.3652922907490995,0.0,0.8225919141885538,1.6143006083904992,0.9936875752075167
