target_id,prot_ps,prot_acf,prot_cs,e_prot_ps,E_prot_ps,e_prot_acf,E_prot_acf,e_prot_cs,E_prot_cs,sph_ps,sph_acf,sph_cs,h_ps,fa_prob_ps,hacf,gacf,hcs
081,43.3846636783256,31.228966800295893,43.607964275537434,0.6139096106389275,0.6316429939845278,-1.0,-1.0,1.9722149582838588,1.9722149582838588,719.8644103476396,719.9607558811543,718.1942566238146,0.23292322391741538,0.0,-0.12510993221206768,0.3522822117958425,2.3511464202106085
