target_id,prot_ps,prot_acf,prot_cs,e_prot_ps,E_prot_ps,e_prot_acf,E_prot_acf,e_prot_cs,E_prot_cs,sph_ps,sph_acf,sph_cs,h_ps,fa_prob_ps,hacf,gacf,hcs
082,43.3846636783256,34.53450120032721,43.14922179155218,1.540280817617493,1.65927726735935,-1.0,-1.0,2.525933196013324,2.525933196013324,326.44095983278424,325.854196510817,327.1936632227184,0.19431962551990184,0.0,-0.1688633739942084,0.15186015414196474,0.8930090304515192
