target_id,prot_ps,prot_acf,prot_cs,e_prot_ps,E_prot_ps,e_prot_acf,E_prot_acf,e_prot_cs,E_prot_cs,sph_ps,sph_acf,sph_cs,h_ps,fa_prob_ps,hacf,gacf,hcs
084,30.180635602313465,29.833142400282668,30.013213466895955,4.2122311884849495,5.86601298433273,-1.0,-1.0,1.3109722889636644,1.3109722889636644,566.2909323835543,560.0480293885248,562.7885097219697,0.3002984868779271,0.0,0.578941675496541,1.1836715205238508,0.9765149702882292
