target_id,prot_ps,prot_acf,prot_cs,e_prot_ps,E_prot_ps,e_prot_acf,E_prot_acf,e_prot_cs,E_prot_cs,sph_ps,sph_acf,sph_cs,h_ps,fa_prob_ps,hacf,gacf,hcs
086,30.180635602313465,30.333139200287405,30.13176706368726,2.4253315851049493,2.884715672355224,-1.0,-1.0,1.2114013390846643,1.2114013390846643,326.01001417205,330.08437243081187,325.6437350038233,0.25144904633869564,0.0,0.7501665451953523,1.4799786135383677,0.9722058998044238
