target_id,prot_ps,prot_acf,prot_cs,e_prot_ps,E_prot_ps,e_prot_acf,E_prot_acf,e_prot_cs,E_prot_cs,sph_ps,sph_acf,sph_cs,h_ps,fa_prob_ps,hacf,gacf,hcs
088,28.923109118883737,30.430360800288327,43.708646068414964,0.5857635327982464,0.6102338054196252,-1.0,-1.0,2.1580361909091166,2.1580361909091166,445.30182359997855,420.0814552881096,478.5367946063631,0.1843294364638629,0.0,-0.07501238266958336,0.33375888454413416,3.46666210929665
