target_id,prot_ps,prot_acf,prot_cs,e_prot_ps,E_prot_ps,e_prot_acf,E_prot_acf,e_prot_cs,E_prot_cs,sph_ps,sph_acf,sph_cs,h_ps,fa_prob_ps,hacf,gacf,hcs
091,43.3846636783256,31.72896360030063,43.81196355630462,1.214004692664858,1.2852119182542552,-1.0,-1.0,2.2732410167032784,2.2732410167032784,818.1140939010005,830.5289024512264,813.2184657951208,0.20223464982348388,0.0,-0.1002987710258511,0.26683285614975627,2.2752751606068844
