target_id,prot_ps,prot_acf,prot_cs,e_prot_ps,E_prot_ps,e_prot_acf,E_prot_acf,e_prot_cs,E_prot_cs,sph_ps,sph_acf,sph_cs,h_ps,fa_prob_ps,hacf,gacf,hcs
099,27.766184754128385,32.83312320031109,30.53126293228928,6.994146090940692,13.95343333719002,-1.0,-1.0,6.33030004383731,6.33030004383731,685.1127114459616,683.3377160896373,692.5886457638464,0.14728100243116518,0.0,0.47890459795066065,0.9710571688971013,0.616257540097136
