target_id,prot_ps,prot_acf,prot_cs,e_prot_ps,E_prot_ps,e_prot_acf,E_prot_acf,e_prot_cs,E_prot_cs,sph_ps,sph_acf,sph_cs,h_ps,fa_prob_ps,hacf,gacf,hcs
100,43.3846636783256,34.333113600325305,15.57073368014753,1.1032719769199701,1.1617686540445362,-1.0,-1.0,2.2317405328034603,2.2317405328034603,421.0511434202679,418.06739092581046,403.70286850953937,0.1033636560408124,0.0,-0.36129970650704624,0.25671637519893487,1.4127672108339349
