target_id,prot_ps,prot_acf,prot_cs,e_prot_ps,E_prot_ps,e_prot_acf,E_prot_acf,e_prot_cs,E_prot_cs,sph_ps,sph_acf,sph_cs,h_ps,fa_prob_ps,hacf,gacf,hcs
101,13.883092377064193,13.513802400128043,13.793698363464568,1.7077864821564699,2.2724557690312075,-1.0,-1.0,1.2325715196309106,1.2325715196309106,540.6590031494237,543.0972281856855,541.1823377023953,0.09539535080227433,0.0,0.5797289757372267,1.2241494429305522,0.9730967457601386
