target_id,prot_ps,prot_acf,prot_cs,e_prot_ps,E_prot_ps,e_prot_acf,E_prot_acf,e_prot_cs,E_prot_cs,sph_ps,sph_acf,sph_cs,h_ps,fa_prob_ps,hacf,gacf,hcs
102,18.760935644681343,18.617936400176404,18.76888528043715,3.0300250130397934,4.454505042903357,-1.0,-1.0,0.40437259084597843,0.40437259084597843,795.4882167529594,798.5092350402654,795.315820502503,0.2898267092648338,0.0,0.43729926340459835,1.0181659297394956,0.9300017921233492
