target_id,prot_ps,prot_acf,prot_cs,e_prot_ps,E_prot_ps,e_prot_acf,E_prot_acf,e_prot_cs,E_prot_cs,sph_ps,sph_acf,sph_cs,h_ps,fa_prob_ps,hacf,gacf,hcs
104,23.93636616735206,23.423461200221936,24.134878343379384,2.4905831745419356,3.1449328708019593,-1.0,-1.0,0.8931725225501532,0.8931725225501532,1197.1496906006148,1196.2157831384836,1195.1065570071842,0.11376996490969186,0.0,0.5759934007441704,1.1637103598875425,0.9771940771003681
