target_id,prot_ps,prot_acf,prot_cs,e_prot_ps,E_prot_ps,e_prot_acf,E_prot_acf,e_prot_cs,E_prot_cs,sph_ps,sph_acf,sph_cs,h_ps,fa_prob_ps,hacf,gacf,hcs
105,43.3846636783256,14.513796000137518,18.53488137617562,1.4253473519195126,1.5245177737043534,-1.0,-1.0,6.90628929213727,6.90628929213727,1309.8430956872223,1275.1094091848947,1301.9911715564297,0.06803073384506989,0.0,-0.4432878688754761,0.02214510346914328,0.8509846356220252
