target_id,prot_ps,prot_acf,prot_cs,e_prot_ps,E_prot_ps,e_prot_acf,E_prot_acf,e_prot_cs,E_prot_cs,sph_ps,sph_acf,sph_cs,h_ps,fa_prob_ps,hacf,gacf,hcs
110,43.3846636783256,30.22897320028642,43.580320010406645,0.43360911747182485,0.44241080480827577,-1.0,-1.0,1.9339686487359204,1.9339686487359204,608.5851166512172,556.9011514840792,607.5658961765695,0.17927388590791968,0.0,-0.08322562640607026,0.37532511852410866,3.267743772156988
