target_id,prot_ps,prot_acf,prot_cs,e_prot_ps,E_prot_ps,e_prot_acf,E_prot_acf,e_prot_cs,E_prot_cs,sph_ps,sph_acf,sph_cs,h_ps,fa_prob_ps,hacf,gacf,hcs
113,28.923109118883737,31.4303544002978,43.4326618532279,9.427614213187574,26.585842781431943,-1.0,-1.0,2.176230742369108,2.176230742369108,751.4001788411473,786.5361177482649,789.3381284754392,0.21046750590219218,0.0,-0.19927595705953946,0.5779778978231338,1.576403945708701
