target_id,prot_ps,prot_acf,prot_cs,e_prot_ps,E_prot_ps,e_prot_acf,E_prot_acf,e_prot_cs,E_prot_cs,sph_ps,sph_acf,sph_cs,h_ps,fa_prob_ps,hacf,gacf,hcs
114,36.534453623853146,34.631722800328134,36.73170797236366,4.06059517615337,5.236176661597213,-1.0,-1.0,2.0322676506005304,2.0322676506005304,710.6168545121017,726.7438210525106,710.4192046854913,0.27126452794416933,0.0,0.691321781741099,1.3485249948147704,0.9444454834311171
