target_id,prot_ps,prot_acf,prot_cs,e_prot_ps,E_prot_ps,e_prot_acf,E_prot_acf,e_prot_cs,E_prot_cs,sph_ps,sph_acf,sph_cs,h_ps,fa_prob_ps,hacf,gacf,hcs
115,26.698254571277293,26.42344200025036,26.996285556255785,3.028835766597272,3.9292810256238617,-1.0,-1.0,1.1686564053160091,1.1686564053160091,746.044777852207,751.2325038553022,748.7746539577632,0.29594846146867765,0.0,0.6538454551205181,1.340874405807087,0.9831468818992615
