target_id,prot_ps,prot_acf,prot_cs,e_prot_ps,E_prot_ps,e_prot_acf,E_prot_acf,e_prot_cs,E_prot_cs,sph_ps,sph_acf,sph_cs,h_ps,fa_prob_ps,hacf,gacf,hcs
118,12.395618193807316,34.43727960032629,12.533739228118755,0.32234101837234164,0.33983890799651206,-1.0,-1.0,0.6456802472505497,0.6456802472505497,872.5605755639219,921.7226849058279,863.13821588051,0.10297120110544371,0.0,-0.11988199041721635,0.37672836496852447,4.280939414344707
