target_id,prot_ps,prot_acf,prot_cs,e_prot_ps,E_prot_ps,e_prot_acf,E_prot_acf,e_prot_cs,E_prot_cs,sph_ps,sph_acf,sph_cs,h_ps,fa_prob_ps,hacf,gacf,hcs
119,24.79123638761463,24.92345160023615,24.796814862536888,1.2749832131446617,1.4195328176830202,-1.0,-1.0,0.8593472665771656,0.8593472665771656,924.8575219961843,923.9856841809782,924.8490779261197,0.3359196391409638,0.0,0.7025689232200181,1.4256961611898908,0.9704254801838027
