target_id,prot_ps,prot_acf,prot_cs,e_prot_ps,E_prot_ps,e_prot_acf,E_prot_acf,e_prot_cs,E_prot_cs,sph_ps,sph_acf,sph_cs,h_ps,fa_prob_ps,hacf,gacf,hcs
120,28.923109118883737,43.1455572004088,43.878608064415744,5.515908254313537,8.972355076557399,-1.0,-1.0,3.255711859320856,3.255711859320856,176.19363503750984,176.81131478211503,176.505943518515,0.07335030132724199,0.0,0.4118455115773582,0.717977771551002,0.6680653064506719
