target_id,prot_ps,prot_acf,prot_cs,e_prot_ps,E_prot_ps,e_prot_acf,E_prot_acf,e_prot_cs,E_prot_cs,sph_ps,sph_acf,sph_cs,h_ps,fa_prob_ps,hacf,gacf,hcs
121,16.143130671004872,18.020718000170746,18.534881376922257,4.541543532392028,10.252554555196976,-1.0,-1.0,1.9423018441038582,1.9423018441038582,225.58298534233458,227.7125196267059,225.46162031812932,0.12210887581634962,0.0,0.10983562845535397,0.47189754998110656,0.5297887643132656
