target_id,prot_ps,prot_acf,prot_cs,e_prot_ps,E_prot_ps,e_prot_acf,E_prot_acf,e_prot_cs,E_prot_cs,sph_ps,sph_acf,sph_cs,h_ps,fa_prob_ps,hacf,gacf,hcs
123,11.1960422395679,10.006880400094815,10.33416771084511,2.1202555890409105,3.4338259285720127,-1.0,-1.0,1.0903103162019592,1.0903103162019592,279.9922538941497,268.2571547329768,274.601453896848,0.0743182540780881,0.0,0.33425454785329967,0.8138656895918519,0.8455630363718566
