target_id,prot_ps,prot_acf,prot_cs,e_prot_ps,E_prot_ps,e_prot_acf,E_prot_acf,e_prot_cs,E_prot_cs,sph_ps,sph_acf,sph_cs,h_ps,fa_prob_ps,hacf,gacf,hcs
124,36.534453623853146,35.33310720033478,36.16914351634271,9.618617591203215,20.544525011808766,-1.0,-1.0,3.243611363224736,3.243611363224736,202.49841702425513,201.01910744278902,202.04209212601157,0.07114725966234924,0.0,0.5029172966840949,1.0425992760723284,0.9781026799324849
