target_id,prot_ps,prot_acf,prot_cs,e_prot_ps,E_prot_ps,e_prot_acf,E_prot_acf,e_prot_cs,E_prot_cs,sph_ps,sph_acf,sph_cs,h_ps,fa_prob_ps,hacf,gacf,hcs
126,15.090317801156733,14.31240840013561,14.96677921214181,1.6459866461393258,2.111140231627191,-1.0,-1.0,0.8003811659286849,0.8003811659286849,2227.5521857816234,2211.589963781387,2229.4942124688555,0.25751043872754675,0.0,0.5981307781529978,1.2995402869337918,0.8574589621034386
