target_id,prot_ps,prot_acf,prot_cs,e_prot_ps,E_prot_ps,e_prot_acf,E_prot_acf,e_prot_cs,E_prot_cs,sph_ps,sph_acf,sph_cs,h_ps,fa_prob_ps,hacf,gacf,hcs
128,34.70773094266048,33.735895200319646,34.69482399296962,5.711078052242364,8.554466286843684,-1.0,-1.0,1.2008551167112544,1.2008551167112544,140.72984167246466,141.84048994880246,140.73020089545136,0.17930984594602423,0.0,0.5530752727053059,1.128879935524105,0.9681664402401575
