target_id,prot_ps,prot_acf,prot_cs,e_prot_ps,E_prot_ps,e_prot_acf,E_prot_acf,e_prot_cs,E_prot_cs,sph_ps,sph_acf,sph_cs,h_ps,fa_prob_ps,hacf,gacf,hcs
131,43.3846636783256,31.93035120030254,43.35734019399008,0.4303538124828208,0.43905607113754286,-1.0,-1.0,1.8214542895336396,1.8214542895336396,346.1673291931705,352.2463754097475,346.23540898847205,0.23899009255293566,0.0,-0.1810399235111004,0.2591903290414697,1.1792032421116005
