target_id,prot_ps,prot_acf,prot_cs,e_prot_ps,E_prot_ps,e_prot_acf,E_prot_acf,e_prot_cs,E_prot_cs,sph_ps,sph_acf,sph_cs,h_ps,fa_prob_ps,hacf,gacf,hcs
134,24.79123638761463,31.833129600301618,16.578629761454753,0.24489117112673497,0.24983266772018808,-1.0,-1.0,0.339524045422111,0.339524045422111,209.73931826407997,215.13862213177418,212.58664202508493,0.08193783725610941,0.0,-0.36326099568045267,0.4520192828825798,1.3046332646585965
