target_id,prot_ps,prot_acf,prot_cs,e_prot_ps,E_prot_ps,e_prot_acf,E_prot_acf,e_prot_cs,E_prot_cs,sph_ps,sph_acf,sph_cs,h_ps,fa_prob_ps,hacf,gacf,hcs
135,46.27697459021399,46.944144000444794,47.217197808447374,4.235428042446287,5.172829707746388,-1.0,-1.0,5.00141977087253,5.00141977087253,400.69412153571994,402.1187466645653,402.56497380792433,0.08808616308654944,0.0,0.5874146206712839,0.9223298395308079,0.9985678429568633
