target_id,prot_ps,prot_acf,prot_cs,e_prot_ps,E_prot_ps,e_prot_acf,E_prot_acf,e_prot_cs,E_prot_cs,sph_ps,sph_acf,sph_cs,h_ps,fa_prob_ps,hacf,gacf,hcs
145,46.27697459021399,46.14553800043723,46.411167794644946,2.4886786773144536,2.785253123677336,-1.0,-1.0,2.7067605440972327,2.7067605440972327,244.20116636947327,244.11484852506715,244.273010315527,0.20448768464643557,0.0,0.5937798539365032,1.0762066677624669,0.9924045522899199
