target_id,prot_ps,prot_acf,prot_cs,e_prot_ps,E_prot_ps,e_prot_acf,E_prot_acf,e_prot_cs,E_prot_cs,sph_ps,sph_acf,sph_cs,h_ps,fa_prob_ps,hacf,gacf,hcs
149,34.70773094266048,33.63172920031866,34.388529912325836,6.046195429100855,9.328969578015581,-1.0,-1.0,2.328514360414472,2.328514360414472,1082.3491676420874,1090.1016586355247,1080.208589139736,0.22224046666456182,0.0,0.6126311327574161,1.2050270329694182,0.9676102831687764
