target_id,prot_ps,prot_acf,prot_cs,e_prot_ps,E_prot_ps,e_prot_acf,E_prot_acf,e_prot_cs,E_prot_cs,sph_ps,sph_acf,sph_cs,h_ps,fa_prob_ps,hacf,gacf,hcs
152,36.534453623853146,36.13865760034241,36.58046655066851,4.955059492556515,6.824836870260299,-1.0,-1.0,4.503527490264036,4.503527490264036,234.1274537679402,234.64863457585994,234.04199073312458,0.08608330502209656,0.0,0.5622197778401025,1.143477848487286,0.9968622978821524
