target_id,prot_ps,prot_acf,prot_cs,e_prot_ps,E_prot_ps,e_prot_acf,E_prot_acf,e_prot_cs,E_prot_cs,sph_ps,sph_acf,sph_cs,h_ps,fa_prob_ps,hacf,gacf,hcs
158,11.765332522935758,11.611036800110014,11.79148742788539,0.6841959936723949,0.7732286771895698,-1.0,-1.0,0.5484751742613013,0.5484751742613013,737.6747300182442,743.723120393024,736.5091290620982,0.18546132958049563,0.0,0.4869997624136387,1.135279929142621,0.87109889670689
