target_id,prot_ps,prot_acf,prot_cs,e_prot_ps,E_prot_ps,e_prot_acf,E_prot_acf,e_prot_cs,E_prot_cs,sph_ps,sph_acf,sph_cs,h_ps,fa_prob_ps,hacf,gacf,hcs
162,30.180635602313465,30.728970000291156,30.171864134996397,4.933635064433872,7.33594889252544,-1.0,-1.0,1.439459822157338,1.439459822157338,296.2136719481955,299.11525905464975,296.15052030819595,0.16632972299358334,0.0,0.40522831972716467,0.8259000744333358,0.9651657031092272
