target_id,prot_ps,prot_acf,prot_cs,e_prot_ps,E_prot_ps,e_prot_acf,E_prot_acf,e_prot_cs,E_prot_cs,sph_ps,sph_acf,sph_cs,h_ps,fa_prob_ps,hacf,gacf,hcs
163,31.55248267514589,5.506909200052178,33.89353308032115,4.728323135019927,6.723191763978807,-1.0,-1.0,4.004109475658104,4.004109475658104,783.9937944668885,733.345421418382,769.5130765453565,0.0355630130236528,0.0,0.2509937133112661,0.3602359602080496,0.5964384280969125
