target_id,prot_ps,prot_acf,prot_cs,e_prot_ps,E_prot_ps,e_prot_acf,E_prot_acf,e_prot_cs,E_prot_cs,sph_ps,sph_acf,sph_cs,h_ps,fa_prob_ps,hacf,gacf,hcs
164,34.70773094266048,5.506909200052178,34.97804002833141,7.4988286785683655,13.105069024292717,-1.0,-1.0,4.773789818898898,4.773789818898898,719.7062824400939,690.6632612055495,720.0784734241822,0.031753877879636634,0.0,0.31857699128722816,0.42605090806794815,0.7299482787355902
