target_id,prot_ps,prot_acf,prot_cs,e_prot_ps,E_prot_ps,e_prot_acf,E_prot_acf,e_prot_cs,E_prot_cs,sph_ps,sph_acf,sph_cs,h_ps,fa_prob_ps,hacf,gacf,hcs
165,43.3846636783256,39.54141360037465,42.906600396406546,4.490571201236271,5.67767000800788,-1.0,-1.0,2.942453628757675,2.942453628757675,607.8733539997697,650.0070873133141,608.8221045293243,0.3593370079026931,0.0,0.7483889027005747,1.4531341374818207,0.8221992739175324
