target_id,prot_ps,prot_acf,prot_cs,e_prot_ps,E_prot_ps,e_prot_acf,E_prot_acf,e_prot_cs,E_prot_cs,sph_ps,sph_acf,sph_cs,h_ps,fa_prob_ps,hacf,gacf,hcs
166,27.766184754128385,29.027592000275035,28.104472908266285,2.217613133825207,2.6341748628603696,-1.0,-1.0,3.9048671397165107,3.9048671397165107,369.55453431901014,363.9102467059567,367.99619356191283,0.3073968079675366,0.0,0.8254975891938856,1.6320968951236645,0.9348618541223044
