target_id,prot_ps,prot_acf,prot_cs,e_prot_ps,E_prot_ps,e_prot_acf,E_prot_acf,e_prot_cs,E_prot_cs,sph_ps,sph_acf,sph_cs,h_ps,fa_prob_ps,hacf,gacf,hcs
170,33.054981850152835,32.034517200303526,32.74320148457927,1.5904965655888752,1.7617291110796671,-1.0,-1.0,2.1917244918226855,2.1917244918226855,873.4822672447906,861.2110702328661,873.7848416316523,0.3554323973932053,0.0,0.7454670119801061,1.4636639924086368,0.9759547460313661
