target_id,prot_ps,prot_acf,prot_cs,e_prot_ps,E_prot_ps,e_prot_acf,E_prot_acf,e_prot_cs,E_prot_cs,sph_ps,sph_acf,sph_cs,h_ps,fa_prob_ps,hacf,gacf,hcs
171,43.3846636783256,32.73590160031017,43.44383726777048,0.929764169160741,0.9718349379199154,-1.0,-1.0,2.13494094912371,2.13494094912371,668.37408284229,665.9780906626569,667.9370902568522,0.24047713382641328,0.0,-0.14482597055894175,0.27539517924257745,1.5879759703565985
