target_id,prot_ps,prot_acf,prot_cs,e_prot_ps,E_prot_ps,e_prot_acf,E_prot_acf,e_prot_cs,E_prot_cs,sph_ps,sph_acf,sph_cs,h_ps,fa_prob_ps,hacf,gacf,hcs
172,34.70773094266048,35.53449480033669,29.072811595866586,9.051296655364357,19.12736437484613,-1.0,-1.0,1.0346794124194134,1.0346794124194134,384.85144828289515,383.62245319611975,370.82078398218334,0.13664065911244686,0.0,-0.11943685150022583,0.4806569814176417,2.4561630195501096
