target_id,prot_ps,prot_acf,prot_cs,e_prot_ps,E_prot_ps,e_prot_acf,E_prot_acf,e_prot_cs,E_prot_cs,sph_ps,sph_acf,sph_cs,h_ps,fa_prob_ps,hacf,gacf,hcs
175,38.564145491844975,49.45107240046855,50.14898460047515,15.200573349831533,74.5893965681571,-1.0,-1.0,4.563763532295192,4.563763532295192,285.7016340388518,286.6524437906871,286.4442687065348,0.06529912894659255,0.0,0.1975653170099297,0.4916157509483914,0.23426963743880058
