target_id,prot_ps,prot_acf,prot_cs,e_prot_ps,E_prot_ps,e_prot_acf,E_prot_acf,e_prot_cs,E_prot_cs,sph_ps,sph_acf,sph_cs,h_ps,fa_prob_ps,hacf,gacf,hcs
178,10.8461659195814,10.513821600099618,10.92055510810347,0.8644801258481856,1.0264710420849994,-1.0,-1.0,0.6187247865385951,0.6187247865385951,369.55123042691287,367.6333460390918,370.0242862180637,0.1261824036939422,0.0,0.18297074346078665,0.6310806560648875,0.8030562199340515
