target_id,prot_ps,prot_acf,prot_cs,e_prot_ps,E_prot_ps,e_prot_acf,E_prot_acf,e_prot_cs,E_prot_cs,sph_ps,sph_acf,sph_cs,h_ps,fa_prob_ps,hacf,gacf,hcs
179,18.26722681192657,17.61794280016693,18.207636316810156,3.348418448143713,5.2560312879953734,-1.0,-1.0,0.4747539750940048,0.4747539750940048,282.11764575428265,282.1692567326248,282.40248671944073,0.25004361676360803,0.0,0.37874238726018805,0.943810693233804,0.8997478447028782
