target_id,prot_ps,prot_acf,prot_cs,e_prot_ps,E_prot_ps,e_prot_acf,E_prot_acf,e_prot_cs,E_prot_cs,sph_ps,sph_acf,sph_cs,h_ps,fa_prob_ps,hacf,gacf,hcs
182,28.923109118883737,28.728982800272206,28.92593772886577,1.21785264087557,1.3310668688248946,-1.0,-1.0,1.0254547426260479,1.0254547426260479,281.2949111390611,281.1850386821683,281.2971302341935,0.06540391096789702,0.0,0.5028453635692028,1.0455028029399447,0.9945439423086415
