target_id,prot_ps,prot_acf,prot_cs,e_prot_ps,E_prot_ps,e_prot_acf,E_prot_acf,e_prot_cs,E_prot_cs,sph_ps,sph_acf,sph_cs,h_ps,fa_prob_ps,hacf,gacf,hcs
183,5.689791957813194,5.604130800053099,5.704687977085525,0.3238142250429821,0.36524910281026646,-1.0,-1.0,0.0734169951761661,0.0734169951761661,656.6140708523036,655.28231379422,654.2516474124461,0.2035815133459083,0.0,0.5632335933854027,0.9471514588341987,0.6335326960252793
