target_id,prot_ps,prot_acf,prot_cs,e_prot_ps,E_prot_ps,e_prot_acf,E_prot_acf,e_prot_cs,E_prot_cs,sph_ps,sph_acf,sph_cs,h_ps,fa_prob_ps,hacf,gacf,hcs
186,15.090317801156733,15.013792800142255,15.269138388144674,1.0853525525424494,1.2655830521306495,-1.0,-1.0,0.9876366942407404,0.9876366942407404,699.8645693396978,695.0242133609008,699.2163833850838,0.2870650990153126,0.0,0.6271329398870744,1.3522415616426215,0.9175031637860045
