target_id,prot_ps,prot_acf,prot_cs,e_prot_ps,E_prot_ps,e_prot_acf,E_prot_acf,e_prot_cs,E_prot_cs,sph_ps,sph_acf,sph_cs,h_ps,fa_prob_ps,hacf,gacf,hcs
193,31.55248267514589,28.930370400274114,31.219175196295804,7.277413020147751,13.625621384340405,-1.0,-1.0,1.657578307876701,1.657578307876701,755.7538889340562,752.2349406980586,741.8691946043415,0.18828362921991112,0.0,0.5791681146705507,1.2008085218024753,0.8562767772740008
