target_id,prot_ps,prot_acf,prot_cs,e_prot_ps,E_prot_ps,e_prot_acf,E_prot_acf,e_prot_cs,E_prot_cs,sph_ps,sph_acf,sph_cs,h_ps,fa_prob_ps,hacf,gacf,hcs
195,27.766184754128385,48.346912800458085,49.76205691810174,0.2749149503327395,0.28046881057926143,-1.0,-1.0,6.3128817847878365,6.3128817847878365,273.1999928285606,276.41046142712884,278.88169573122053,0.16036614152934694,0.0,0.6417475108451555,1.2214742820433488,0.7106787268951328
