target_id,prot_ps,prot_acf,prot_cs,e_prot_ps,E_prot_ps,e_prot_acf,E_prot_acf,e_prot_cs,E_prot_cs,sph_ps,sph_acf,sph_cs,h_ps,fa_prob_ps,hacf,gacf,hcs
196,17.35386547133024,15.513789600146993,15.774956959334565,2.804818429385797,4.16443283486775,-1.0,-1.0,1.7524229114928453,1.7524229114928453,610.0051204036334,591.936082862077,593.0439488577172,0.12222095978057347,0.0,0.5756204936522695,1.2349771218132426,0.8733406767184038
