target_id,prot_ps,prot_acf,prot_cs,e_prot_ps,E_prot_ps,e_prot_acf,E_prot_acf,e_prot_cs,E_prot_cs,sph_ps,sph_acf,sph_cs,h_ps,fa_prob_ps,hacf,gacf,hcs
199,31.55248267514589,30.833136000292143,16.811049628542875,0.9699082253230458,1.0330535578848874,-1.0,-1.0,3.8970190890579364,3.8970190890579364,413.44878211449344,404.38334752885913,396.8773958841824,0.016189013107160775,0.0,-0.01150478621298884,0.3225505703193705,22.557748494946647
