target_id,prot_ps,prot_acf,prot_cs,e_prot_ps,E_prot_ps,e_prot_acf,E_prot_acf,e_prot_cs,E_prot_cs,sph_ps,sph_acf,sph_cs,h_ps,fa_prob_ps,hacf,gacf,hcs
200,23.93636616735206,22.9234644002172,23.68422342022441,2.68390071388864,3.469793318080658,-1.0,-1.0,1.993780445110312,1.993780445110312,388.4846731785724,388.0227871384259,389.17875764100063,0.19802601049805407,0.0,0.738768003890686,1.5087143373225744,0.9512209106156526
