target_id,prot_ps,prot_acf,prot_cs,e_prot_ps,E_prot_ps,e_prot_acf,E_prot_acf,e_prot_cs,E_prot_cs,sph_ps,sph_acf,sph_cs,h_ps,fa_prob_ps,hacf,gacf,hcs
202,11.569243647553497,10.409655600098631,29.59631608643344,4.143890035294836,14.249943179131638,-1.0,-1.0,1.3684675092887786,1.3684675092887786,255.21558589076093,252.77960055201027,262.8316496958437,0.06349027015895958,0.0,0.05120125287041852,0.41551503487410224,0.7821380696182988
