target_id,prot_ps,prot_acf,prot_cs,e_prot_ps,E_prot_ps,e_prot_acf,E_prot_acf,e_prot_cs,E_prot_cs,sph_ps,sph_acf,sph_cs,h_ps,fa_prob_ps,hacf,gacf,hcs
203,31.55248267514589,27.93037680026464,29.21967410427685,7.319389637844065,13.773517488298637,-1.0,-1.0,3.1001455384467484,3.1001455384467484,799.0995954733203,851.1308153949747,840.4180093076217,0.1892559411862786,0.0,0.6691063552027744,1.3374575018091228,0.9235300352310433
