target_id,prot_ps,prot_acf,prot_cs,e_prot_ps,E_prot_ps,e_prot_acf,E_prot_acf,e_prot_cs,E_prot_cs,sph_ps,sph_acf,sph_cs,h_ps,fa_prob_ps,hacf,gacf,hcs
205,38.564145491844975,36.13865760034241,38.156005800361534,4.99964012174474,6.773501248886205,-1.0,-1.0,3.139191933199923,3.139191933199923,529.8849638191512,524.0657001092179,532.872811989708,0.2501924004717836,0.0,0.8118963215525072,1.5750424811488113,0.9139364173505514
