target_id,prot_ps,prot_acf,prot_cs,e_prot_ps,E_prot_ps,e_prot_acf,E_prot_acf,e_prot_cs,E_prot_cs,sph_ps,sph_acf,sph_cs,h_ps,fa_prob_ps,hacf,gacf,hcs
209,11.37958391562639,11.013818400104356,11.238952670316726,0.5388997382365357,0.5955747400466471,-1.0,-1.0,0.5585508232205948,0.5585508232205948,669.8167948943462,679.0416736989841,658.9849994798592,0.15323789730722395,0.0,0.5068816785111923,1.1322824338827169,0.9251016950075357
