target_id,prot_ps,prot_acf,prot_cs,e_prot_ps,E_prot_ps,e_prot_acf,E_prot_acf,e_prot_cs,E_prot_cs,sph_ps,sph_acf,sph_cs,h_ps,fa_prob_ps,hacf,gacf,hcs
212,36.534453623853146,33.937282800321555,36.16914351634271,7.613786094840524,13.149170387159685,-1.0,-1.0,5.928124880983249,5.928124880983249,571.9877275604588,551.4947448252356,569.545529679832,0.13599609141029864,0.0,0.5578369937177883,0.7484154385942114,0.9303090619394537
