target_id,prot_ps,prot_acf,prot_cs,e_prot_ps,E_prot_ps,e_prot_acf,E_prot_acf,e_prot_cs,E_prot_cs,sph_ps,sph_acf,sph_cs,h_ps,fa_prob_ps,hacf,gacf,hcs
215,15.090317801156733,13.111027200124227,36.36720517789064,5.697754167550201,22.574491026119425,-1.0,-1.0,1.3159330267645448,1.3159330267645448,462.13670808149504,462.25327888877547,474.58979465639686,0.044282497445359885,0.0,0.03047649633747531,0.38020374847404015,1.40039613625119
