target_id,prot_ps,prot_acf,prot_cs,e_prot_ps,E_prot_ps,e_prot_acf,E_prot_acf,e_prot_cs,E_prot_cs,sph_ps,sph_acf,sph_cs,h_ps,fa_prob_ps,hacf,gacf,hcs
218,6.036127120462692,6.104127600057836,6.2465466464418675,0.6235971706073071,0.7839605305467856,-1.0,-1.0,0.6444895048325578,0.6444895048325578,812.8692419202667,811.544037148584,816.2360230378143,0.0897188612758194,0.0,0.49458726227715294,0.8737509749192678,0.5248068895031185
