target_id,prot_ps,prot_acf,prot_cs,e_prot_ps,E_prot_ps,e_prot_acf,E_prot_acf,e_prot_cs,E_prot_cs,sph_ps,sph_acf,sph_cs,h_ps,fa_prob_ps,hacf,gacf,hcs
221,38.564145491844975,29.72897640028168,29.21967410427685,0.38172481934336133,0.3894354230439063,-1.0,-1.0,4.889164908786134,4.889164908786134,550.3643664080581,543.8793710603943,547.6559790034286,0.10711461992347668,0.0,0.42917485171807207,0.8833946625064941,0.9579603360977684
