target_id,prot_ps,prot_acf,prot_cs,e_prot_ps,E_prot_ps,e_prot_acf,E_prot_acf,e_prot_cs,E_prot_cs,sph_ps,sph_acf,sph_cs,h_ps,fa_prob_ps,hacf,gacf,hcs
224,33.054981850152835,33.23589840031491,33.36485590831612,4.420568334123505,6.017942348023347,-1.0,-1.0,2.0830768476115895,2.0830768476115895,262.5160607577473,261.85367188271135,262.08036813032896,0.1550008464897259,0.0,0.6750719920905874,1.354102276836635,0.9875408828008139
