target_id,prot_ps,prot_acf,prot_cs,e_prot_ps,E_prot_ps,e_prot_acf,E_prot_acf,e_prot_cs,E_prot_cs,sph_ps,sph_acf,sph_cs,h_ps,fa_prob_ps,hacf,gacf,hcs
226,36.534453623853146,34.53450120032721,36.58837958129892,8.164460736148335,14.882771008647786,-1.0,-1.0,3.4694423571690094,3.4694423571690094,323.5241442579387,317.8217342870172,323.7625520655569,0.19580312611623776,0.0,0.5844754020969237,1.163047158994,0.9416319186260858
