target_id,prot_ps,prot_acf,prot_cs,e_prot_ps,E_prot_ps,e_prot_acf,E_prot_acf,e_prot_cs,E_prot_cs,sph_ps,sph_acf,sph_cs,h_ps,fa_prob_ps,hacf,gacf,hcs
227,46.27697459021399,45.74276280043341,46.71220104044259,2.8070851204120686,3.1990663187272332,-1.0,-1.0,3.295922062463068,3.295922062463068,1839.9948167444563,1837.5999043966374,1840.5911131475575,0.4357977785384679,0.0,0.6325409054586505,1.1384575621734045,0.9904775646611866
