target_id,prot_ps,prot_acf,prot_cs,e_prot_ps,E_prot_ps,e_prot_acf,E_prot_acf,e_prot_cs,E_prot_cs,sph_ps,sph_acf,sph_cs,h_ps,fa_prob_ps,hacf,gacf,hcs
228,12.178151207951048,12.01381200011383,12.093047604114583,0.8819935006159927,1.0296445500630167,-1.0,-1.0,0.5796681217239325,0.5796681217239325,150.27426202034346,150.42072402192483,150.32179935932302,0.1260790308612254,0.0,0.21285781953799504,0.7188228026968101,0.8208309935906779
