target_id,prot_ps,prot_acf,prot_cs,e_prot_ps,E_prot_ps,e_prot_acf,E_prot_acf,e_prot_cs,E_prot_cs,sph_ps,sph_acf,sph_cs,h_ps,fa_prob_ps,hacf,gacf,hcs
229,18.760935644681343,29.527588800279773,30.433069116288348,4.855339736446849,9.958139483693397,-1.0,-1.0,3.8330167404201982,3.8330167404201982,528.9746868396716,530.5063752134627,512.4193893357988,0.11714307080039248,0.0,0.5544834547850112,1.2315642149484878,0.6108237856753759
