target_id,prot_ps,prot_acf,prot_cs,e_prot_ps,E_prot_ps,e_prot_acf,E_prot_acf,e_prot_cs,E_prot_cs,sph_ps,sph_acf,sph_cs,h_ps,fa_prob_ps,hacf,gacf,hcs
230,43.3846636783256,31.833129600301618,43.608974518950525,0.6393174262146246,0.6585550001679223,-1.0,-1.0,1.944977920914429,1.944977920914429,778.7148535672746,769.2971701901242,776.5655194441912,0.2695626228354253,0.0,-0.16818316772040293,0.2778329151036623,1.4886877362939601
