target_id,prot_ps,prot_acf,prot_cs,e_prot_ps,E_prot_ps,e_prot_acf,E_prot_acf,e_prot_cs,E_prot_cs,sph_ps,sph_acf,sph_cs,h_ps,fa_prob_ps,hacf,gacf,hcs
235,28.923109118883737,31.027579200293985,30.32245991820587,3.3351968878784923,4.32198805475592,-1.0,-1.0,2.029432258383967,2.029432258383967,657.4680417784909,614.161305500367,628.3414309623917,0.20444614350532653,0.0,0.5693803588743251,1.1731036049717631,0.9389607159842653
