target_id,prot_ps,prot_acf,prot_cs,e_prot_ps,E_prot_ps,e_prot_acf,E_prot_acf,e_prot_cs,E_prot_cs,sph_ps,sph_acf,sph_cs,h_ps,fa_prob_ps,hacf,gacf,hcs
237,22.3920844791358,22.520689200213383,22.41181132128452,6.790595981275779,16.995710539066952,-1.0,-1.0,0.7211546357759774,0.7211546357759774,826.2288005936756,830.744953174254,826.0889057979588,0.13556525308648526,0.0,0.14023994438657125,0.4666402106076094,0.9651051127728145
