target_id,prot_ps,prot_acf,prot_cs,e_prot_ps,E_prot_ps,e_prot_acf,E_prot_acf,e_prot_cs,E_prot_cs,sph_ps,sph_acf,sph_cs,h_ps,fa_prob_ps,hacf,gacf,hcs
244,31.55248267514589,32.83312320031109,31.278888800263,4.2850541047652015,5.861091235072021,-1.0,-1.0,1.5809753455947044,1.5809753455947044,145.77404817077004,147.00503593784597,145.30920008057063,0.12874327447104061,0.0,0.6229167620778924,1.053847747049466,0.9681925331803767
