target_id,prot_ps,prot_acf,prot_cs,e_prot_ps,E_prot_ps,e_prot_acf,E_prot_acf,e_prot_cs,E_prot_cs,sph_ps,sph_acf,sph_cs,h_ps,fa_prob_ps,hacf,gacf,hcs
248,15.776241337572948,30.333139200287405,15.65842235923143,5.339649858454143,16.188297638471376,-1.0,-1.0,4.098610668273104,4.098610668273104,421.3315212557777,422.7011121137672,425.49318724463933,0.0902828408537012,0.0,-0.24917685551586818,0.42380733770545553,2.350963699600296
