target_id,prot_ps,prot_acf,prot_cs,e_prot_ps,E_prot_ps,e_prot_acf,E_prot_acf,e_prot_cs,E_prot_cs,sph_ps,sph_acf,sph_cs,h_ps,fa_prob_ps,hacf,gacf,hcs
251,20.416312319212047,19.722096000186866,20.21924559619158,4.512525776943612,8.024129694853663,-1.0,-1.0,1.5967379271422302,1.5967379271422302,184.40346090710787,184.56779834027182,184.36393427793865,0.16062476528623446,0.0,0.290614470995549,0.7789516221015894,0.9498995732975021
