target_id,prot_ps,prot_acf,prot_cs,e_prot_ps,E_prot_ps,e_prot_acf,E_prot_acf,e_prot_cs,E_prot_cs,sph_ps,sph_acf,sph_cs,h_ps,fa_prob_ps,hacf,gacf,hcs
253,17.35386547133024,18.72210240017739,17.49252693616574,4.008041990679109,7.385373479057115,-1.0,-1.0,2.2550338318127325,2.2550338318127325,163.17369743705171,165.17282580113832,163.0166657317448,0.07876088383809116,0.0,0.23503089833539684,0.6191692430947979,0.8220785850787978
